SERIAL,provinsi,kota,cabang,panel,gender,usia,usia_group,lama_nasabah,frekuensi_transaksi,status_nikah,jumlah_anak,pendidikan,pekerjaan,pengeluaran,penghasilan,nps_num,csi_num,loyalty_num,nps_segment,emotion_positive_score,emotion_negative_score,emotion_net,customer_segment,lama_num,frek_num,ovr_operasional,ovr_parkir,ovr_banking_hall,ovr_toilet,ovr_sekuriti,ovr_teller,ovr_cs,T_I1A_2_num,T_I1A_5_num,T_I1A_8_num,T_I1A_11_num,T_I1A_14_num,T_I1A_17_num,T_I1A_20_num,T_I1A_23_num,T_I1A_26_num,T_I1A_29_num,T_I1A_32_num,T_I1A_35_num,T_I1A_38_num,T_I1A_41_num,T_I1A_44_num,T_I1A_47_num
197513878,DKI Jakarta,Jakarta Selatan,Jakarta Selatan 1,CS (KUOTA 50%),Pria,26,26 - 30 tahun,5 tahun atau lebih,1 minggu 2 kali atau lebih,Belum menikah,Tidak memiliki anak,Sarjana (S1),Pegawai/Karyawan Swasta,C1 : Rp. 1.500.001 - Rp. 2.000.000,Rp. 4.500.000 - Rp 6.000.000,10.0,6.0,6.0,Promoter,6.0,1.0,5.0,Loyal Champion,4.0,3.0,6.0,6.0,6.0,6.0,6.0,6.0,6.0,6.0,6.0,6.0,6.0,6.0,6.0,6.0,6.0,6.0,1.0,1.0,1.0,1.0,1.0,1.0,1.0
197518398,DKI Jakarta,Jakarta Timur,Jakarta Timur 1,Teller (KUOTA 50%),Pria,43,41 - 45 tahun,5 tahun atau lebih,1 minggu sekali,Menikah,3 anak,SLTA,Lainnya,A1 : Rp. 4.500.000 - Rp 6.000.000,Rp 10.500.0001 - Rp 15.000.000,10.0,6.0,6.0,Promoter,6.0,1.0,5.0,Satisfied,4.0,,6.0,6.0,6.0,6.0,6.0,6.0,,6.0,6.0,6.0,6.0,6.0,6.0,6.0,6.0,6.0,1.0,1.0,1.0,1.0,1.0,1.0,1.0
197544291,DKI Jakarta,Jakarta Timur,Jakarta Timur 1,Teller (KUOTA 50%),Pria,30,26 - 30 tahun,5 tahun atau lebih,2 minggu sekali,Menikah,2 anak,SLTA,Pegawai/Karyawan Swasta,A1 : Rp. 4.500.000 - Rp 6.000.000,Rp 9.000.001- Rp 10.500.000,10.0,6.0,6.0,Promoter,6.0,1.0,5.0,Satisfied,4.0,,6.0,6.0,6.0,6.0,6.0,6.0,,6.0,6.0,6.0,6.0,6.0,6.0,6.0,6.0,6.0,1.0,1.0,1.0,1.0,1.0,1.0,1.0
197564967,Jawa Tengah,Tegal,Tegal 1,CS (KUOTA 50%),Wanita,25,20 - 25 tahun,3 tahun s/d 4 tahun 11 bulan,1 minggu 2 kali atau lebih,Belum menikah,Tidak memiliki anak,Sarjana (S1),Lainnya,B : Rp. 2.000.001 - Rp. 3.000.000,Rp 7.500.001- Rp 9.000.000,10.0,6.0,6.0,Promoter,5.888888888888889,1.4285714285714286,4.4603174603174605,Unknown,,3.0,6.0,6.0,6.0,6.0,6.0,,6.0,6.0,6.0,6.0,6.0,6.0,6.0,5.0,6.0,6.0,2.0,1.0,1.0,1.0,1.0,1.0,3.0
197565141,Banten,Serang,Serang 1,Teller (KUOTA 50%),Pria,44,41 - 45 tahun,5 tahun atau lebih,1 minggu 2 kali atau lebih,Menikah,1 anak,SLTA,Pegawai/Karyawan Swasta,B : Rp. 2.000.001 - Rp. 3.000.000,Rp. 3.000.001 - Rp. 4.500.000,10.0,6.0,6.0,Promoter,6.0,1.4285714285714286,4.571428571428571,Loyal Champion,4.0,3.0,5.0,6.0,6.0,6.0,6.0,6.0,5.0,6.0,6.0,6.0,6.0,6.0,6.0,6.0,6.0,6.0,1.0,2.0,2.0,2.0,1.0,1.0,1.0
197566293,DKI Jakarta,Jakarta Barat,Jakarta Barat 1,Teller (KUOTA 50%),Wanita,50,46 - 50 tahun,5 tahun atau lebih,2 minggu sekali,Menikah,2 anak,Sarjana (S1),Pegawai/Karyawan Swasta,A1.4 : Rp 10.500.0001 - Rp 15.000.000,Rp 10.500.0001 - Rp 15.000.000,8.0,5.0,5.0,Passive,4.888888888888889,4.714285714285714,0.17460317460317487,Passive,4.0,,5.0,5.0,4.0,5.0,5.0,5.0,,5.0,5.0,5.0,5.0,5.0,5.0,5.0,5.0,4.0,5.0,5.0,5.0,5.0,4.0,4.0,5.0
197566386,Banten,Serang,Serang 1,Teller (KUOTA 50%),Wanita,20,20 - 25 tahun,3 tahun s/d 4 tahun 11 bulan,1 minggu sekali,Belum menikah,Tidak memiliki anak,SLTA,Mahasiswa/i,B : Rp. 2.000.001 - Rp. 3.000.000,Rp. 2.000.001 - Rp. 3.000.000,9.0,6.0,6.0,Promoter,6.0,1.0,5.0,Unknown,,,6.0,6.0,6.0,6.0,6.0,6.0,,6.0,6.0,6.0,6.0,6.0,6.0,6.0,6.0,6.0,1.0,1.0,1.0,1.0,1.0,1.0,1.0
197566478,Sumatera Utara,Medan,Medan 1,CS (KUOTA 50%),Wanita,49,46 - 50 tahun,3 tahun s/d 4 tahun 11 bulan,1 bulan sekali,Menikah,Tidak memiliki anak,Sarjana (S1),Pegawai/Karyawan Swasta,A2 : Rp. 3.000.001 - Rp. 4.500.000,Rp. 4.500.000 - Rp 6.000.000,6.0,6.0,6.0,Detractor,6.0,1.0,5.0,Unknown,,,6.0,6.0,6.0,6.0,6.0,,6.0,6.0,6.0,6.0,6.0,6.0,6.0,6.0,6.0,6.0,1.0,1.0,1.0,1.0,1.0,1.0,1.0
197567174,Jawa Timur,Surabaya,Surabaya 1,CS (KUOTA 50%),Wanita,39,36 - 40 tahun,5 tahun atau lebih,1 bulan sekali,Menikah,2 anak,Sarjana (S1),Pegawai/Karyawan Swasta,A1 : Rp. 4.500.000 - Rp 6.000.000,Rp. 4.500.000 - Rp 6.000.000,9.0,6.0,6.0,Promoter,5.888888888888889,1.1428571428571428,4.746031746031747,Satisfied,4.0,,6.0,6.0,6.0,6.0,6.0,6.0,6.0,6.0,6.0,6.0,6.0,6.0,6.0,6.0,5.0,6.0,1.0,1.0,1.0,1.0,1.0,1.0,2.0
197567182,Banten,Cilegon,Cilegon 1,Teller (KUOTA 50%),Pria,47,46 - 50 tahun,3 tahun s/d 4 tahun 11 bulan,1 minggu 2 kali atau lebih,Menikah,2 anak,SLTA,Wiraswasta/Pengusaha/Pedagang,A1.1 : Rp 6.000.001 - Rp 7.500.000,Rp 7.500.001- Rp 9.000.000,6.0,5.0,4.0,Detractor,4.666666666666667,3.142857142857143,1.5238095238095242,Unknown,,3.0,6.0,6.0,6.0,6.0,5.0,5.0,,4.0,5.0,5.0,5.0,5.0,5.0,4.0,4.0,5.0,3.0,3.0,3.0,2.0,2.0,5.0,4.0
197568725,Banten,Cilegon,Cilegon 1,CS (KUOTA 50%),Wanita,36,36 - 40 tahun,3 tahun s/d 4 tahun 11 bulan,1 minggu 2 kali atau lebih,Duda / Janda,3 anak,SLTA,Tenaga Honorer,B : Rp. 2.000.001 - Rp. 3.000.000,Rp. 3.000.001 - Rp. 4.500.000,10.0,6.0,6.0,Promoter,6.0,1.0,5.0,Unknown,,3.0,6.0,6.0,6.0,6.0,6.0,6.0,6.0,6.0,6.0,6.0,6.0,6.0,6.0,6.0,6.0,6.0,1.0,1.0,1.0,1.0,1.0,1.0,1.0
197569025,Banten,Cilegon,Cilegon 2,Teller (KUOTA 50%),Pria,33,31 - 35 tahun,5 tahun atau lebih,1 minggu 2 kali atau lebih,Menikah,1 anak,SLTA,Pegawai/Karyawan Swasta,A2 : Rp. 3.000.001 - Rp. 4.500.000,Rp. 4.500.000 - Rp 6.000.000,10.0,6.0,6.0,Promoter,6.0,2.142857142857143,3.857142857142857,Loyal Champion,4.0,3.0,6.0,6.0,6.0,6.0,6.0,6.0,6.0,6.0,6.0,6.0,6.0,6.0,6.0,6.0,6.0,6.0,2.0,2.0,2.0,2.0,3.0,2.0,2.0
197569127,Sumatera Utara,Medan,Medan 1,Teller (KUOTA 50%),Wanita,30,26 - 30 tahun,5 tahun atau lebih,1 minggu sekali,Menikah,1 anak,Sarjana (S1),Pegawai/Karyawan Swasta,A1.4 : Rp 10.500.0001 - Rp 15.000.000,Rp 20.000.001 - Rp 25.000.000,10.0,6.0,6.0,Promoter,5.888888888888889,1.2857142857142858,4.603174603174604,Satisfied,4.0,,6.0,6.0,6.0,6.0,6.0,6.0,,6.0,6.0,6.0,6.0,6.0,6.0,6.0,6.0,5.0,1.0,1.0,1.0,2.0,1.0,1.0,2.0
197569425,Jawa Tengah,Tegal,Tegal 1,CS (KUOTA 50%),Pria,23,20 - 25 tahun,1 tahun s/d 2 tahun 11 bulan,1 minggu sekali,Belum menikah,Tidak memiliki anak,Sarjana (S1),Wiraswasta/Pengusaha/Pedagang,B : Rp. 2.000.001 - Rp. 3.000.000,Rp 6.000.001 - Rp 7.500.000,9.0,6.0,6.0,Promoter,6.0,1.0,5.0,Unknown,,,6.0,6.0,6.0,6.0,6.0,6.0,6.0,6.0,6.0,6.0,6.0,6.0,6.0,6.0,6.0,6.0,1.0,1.0,1.0,1.0,1.0,1.0,1.0
197570198,Banten,Cilegon,Cilegon 2,Teller (KUOTA 50%),Pria,23,20 - 25 tahun,1 tahun s/d 2 tahun 11 bulan,2 minggu sekali,Belum menikah,Tidak memiliki anak,SLTA,Pegawai/Karyawan Swasta,A2 : Rp. 3.000.001 - Rp. 4.500.000,Rp. 3.000.001 - Rp. 4.500.000,10.0,6.0,6.0,Promoter,6.0,2.4285714285714284,3.5714285714285716,Unknown,,,6.0,6.0,6.0,6.0,6.0,6.0,,6.0,6.0,6.0,6.0,6.0,6.0,6.0,6.0,6.0,2.0,2.0,2.0,3.0,3.0,2.0,3.0
197570204,DKI Jakarta,Jakarta Barat,Jakarta Barat 1,Teller (KUOTA 50%),Pria,50,46 - 50 tahun,5 tahun atau lebih,1 minggu 2 kali atau lebih,Menikah,2 anak,Sarjana (S1),Pegawai/Karyawan Swasta,A1.6 : Rp 20.000.001 - Rp 25.000.000,Di atas Rp 25.000.000,8.0,6.0,5.0,Passive,5.222222222222222,5.0,0.22222222222222232,Passive,4.0,3.0,5.0,5.0,5.0,5.0,6.0,5.0,,5.0,6.0,5.0,5.0,6.0,5.0,5.0,5.0,5.0,5.0,5.0,5.0,5.0,5.0,5.0,5.0
197570612,Banten,Serang,Serang 1,Teller (KUOTA 50%),Wanita,21,20 - 25 tahun,1 tahun s/d 2 tahun 11 bulan,1 bulan sekali,Belum menikah,Tidak memiliki anak,SLTA,Mahasiswa/i,B : Rp. 2.000.001 - Rp. 3.000.000,Menolak Memberikan Jawaban,10.0,6.0,6.0,Promoter,6.0,1.0,5.0,Unknown,,,6.0,6.0,6.0,6.0,6.0,6.0,6.0,6.0,6.0,6.0,6.0,6.0,6.0,6.0,6.0,6.0,1.0,1.0,1.0,1.0,1.0,1.0,1.0
197570877,Banten,Cilegon,Cilegon 1,Teller (KUOTA 50%),Pria,48,46 - 50 tahun,5 tahun atau lebih,1 minggu 2 kali atau lebih,Menikah,3 anak,SLTA,Pegawai Negeri Sipil (Bukan Guru),A1 : Rp. 4.500.000 - Rp 6.000.000,Rp 7.500.001- Rp 9.000.000,10.0,6.0,6.0,Promoter,6.0,1.7142857142857142,4.285714285714286,Loyal Champion,4.0,3.0,6.0,9.0,6.0,6.0,6.0,6.0,,6.0,6.0,6.0,6.0,6.0,6.0,6.0,6.0,6.0,1.0,1.0,1.0,1.0,1.0,1.0,6.0
197571250,Banten,Serang,Serang 1,CS (KUOTA 50%),Wanita,29,26 - 30 tahun,1 tahun s/d 2 tahun 11 bulan,1 minggu 2 kali atau lebih,Menikah,2 anak,SLTA,Ibu Rumah Tangga,A1 : Rp. 4.500.000 - Rp 6.000.000,Rp 9.000.001- Rp 10.500.000,10.0,6.0,6.0,Promoter,6.0,1.0,5.0,Unknown,,3.0,6.0,6.0,6.0,6.0,6.0,,6.0,6.0,6.0,6.0,6.0,6.0,6.0,6.0,6.0,6.0,1.0,1.0,1.0,1.0,1.0,1.0,1.0
197571251,Banten,Serang,Serang 1,Teller (KUOTA 50%),Pria,44,41 - 45 tahun,5 tahun atau lebih,1 minggu 2 kali atau lebih,Menikah,4 anak,SLTP,Pegawai/Karyawan Swasta,A1.1 : Rp 6.000.001 - Rp 7.500.000,Rp 7.500.001- Rp 9.000.000,10.0,6.0,6.0,Promoter,6.0,1.0,5.0,Loyal Champion,4.0,3.0,6.0,6.0,6.0,6.0,6.0,6.0,,6.0,6.0,6.0,6.0,6.0,6.0,6.0,6.0,6.0,1.0,1.0,1.0,1.0,1.0,1.0,1.0
197571252,Banten,Serang,Serang 1,CS (KUOTA 50%),Wanita,21,20 - 25 tahun,1 tahun s/d 2 tahun 11 bulan,1 minggu 2 kali atau lebih,Belum menikah,Tidak memiliki anak,SLTA,Mahasiswa/i,A1.3 : Rp 9.000.001- Rp 10.500.000,Rp 15.000.001- Rp 20.000.000,10.0,6.0,6.0,Promoter,6.0,1.0,5.0,Unknown,,3.0,6.0,6.0,6.0,6.0,6.0,6.0,6.0,6.0,6.0,6.0,6.0,6.0,6.0,6.0,6.0,6.0,1.0,1.0,1.0,1.0,1.0,1.0,1.0
197571764,Banten,Cilegon,Cilegon 2,Teller (KUOTA 50%),Wanita,20,20 - 25 tahun,1 tahun s/d 2 tahun 11 bulan,1 minggu 2 kali atau lebih,Belum menikah,Tidak memiliki anak,SLTP,Pegawai/Karyawan Swasta,B : Rp. 2.000.001 - Rp. 3.000.000,Rp. 2.000.001 - Rp. 3.000.000,10.0,6.0,6.0,Promoter,6.0,2.5714285714285716,3.4285714285714284,Unknown,,3.0,6.0,6.0,6.0,6.0,6.0,6.0,,6.0,6.0,6.0,6.0,6.0,6.0,6.0,6.0,6.0,3.0,2.0,3.0,2.0,3.0,3.0,2.0
197572933,Banten,Serang,Serang 1,CS (KUOTA 50%),Wanita,20,20 - 25 tahun,3 tahun s/d 4 tahun 11 bulan,1 minggu sekali,Belum menikah,Tidak memiliki anak,SLTA,Mahasiswa/i,C1 : Rp. 1.500.001 - Rp. 2.000.000,Rp. 2.000.001 - Rp. 3.000.000,10.0,6.0,6.0,Promoter,6.0,1.0,5.0,Unknown,,,6.0,6.0,6.0,6.0,6.0,6.0,6.0,6.0,6.0,6.0,6.0,6.0,6.0,6.0,6.0,6.0,1.0,1.0,1.0,1.0,1.0,1.0,1.0
197574415,DKI Jakarta,Jakarta Barat,Jakarta Barat 1,CS (KUOTA 50%),Wanita,38,36 - 40 tahun,1 tahun s/d 2 tahun 11 bulan,1 bulan sekali,Menikah,2 anak,Sarjana (S1),Lainnya,A1.4 : Rp 10.500.0001 - Rp 15.000.000,Di atas Rp 25.000.000,8.0,5.0,5.0,Passive,4.555555555555555,4.857142857142857,-0.3015873015873014,Unknown,,,5.0,5.0,5.0,5.0,5.0,,5.0,5.0,4.0,5.0,5.0,5.0,4.0,5.0,4.0,4.0,4.0,4.0,5.0,5.0,5.0,5.0,6.0
197580395,Bali,Denpasar,Denpasar 1,Teller (KUOTA 50%),Wanita,45,41 - 45 tahun,1 tahun s/d 2 tahun 11 bulan,2 minggu sekali,Menikah,2 anak,SLTA,Wiraswasta/Pengusaha/Pedagang,A2 : Rp. 3.000.001 - Rp. 4.500.000,Rp 10.500.0001 - Rp 15.000.000,8.0,6.0,5.0,Passive,5.111111111111111,3.2857142857142856,1.8253968253968251,Unknown,,,6.0,6.0,6.0,6.0,6.0,6.0,,5.0,5.0,5.0,6.0,5.0,5.0,5.0,4.0,6.0,2.0,5.0,5.0,1.0,2.0,5.0,3.0
197611864,Jawa Tengah,Semarang,Semarang 1,CS (KUOTA 50%),Pria,29,26 - 30 tahun,1 tahun s/d 2 tahun 11 bulan,2 minggu sekali,Belum menikah,Tidak memiliki anak,Sarjana (S1),Pegawai/Karyawan Swasta,A2 : Rp. 3.000.001 - Rp. 4.500.000,Rp. 3.000.001 - Rp. 4.500.000,10.0,6.0,6.0,Promoter,4.0,3.2857142857142856,0.7142857142857144,Unknown,,,4.0,5.0,6.0,4.0,4.0,,3.0,4.0,4.0,4.0,4.0,4.0,4.0,4.0,4.0,4.0,4.0,1.0,5.0,4.0,1.0,4.0,4.0
197625789,DKI Jakarta,Jakarta Barat,Jakarta Barat 1,Teller (KUOTA 50%),Wanita,50,46 - 50 tahun,3 tahun s/d 4 tahun 11 bulan,1 bulan sekali,Belum menikah,Tidak memiliki anak,Sarjana (S1),Wiraswasta/Pengusaha/Pedagang,A1.3 : Rp 9.000.001- Rp 10.500.000,Di atas Rp 25.000.000,9.0,6.0,6.0,Promoter,5.444444444444445,1.2857142857142858,4.158730158730159,Unknown,,,5.0,4.0,5.0,4.0,6.0,6.0,,6.0,6.0,6.0,6.0,6.0,6.0,6.0,1.0,6.0,1.0,1.0,1.0,1.0,1.0,1.0,3.0
197701040,DKI Jakarta,Jakarta Timur,Jakarta Timur 1,Teller (KUOTA 50%),Pria,50,46 - 50 tahun,1 tahun s/d 2 tahun 11 bulan,1 bulan sekali,Menikah,4 anak,SLTA,Pegawai/Karyawan Swasta,A1.1 : Rp 6.000.001 - Rp 7.500.000,Rp 9.000.001- Rp 10.500.000,10.0,6.0,6.0,Promoter,6.0,1.0,5.0,Unknown,,,6.0,6.0,6.0,6.0,6.0,6.0,,6.0,6.0,6.0,6.0,6.0,6.0,6.0,6.0,6.0,1.0,1.0,1.0,1.0,1.0,1.0,1.0
197702243,Bali,Denpasar,Denpasar 1,Teller (KUOTA 50%),Wanita,29,26 - 30 tahun,1 tahun s/d 2 tahun 11 bulan,2 minggu sekali,Menikah,1 anak,Akademi/D3,Wiraswasta/Pengusaha/Pedagang,A1 : Rp. 4.500.000 - Rp 6.000.000,Rp 6.000.001 - Rp 7.500.000,10.0,6.0,6.0,Promoter,4.888888888888889,4.428571428571429,0.46031746031746046,Unknown,,,6.0,6.0,6.0,6.0,6.0,6.0,,6.0,6.0,4.0,6.0,4.0,5.0,4.0,3.0,6.0,5.0,6.0,6.0,4.0,2.0,3.0,5.0
197702395,Jawa Timur,Surabaya,Surabaya 1,Teller (KUOTA 50%),Wanita,40,36 - 40 tahun,3 tahun s/d 4 tahun 11 bulan,1 minggu sekali,Menikah,3 anak,SLTP,Wiraswasta/Pengusaha/Pedagang,B : Rp. 2.000.001 - Rp. 3.000.000,Rp 6.000.001 - Rp 7.500.000,10.0,6.0,6.0,Promoter,6.0,1.0,5.0,Unknown,,,5.0,5.0,5.0,5.0,6.0,6.0,6.0,6.0,6.0,6.0,6.0,6.0,6.0,6.0,6.0,6.0,1.0,1.0,1.0,1.0,1.0,1.0,1.0
197702452,Jawa Barat,Bandung,Bandung 1,Teller (KUOTA 50%),Pria,38,36 - 40 tahun,5 tahun atau lebih,1 minggu 2 kali atau lebih,Menikah,2 anak,SLTA,Pegawai/Karyawan Swasta,A1 : Rp. 4.500.000 - Rp 6.000.000,Rp. 4.500.000 - Rp 6.000.000,10.0,6.0,6.0,Promoter,6.0,1.0,5.0,Loyal Champion,4.0,3.0,6.0,6.0,6.0,6.0,6.0,6.0,6.0,6.0,6.0,6.0,6.0,6.0,6.0,6.0,6.0,6.0,1.0,1.0,1.0,1.0,1.0,1.0,1.0
197703163,Kalimantan Selatan,Banjarmasin,Banjarmasin 1,Teller (KUOTA 50%),Pria,26,26 - 30 tahun,3 tahun s/d 4 tahun 11 bulan,1 minggu 2 kali atau lebih,Belum menikah,Tidak memiliki anak,SLTA,Pegawai/Karyawan Swasta,A2 : Rp. 3.000.001 - Rp. 4.500.000,Rp. 4.500.000 - Rp 6.000.000,10.0,6.0,6.0,Promoter,6.0,1.0,5.0,Unknown,,3.0,6.0,6.0,6.0,6.0,6.0,6.0,,6.0,6.0,6.0,6.0,6.0,6.0,6.0,6.0,6.0,1.0,1.0,1.0,1.0,1.0,1.0,1.0
197703267,Jawa Tengah,Semarang,Semarang 1,CS (KUOTA 50%),Wanita,22,20 - 25 tahun,1 tahun s/d 2 tahun 11 bulan,2 minggu sekali,Belum menikah,Tidak memiliki anak,SLTA,Pegawai/Karyawan Swasta,A2 : Rp. 3.000.001 - Rp. 4.500.000,Rp. 2.000.001 - Rp. 3.000.000,8.0,4.0,6.0,Passive,4.0,4.0,0.0,Unknown,,,5.0,5.0,5.0,4.0,4.0,,4.0,4.0,4.0,4.0,4.0,4.0,4.0,4.0,4.0,4.0,4.0,4.0,4.0,4.0,4.0,4.0,4.0
197703379,Jawa Barat,Tasikmalaya,Tasikmalaya 1,Teller (KUOTA 50%),Pria,39,36 - 40 tahun,5 tahun atau lebih,1 minggu 2 kali atau lebih,Menikah,2 anak,Sarjana (S1),Pegawai Negeri Sipil (Bukan Guru),A1.3 : Rp 9.000.001- Rp 10.500.000,Menolak Memberikan Jawaban,10.0,6.0,6.0,Promoter,5.888888888888889,1.0,4.888888888888889,Loyal Champion,4.0,3.0,5.0,5.0,5.0,5.0,5.0,5.0,5.0,5.0,6.0,6.0,6.0,6.0,6.0,6.0,6.0,6.0,1.0,1.0,1.0,1.0,1.0,1.0,1.0
197703385,Sumatera Selatan,Palembang,Palembang 1,CS (KUOTA 50%),Pria,23,20 - 25 tahun,1 tahun s/d 2 tahun 11 bulan,1 minggu 2 kali atau lebih,Belum menikah,Tidak memiliki anak,SLTA,Pegawai/Karyawan Swasta,A2 : Rp. 3.000.001 - Rp. 4.500.000,Rp 15.000.001- Rp 20.000.000,10.0,6.0,6.0,Promoter,6.0,1.0,5.0,Unknown,,3.0,6.0,6.0,6.0,6.0,6.0,6.0,6.0,6.0,6.0,6.0,6.0,6.0,6.0,6.0,6.0,6.0,1.0,1.0,1.0,1.0,1.0,1.0,1.0
197703650,Jawa Barat,Bandung,Bandung 2,Teller (KUOTA 50%),Pria,41,41 - 45 tahun,5 tahun atau lebih,1 minggu 2 kali atau lebih,Menikah,2 anak,Akademi/D3,Lainnya,A1.4 : Rp 10.500.0001 - Rp 15.000.000,Rp 20.000.001 - Rp 25.000.000,10.0,6.0,6.0,Promoter,6.0,1.1428571428571428,4.857142857142858,Loyal Champion,4.0,3.0,6.0,6.0,6.0,6.0,6.0,6.0,,6.0,6.0,6.0,6.0,6.0,6.0,6.0,6.0,6.0,1.0,1.0,1.0,1.0,1.0,1.0,2.0
197703685,Jawa Barat,Bandung,Bandung 1,CS (KUOTA 50%),Pria,50,46 - 50 tahun,5 tahun atau lebih,1 bulan sekali,Menikah,1 anak,Sarjana (S1),Wiraswasta/Pengusaha/Pedagang,A1 : Rp. 4.500.000 - Rp 6.000.000,Rp 9.000.001- Rp 10.500.000,10.0,5.0,5.0,Promoter,5.0,1.0,4.0,Satisfied,4.0,,5.0,5.0,5.0,5.0,6.0,5.0,5.0,5.0,5.0,5.0,5.0,5.0,5.0,5.0,5.0,5.0,1.0,1.0,1.0,1.0,1.0,1.0,1.0
197704136,Banten,Lebak,Lebak 1,Teller (KUOTA 50%),Wanita,46,46 - 50 tahun,5 tahun atau lebih,1 minggu sekali,Menikah,1 anak,Sarjana (S1),Wiraswasta/Pengusaha/Pedagang,A1 : Rp. 4.500.000 - Rp 6.000.000,Rp 20.000.001 - Rp 25.000.000,10.0,6.0,6.0,Promoter,6.0,1.0,5.0,Satisfied,4.0,,6.0,6.0,6.0,6.0,6.0,6.0,,6.0,6.0,6.0,6.0,6.0,6.0,6.0,6.0,6.0,1.0,1.0,1.0,1.0,1.0,1.0,1.0
197704230,Jawa Barat,Tasikmalaya,Tasikmalaya 1,Teller (KUOTA 50%),Wanita,27,26 - 30 tahun,5 tahun atau lebih,1 bulan sekali,Menikah,2 anak,Sarjana (S1),Tenaga Honorer,A1 : Rp. 4.500.000 - Rp 6.000.000,Rp 6.000.001 - Rp 7.500.000,10.0,6.0,6.0,Promoter,6.0,1.0,5.0,Satisfied,4.0,,5.0,6.0,6.0,6.0,5.0,6.0,,6.0,6.0,6.0,6.0,6.0,6.0,6.0,6.0,6.0,1.0,1.0,1.0,1.0,1.0,1.0,1.0
197704233,Sumatera Utara,Medan,Medan 1,Teller (KUOTA 50%),Pria,40,36 - 40 tahun,5 tahun atau lebih,2 minggu sekali,Menikah,Tidak memiliki anak,Paska Sarjana (S2),Pegawai/Karyawan Swasta,A1.4 : Rp 10.500.0001 - Rp 15.000.000,Di atas Rp 25.000.000,7.0,5.0,6.0,Passive,4.666666666666667,2.0,2.666666666666667,Passive,4.0,,5.0,6.0,5.0,5.0,6.0,6.0,,5.0,5.0,5.0,4.0,5.0,5.0,4.0,5.0,4.0,2.0,2.0,2.0,2.0,2.0,2.0,2.0
197704234,Sumatera Utara,Medan,Medan 1,Teller (KUOTA 50%),Wanita,45,41 - 45 tahun,5 tahun atau lebih,1 minggu sekali,Menikah,3 anak,SLTP,Wiraswasta/Pengusaha/Pedagang,A1.1 : Rp 6.000.001 - Rp 7.500.000,Rp 9.000.001- Rp 10.500.000,10.0,6.0,6.0,Promoter,6.0,1.0,5.0,Satisfied,4.0,,6.0,6.0,6.0,6.0,6.0,6.0,,6.0,6.0,6.0,6.0,6.0,6.0,6.0,6.0,6.0,1.0,1.0,1.0,1.0,1.0,1.0,1.0
197704388,DKI Jakarta,Jakarta Barat,Jakarta Barat 1,CS (KUOTA 50%),Pria,39,36 - 40 tahun,5 tahun atau lebih,1 minggu 2 kali atau lebih,Menikah,2 anak,Akademi/D3,Pegawai/Karyawan Swasta,A1.6 : Rp 20.000.001 - Rp 25.000.000,Di atas Rp 25.000.000,8.0,5.0,5.0,Passive,5.0,5.285714285714286,-0.2857142857142856,Passive,4.0,3.0,6.0,6.0,6.0,6.0,5.0,5.0,5.0,5.0,5.0,5.0,5.0,5.0,5.0,5.0,5.0,5.0,5.0,5.0,6.0,6.0,5.0,5.0,5.0
197704456,Jawa Barat,Bandung,Bandung 1,Teller (KUOTA 50%),Pria,27,26 - 30 tahun,1 tahun s/d 2 tahun 11 bulan,1 minggu sekali,Menikah,Tidak memiliki anak,Sarjana (S1),Pegawai/Karyawan Swasta,B : Rp. 2.000.001 - Rp. 3.000.000,Rp. 4.500.000 - Rp 6.000.000,10.0,6.0,6.0,Promoter,6.0,1.0,5.0,Unknown,,,6.0,6.0,6.0,6.0,5.0,6.0,,6.0,6.0,6.0,6.0,6.0,6.0,6.0,6.0,6.0,1.0,1.0,1.0,1.0,1.0,1.0,1.0
197704461,Sumatera Selatan,Palembang,Palembang 1,CS (KUOTA 50%),Pria,26,26 - 30 tahun,1 tahun s/d 2 tahun 11 bulan,1 minggu 2 kali atau lebih,Menikah,Tidak memiliki anak,SLTA,Wiraswasta/Pengusaha/Pedagang,C1 : Rp. 1.500.001 - Rp. 2.000.000,Rp 6.000.001 - Rp 7.500.000,8.0,6.0,6.0,Passive,6.0,1.0,5.0,Unknown,,3.0,6.0,6.0,6.0,6.0,6.0,6.0,6.0,6.0,6.0,6.0,6.0,6.0,6.0,6.0,6.0,6.0,1.0,1.0,1.0,1.0,1.0,1.0,1.0
197704569,Bali,Denpasar,Denpasar 1,CS (KUOTA 50%),Wanita,22,20 - 25 tahun,3 tahun s/d 4 tahun 11 bulan,2 minggu sekali,Belum menikah,Tidak memiliki anak,SLTA,Pegawai/Karyawan Swasta,B : Rp. 2.000.001 - Rp. 3.000.000,Rp. 4.500.000 - Rp 6.000.000,10.0,6.0,6.0,Promoter,5.777777777777778,5.714285714285714,0.06349206349206327,Unknown,,,6.0,6.0,6.0,6.0,6.0,6.0,6.0,6.0,5.0,6.0,6.0,6.0,6.0,6.0,5.0,6.0,5.0,6.0,6.0,6.0,5.0,6.0,6.0
197704645,Jawa Barat,Bandung Barat,Bandung Barat 1,CS (KUOTA 50%),Pria,49,46 - 50 tahun,5 tahun atau lebih,1 bulan sekali,Menikah,2 anak,SLTA,Pensiunan,C2 : Rp. 1.000.001 - Rp. 1.500.000,Rp. 1.000.001 - Rp. 1.500.000,10.0,6.0,6.0,Promoter,5.555555555555555,1.5714285714285714,3.984126984126984,Satisfied,4.0,,6.0,6.0,6.0,5.0,6.0,6.0,6.0,5.0,4.0,6.0,6.0,6.0,6.0,6.0,6.0,5.0,1.0,1.0,1.0,1.0,1.0,1.0,5.0
197704729,Kalimantan Selatan,Banjarmasin,Banjarmasin 1,CS (KUOTA 50%),Pria,24,20 - 25 tahun,1 tahun s/d 2 tahun 11 bulan,1 bulan sekali,Belum menikah,Tidak memiliki anak,SLTA,Pegawai/Karyawan Swasta,C1 : Rp. 1.500.001 - Rp. 2.000.000,Rp. 2.000.001 - Rp. 3.000.000,10.0,6.0,6.0,Promoter,6.0,2.4285714285714284,3.5714285714285716,Unknown,,,6.0,6.0,6.0,6.0,6.0,6.0,6.0,6.0,6.0,6.0,6.0,6.0,6.0,6.0,6.0,6.0,1.0,1.0,1.0,6.0,1.0,1.0,6.0
197704730,Kalimantan Selatan,Banjarmasin,Banjarmasin 1,CS (KUOTA 50%),Pria,26,26 - 30 tahun,1 tahun s/d 2 tahun 11 bulan,1 minggu sekali,Belum menikah,Tidak memiliki anak,SLTA,Lainnya,A2 : Rp. 3.000.001 - Rp. 4.500.000,Rp 6.000.001 - Rp 7.500.000,8.0,6.0,6.0,Passive,5.666666666666667,2.0,3.666666666666667,Unknown,,,6.0,5.0,6.0,6.0,6.0,,6.0,6.0,6.0,6.0,6.0,5.0,5.0,6.0,6.0,5.0,2.0,2.0,2.0,2.0,2.0,2.0,2.0
197704762,Kepulauan Riau,Batam,Batam 1,Teller (KUOTA 50%),Pria,24,20 - 25 tahun,1 tahun s/d 2 tahun 11 bulan,1 bulan sekali,Belum menikah,Tidak memiliki anak,SLTP,Wiraswasta/Pengusaha/Pedagang,A1 : Rp. 4.500.000 - Rp 6.000.000,Rp. 4.500.000 - Rp 6.000.000,9.0,6.0,6.0,Promoter,5.777777777777778,2.0,3.7777777777777777,Unknown,,,6.0,6.0,5.0,6.0,6.0,6.0,5.0,6.0,4.0,6.0,6.0,6.0,6.0,6.0,6.0,6.0,2.0,2.0,2.0,2.0,1.0,2.0,3.0
197704944,Banten,Lebak,Lebak 1,CS (KUOTA 50%),Pria,44,41 - 45 tahun,1 tahun s/d 2 tahun 11 bulan,1 bulan sekali,Menikah,> 4 anak,Sarjana (S1),Wiraswasta/Pengusaha/Pedagang,A2 : Rp. 3.000.001 - Rp. 4.500.000,Rp. 4.500.000 - Rp 6.000.000,10.0,6.0,6.0,Promoter,6.0,1.7142857142857142,4.285714285714286,Unknown,,,6.0,6.0,6.0,6.0,6.0,6.0,6.0,6.0,6.0,6.0,6.0,6.0,6.0,6.0,6.0,6.0,1.0,1.0,1.0,1.0,1.0,1.0,6.0
197704969,DKI Jakarta,Jakarta Barat,Jakarta Barat 1,CS (KUOTA 50%),Pria,47,46 - 50 tahun,5 tahun atau lebih,1 minggu 2 kali atau lebih,Menikah,2 anak,SLTA,Wiraswasta/Pengusaha/Pedagang,A1 : Rp. 4.500.000 - Rp 6.000.000,Rp 6.000.001 - Rp 7.500.000,10.0,6.0,6.0,Promoter,6.0,1.0,5.0,Loyal Champion,4.0,3.0,6.0,6.0,6.0,6.0,6.0,,6.0,6.0,6.0,6.0,6.0,6.0,6.0,6.0,6.0,6.0,1.0,1.0,1.0,1.0,1.0,1.0,1.0
197704985,Kepulauan Riau,Batam,Batam 1,Teller (KUOTA 50%),Pria,24,20 - 25 tahun,1 tahun s/d 2 tahun 11 bulan,1 bulan sekali,Belum menikah,Tidak memiliki anak,SLTA,Wiraswasta/Pengusaha/Pedagang,C1 : Rp. 1.500.001 - Rp. 2.000.000,Rp. 4.500.000 - Rp 6.000.000,7.0,6.0,4.0,Passive,4.888888888888889,3.4285714285714284,1.460317460317461,Unknown,,,6.0,6.0,6.0,6.0,6.0,5.0,6.0,5.0,5.0,5.0,4.0,5.0,5.0,5.0,5.0,5.0,2.0,5.0,3.0,5.0,3.0,2.0,4.0
197705095,Sumatera Selatan,Palembang,Palembang 1,Teller (KUOTA 50%),Pria,40,36 - 40 tahun,5 tahun atau lebih,1 minggu 2 kali atau lebih,Menikah,2 anak,SLTA,Pegawai/Karyawan Swasta,A2 : Rp. 3.000.001 - Rp. 4.500.000,Rp 9.000.001- Rp 10.500.000,10.0,6.0,6.0,Promoter,6.0,1.0,5.0,Loyal Champion,4.0,3.0,6.0,6.0,6.0,6.0,6.0,6.0,,6.0,6.0,6.0,6.0,6.0,6.0,6.0,6.0,6.0,1.0,1.0,1.0,1.0,1.0,1.0,1.0
197705359,Lampung,Bandar Lampung,Bandar Lampung 1,CS (KUOTA 50%),Wanita,43,41 - 45 tahun,3 tahun s/d 4 tahun 11 bulan,2 minggu sekali,Menikah,Tidak memiliki anak,Sarjana (S1),Pegawai Negeri Sipil (Bukan Guru),C1 : Rp. 1.500.001 - Rp. 2.000.000,Rp. 4.500.000 - Rp 6.000.000,9.0,6.0,6.0,Promoter,4.444444444444445,4.285714285714286,0.15873015873015905,Unknown,,,4.0,5.0,5.0,5.0,5.0,,5.0,5.0,5.0,4.0,5.0,3.0,5.0,4.0,4.0,5.0,4.0,3.0,3.0,5.0,5.0,5.0,5.0
197705377,Jawa Barat,Tasikmalaya,Tasikmalaya 1,Teller (KUOTA 50%),Wanita,31,31 - 35 tahun,3 tahun s/d 4 tahun 11 bulan,2 minggu sekali,Menikah,2 anak,Sarjana (S1),Pegawai Negeri Sipil (Bukan Guru),A1 : Rp. 4.500.000 - Rp 6.000.000,Rp 6.000.001 - Rp 7.500.000,10.0,6.0,6.0,Promoter,6.0,1.7142857142857142,4.285714285714286,Unknown,,,6.0,6.0,6.0,6.0,6.0,6.0,,6.0,6.0,6.0,6.0,6.0,6.0,6.0,6.0,6.0,1.0,1.0,1.0,1.0,1.0,1.0,6.0
197705404,Jawa Barat,Bandung,Bandung 1,Teller (KUOTA 50%),Pria,34,31 - 35 tahun,5 tahun atau lebih,1 minggu sekali,Belum menikah,Tidak memiliki anak,Sarjana (S1),Wiraswasta/Pengusaha/Pedagang,B : Rp. 2.000.001 - Rp. 3.000.000,Rp 7.500.001- Rp 9.000.000,8.0,6.0,6.0,Passive,5.888888888888889,1.7142857142857142,4.174603174603175,Passive,4.0,,6.0,6.0,6.0,6.0,6.0,6.0,6.0,6.0,6.0,6.0,6.0,6.0,6.0,5.0,6.0,6.0,1.0,1.0,1.0,6.0,1.0,1.0,1.0
197705413,Jawa Barat,Bandung,Bandung 2,CS (KUOTA 50%),Wanita,40,36 - 40 tahun,5 tahun atau lebih,1 minggu 2 kali atau lebih,Menikah,2 anak,SLTA,Pegawai Negeri Sipil (Guru),C1 : Rp. 1.500.001 - Rp. 2.000.000,Rp. 3.000.001 - Rp. 4.500.000,10.0,6.0,6.0,Promoter,6.0,2.4285714285714284,3.5714285714285716,Loyal Champion,4.0,3.0,6.0,6.0,6.0,6.0,6.0,6.0,6.0,6.0,6.0,6.0,6.0,6.0,6.0,6.0,6.0,6.0,6.0,1.0,1.0,1.0,6.0,1.0,1.0
197705525,DKI Jakarta,Jakarta Barat,Jakarta Barat 1,CS (KUOTA 50%),Pria,29,26 - 30 tahun,5 tahun atau lebih,1 minggu 2 kali atau lebih,Menikah,1 anak,SLTA,Pegawai/Karyawan Swasta,C2 : Rp. 1.000.001 - Rp. 1.500.000,Rp. 4.500.000 - Rp 6.000.000,10.0,6.0,6.0,Promoter,6.0,6.0,0.0,Loyal Champion,4.0,3.0,6.0,6.0,6.0,6.0,6.0,,6.0,6.0,6.0,6.0,6.0,6.0,6.0,6.0,6.0,6.0,6.0,6.0,6.0,6.0,6.0,6.0,6.0
197705656,Jawa Barat,Bekasi,Bekasi 1,Teller (KUOTA 50%),Wanita,47,46 - 50 tahun,3 tahun s/d 4 tahun 11 bulan,1 bulan sekali,Menikah,2 anak,Sarjana (S1),Pegawai/Karyawan Swasta,A1 : Rp. 4.500.000 - Rp 6.000.000,Rp 10.500.0001 - Rp 15.000.000,8.0,6.0,6.0,Passive,6.0,1.0,5.0,Unknown,,,6.0,6.0,6.0,6.0,6.0,6.0,,6.0,6.0,6.0,6.0,6.0,6.0,6.0,6.0,6.0,1.0,1.0,1.0,1.0,1.0,1.0,1.0
197706797,Jawa Barat,Bekasi,Bekasi 1,Teller (KUOTA 50%),Wanita,45,41 - 45 tahun,3 tahun s/d 4 tahun 11 bulan,1 bulan sekali,Menikah,1 anak,Sarjana (S1),Pegawai Negeri Sipil (Guru),A1 : Rp. 4.500.000 - Rp 6.000.000,Rp 7.500.001- Rp 9.000.000,10.0,6.0,6.0,Promoter,6.0,1.0,5.0,Unknown,,,6.0,6.0,6.0,6.0,6.0,6.0,6.0,6.0,6.0,6.0,6.0,6.0,6.0,6.0,6.0,6.0,1.0,1.0,1.0,1.0,1.0,1.0,1.0
197707164,Jawa Barat,Bekasi,Bekasi 1,CS (KUOTA 50%),Pria,30,26 - 30 tahun,1 tahun s/d 2 tahun 11 bulan,1 minggu 2 kali atau lebih,Menikah,2 anak,Sarjana (S1),Wiraswasta/Pengusaha/Pedagang,A1.1 : Rp 6.000.001 - Rp 7.500.000,Rp 7.500.001- Rp 9.000.000,10.0,6.0,6.0,Promoter,6.0,6.0,0.0,Unknown,,3.0,6.0,6.0,6.0,6.0,6.0,,6.0,6.0,6.0,6.0,6.0,6.0,6.0,6.0,6.0,6.0,6.0,6.0,6.0,6.0,6.0,6.0,6.0
197707408,Jawa Barat,Bandung Barat,Bandung Barat 1,Teller (KUOTA 50%),Wanita,49,46 - 50 tahun,5 tahun atau lebih,1 bulan sekali,Menikah,3 anak,Sarjana (S1),Pegawai Negeri Sipil (Guru),A1 : Rp. 4.500.000 - Rp 6.000.000,Rp 10.500.0001 - Rp 15.000.000,10.0,6.0,6.0,Promoter,5.444444444444445,2.2857142857142856,3.158730158730159,Satisfied,4.0,,6.0,6.0,6.0,6.0,5.0,6.0,,6.0,5.0,5.0,6.0,5.0,5.0,6.0,6.0,5.0,5.0,1.0,2.0,2.0,1.0,4.0,1.0
197707440,Jawa Barat,Tasikmalaya,Tasikmalaya 1,Teller (KUOTA 50%),Wanita,43,41 - 45 tahun,5 tahun atau lebih,1 bulan sekali,Menikah,3 anak,Sarjana (S1),Pegawai Negeri Sipil (Guru),A1.1 : Rp 6.000.001 - Rp 7.500.000,Rp 10.500.0001 - Rp 15.000.000,10.0,6.0,6.0,Promoter,6.0,1.4285714285714286,4.571428571428571,Satisfied,4.0,,6.0,6.0,6.0,6.0,6.0,6.0,,6.0,6.0,6.0,6.0,6.0,6.0,6.0,6.0,6.0,1.0,2.0,1.0,1.0,1.0,1.0,3.0
197707470,Jawa Timur,Surabaya,Surabaya 1,Teller (KUOTA 50%),Wanita,34,31 - 35 tahun,3 tahun s/d 4 tahun 11 bulan,1 minggu 2 kali atau lebih,Menikah,2 anak,Sarjana (S1),Pegawai/Karyawan Swasta,A2 : Rp. 3.000.001 - Rp. 4.500.000,Rp 15.000.001- Rp 20.000.000,10.0,6.0,6.0,Promoter,5.888888888888889,1.0,4.888888888888889,Unknown,,3.0,5.0,5.0,5.0,6.0,5.0,5.0,5.0,6.0,6.0,6.0,6.0,6.0,5.0,6.0,6.0,6.0,1.0,1.0,1.0,1.0,1.0,1.0,1.0
197707612,DKI Jakarta,Jakarta Barat,Jakarta Barat 2,CS (KUOTA 50%),Pria,50,46 - 50 tahun,3 tahun s/d 4 tahun 11 bulan,1 minggu 2 kali atau lebih,Menikah,4 anak,Akademi/D3,Wiraswasta/Pengusaha/Pedagang,A1.2 : Rp 7.500.001- Rp 9.000.000,Rp 10.500.0001 - Rp 15.000.000,10.0,6.0,6.0,Promoter,6.0,1.7142857142857142,4.285714285714286,Unknown,,3.0,6.0,6.0,6.0,6.0,6.0,,6.0,6.0,6.0,6.0,6.0,6.0,6.0,6.0,6.0,6.0,1.0,1.0,1.0,1.0,1.0,1.0,6.0
197708113,Jawa Tengah,Tegal,Tegal 1,Teller (KUOTA 50%),Pria,42,41 - 45 tahun,1 tahun s/d 2 tahun 11 bulan,2 minggu sekali,Menikah,3 anak,SLTA,Wiraswasta/Pengusaha/Pedagang,A2 : Rp. 3.000.001 - Rp. 4.500.000,Rp. 3.000.001 - Rp. 4.500.000,9.0,6.0,6.0,Promoter,6.0,1.0,5.0,Unknown,,,6.0,6.0,6.0,6.0,6.0,6.0,,6.0,6.0,6.0,6.0,6.0,6.0,6.0,6.0,6.0,1.0,1.0,1.0,1.0,1.0,1.0,1.0
197708413,Jawa Barat,Tasikmalaya,Tasikmalaya 1,CS (KUOTA 50%),Pria,33,31 - 35 tahun,5 tahun atau lebih,1 minggu 2 kali atau lebih,Belum menikah,Tidak memiliki anak,Sarjana (S1),Pegawai Negeri Sipil (Guru),A2 : Rp. 3.000.001 - Rp. 4.500.000,Rp. 4.500.000 - Rp 6.000.000,10.0,6.0,6.0,Promoter,6.0,1.0,5.0,Loyal Champion,4.0,3.0,6.0,6.0,6.0,6.0,5.0,,6.0,6.0,6.0,6.0,6.0,6.0,6.0,6.0,6.0,6.0,1.0,1.0,1.0,1.0,1.0,1.0,1.0
197708773,Kalimantan Selatan,Banjarmasin,Banjarmasin 1,Teller (KUOTA 50%),Pria,27,26 - 30 tahun,1 tahun s/d 2 tahun 11 bulan,1 minggu sekali,Belum menikah,Tidak memiliki anak,Sarjana (S1),Pegawai/Karyawan Swasta,C1 : Rp. 1.500.001 - Rp. 2.000.000,Rp. 3.000.001 - Rp. 4.500.000,10.0,6.0,6.0,Promoter,6.0,1.0,5.0,Unknown,,,6.0,6.0,6.0,6.0,6.0,6.0,6.0,6.0,6.0,6.0,6.0,6.0,6.0,6.0,6.0,6.0,1.0,1.0,1.0,1.0,1.0,1.0,1.0
197708774,Kalimantan Selatan,Banjarmasin,Banjarmasin 1,Teller (KUOTA 50%),Pria,29,26 - 30 tahun,3 tahun s/d 4 tahun 11 bulan,1 bulan sekali,Menikah,1 anak,SLTA,Pegawai/Karyawan Swasta,A2 : Rp. 3.000.001 - Rp. 4.500.000,Rp. 3.000.001 - Rp. 4.500.000,10.0,6.0,6.0,Promoter,6.0,1.0,5.0,Unknown,,,6.0,6.0,6.0,6.0,6.0,6.0,,6.0,6.0,6.0,6.0,6.0,6.0,6.0,6.0,6.0,1.0,1.0,1.0,1.0,1.0,1.0,1.0
197708775,Kalimantan Selatan,Banjarmasin,Banjarmasin 1,Teller (KUOTA 50%),Pria,27,26 - 30 tahun,5 tahun atau lebih,2 minggu sekali,Menikah,2 anak,SLTA,Pegawai/Karyawan Swasta,A2 : Rp. 3.000.001 - Rp. 4.500.000,Rp. 4.500.000 - Rp 6.000.000,10.0,6.0,6.0,Promoter,6.0,1.0,5.0,Satisfied,4.0,,6.0,6.0,6.0,6.0,6.0,6.0,,6.0,6.0,6.0,6.0,6.0,6.0,6.0,6.0,6.0,1.0,1.0,1.0,1.0,1.0,1.0,1.0
197709099,Jawa Barat,Bandung,Bandung 1,Teller (KUOTA 50%),Pria,24,20 - 25 tahun,3 tahun s/d 4 tahun 11 bulan,1 minggu 2 kali atau lebih,Belum menikah,Tidak memiliki anak,SLTA,Pegawai/Karyawan Swasta,C2 : Rp. 1.000.001 - Rp. 1.500.000,Rp. 3.000.001 - Rp. 4.500.000,7.0,6.0,6.0,Passive,6.0,1.0,5.0,Unknown,,3.0,6.0,6.0,6.0,6.0,6.0,6.0,6.0,6.0,6.0,6.0,6.0,6.0,6.0,6.0,6.0,6.0,1.0,1.0,1.0,1.0,1.0,1.0,1.0
197709127,Jawa Barat,Bandung Barat,Bandung Barat 1,Teller (KUOTA 50%),Wanita,38,36 - 40 tahun,5 tahun atau lebih,1 minggu 2 kali atau lebih,Menikah,4 anak,SLTA,Wiraswasta/Pengusaha/Pedagang,A2 : Rp. 3.000.001 - Rp. 4.500.000,Rp 15.000.001- Rp 20.000.000,10.0,6.0,6.0,Promoter,5.333333333333333,1.4285714285714286,3.904761904761904,Loyal Champion,4.0,3.0,5.0,6.0,5.0,5.0,6.0,6.0,,6.0,5.0,6.0,5.0,6.0,4.0,5.0,5.0,6.0,1.0,1.0,3.0,1.0,2.0,1.0,1.0
197709340,Bali,Denpasar,Denpasar 1,Teller (KUOTA 50%),Wanita,26,26 - 30 tahun,1 tahun s/d 2 tahun 11 bulan,2 minggu sekali,Belum menikah,Tidak memiliki anak,Akademi/D3,Wiraswasta/Pengusaha/Pedagang,B : Rp. 2.000.001 - Rp. 3.000.000,Rp 6.000.001 - Rp 7.500.000,9.0,6.0,6.0,Promoter,5.222222222222222,1.0,4.222222222222222,Unknown,,,5.0,6.0,6.0,6.0,6.0,6.0,,6.0,6.0,6.0,5.0,5.0,6.0,6.0,1.0,6.0,1.0,1.0,1.0,1.0,1.0,1.0,1.0
197709369,Jawa Barat,Bandung,Bandung 2,CS (KUOTA 50%),Pria,36,36 - 40 tahun,5 tahun atau lebih,1 minggu 2 kali atau lebih,Belum menikah,Tidak memiliki anak,Sarjana (S1),Pegawai/Karyawan Swasta,C1 : Rp. 1.500.001 - Rp. 2.000.000,Rp. 4.500.000 - Rp 6.000.000,9.0,5.0,5.0,Promoter,4.888888888888889,1.0,3.8888888888888893,Loyal Champion,4.0,3.0,5.0,5.0,5.0,5.0,6.0,5.0,5.0,5.0,4.0,5.0,5.0,5.0,5.0,5.0,5.0,5.0,1.0,1.0,1.0,1.0,1.0,1.0,1.0
197709456,Banten,Lebak,Lebak 1,Teller (KUOTA 50%),Wanita,48,46 - 50 tahun,5 tahun atau lebih,1 minggu 2 kali atau lebih,Menikah,1 anak,Akademi/D3,Pegawai Negeri Sipil (Bukan Guru),A1.3 : Rp 9.000.001- Rp 10.500.000,Rp 15.000.001- Rp 20.000.000,10.0,6.0,6.0,Promoter,6.0,1.0,5.0,Loyal Champion,4.0,3.0,6.0,6.0,6.0,6.0,6.0,6.0,,6.0,6.0,6.0,6.0,6.0,6.0,6.0,6.0,6.0,1.0,1.0,1.0,1.0,1.0,1.0,1.0
197709457,Banten,Lebak,Lebak 1,Teller (KUOTA 50%),Wanita,22,20 - 25 tahun,1 tahun s/d 2 tahun 11 bulan,1 minggu 2 kali atau lebih,Belum menikah,Tidak memiliki anak,SLTA,Pegawai/Karyawan Swasta,B : Rp. 2.000.001 - Rp. 3.000.000,Rp 6.000.001 - Rp 7.500.000,10.0,6.0,6.0,Promoter,6.0,1.0,5.0,Unknown,,3.0,6.0,6.0,6.0,6.0,6.0,6.0,,6.0,6.0,6.0,6.0,6.0,6.0,6.0,6.0,6.0,1.0,1.0,1.0,1.0,1.0,1.0,1.0
197709980,Riau,Pekanbaru,Pekanbaru 1,Teller (KUOTA 50%),Wanita,25,20 - 25 tahun,1 tahun s/d 2 tahun 11 bulan,1 minggu sekali,Belum menikah,Tidak memiliki anak,Sarjana (S1),Pegawai/Karyawan Swasta,C2 : Rp. 1.000.001 - Rp. 1.500.000,Rp. 4.500.000 - Rp 6.000.000,8.0,6.0,6.0,Passive,6.0,1.0,5.0,Unknown,,,6.0,6.0,6.0,6.0,6.0,6.0,6.0,6.0,6.0,6.0,6.0,6.0,6.0,6.0,6.0,6.0,1.0,1.0,1.0,1.0,1.0,1.0,1.0
197710081,Banten,Serang,Serang 1,Teller (KUOTA 50%),Pria,50,46 - 50 tahun,5 tahun atau lebih,1 minggu 2 kali atau lebih,Menikah,3 anak,SLTA,Wiraswasta/Pengusaha/Pedagang,A1.3 : Rp 9.000.001- Rp 10.500.000,Rp 20.000.001 - Rp 25.000.000,9.0,6.0,6.0,Promoter,6.0,1.1428571428571428,4.857142857142858,Loyal Champion,4.0,3.0,6.0,6.0,6.0,6.0,6.0,6.0,,6.0,6.0,6.0,6.0,6.0,6.0,6.0,6.0,6.0,1.0,1.0,2.0,1.0,1.0,1.0,1.0
197710082,Banten,Serang,Serang 1,Teller (KUOTA 50%),Wanita,21,20 - 25 tahun,1 tahun s/d 2 tahun 11 bulan,1 minggu 2 kali atau lebih,Menikah,Tidak memiliki anak,SLTA,Mahasiswa/i,A1.6 : Rp 20.000.001 - Rp 25.000.000,Di atas Rp 25.000.000,8.0,6.0,5.0,Passive,5.444444444444445,1.0,4.444444444444445,Unknown,,3.0,5.0,6.0,5.0,5.0,6.0,6.0,,6.0,6.0,5.0,6.0,6.0,5.0,5.0,5.0,5.0,1.0,1.0,1.0,1.0,1.0,1.0,1.0
197710083,Banten,Serang,Serang 1,Teller (KUOTA 50%),Wanita,21,20 - 25 tahun,1 tahun s/d 2 tahun 11 bulan,1 minggu 2 kali atau lebih,Belum menikah,Tidak memiliki anak,SLTA,Mahasiswa/i,A1 : Rp. 4.500.000 - Rp 6.000.000,Rp 7.500.001- Rp 9.000.000,9.0,6.0,6.0,Promoter,6.0,1.0,5.0,Unknown,,3.0,6.0,6.0,6.0,6.0,6.0,6.0,,6.0,6.0,6.0,6.0,6.0,6.0,6.0,6.0,6.0,1.0,1.0,1.0,1.0,1.0,1.0,1.0
197710084,Banten,Serang,Serang 1,CS (KUOTA 50%),Wanita,26,26 - 30 tahun,1 tahun s/d 2 tahun 11 bulan,1 minggu 2 kali atau lebih,Belum menikah,Tidak memiliki anak,Sarjana (S1),Tenaga Honorer,A1.3 : Rp 9.000.001- Rp 10.500.000,Rp 10.500.0001 - Rp 15.000.000,8.0,6.0,6.0,Passive,6.0,1.0,5.0,Unknown,,3.0,5.0,6.0,6.0,6.0,6.0,,6.0,6.0,6.0,6.0,6.0,6.0,6.0,6.0,6.0,6.0,1.0,1.0,1.0,1.0,1.0,1.0,1.0
197710097,Kalimantan Selatan,Banjarmasin,Banjarmasin 1,CS (KUOTA 50%),Wanita,46,46 - 50 tahun,3 tahun s/d 4 tahun 11 bulan,2 minggu sekali,Menikah,1 anak,SLTA,Pegawai/Karyawan Swasta,A1 : Rp. 4.500.000 - Rp 6.000.000,Rp 7.500.001- Rp 9.000.000,9.0,6.0,6.0,Promoter,6.0,1.0,5.0,Unknown,,,6.0,6.0,6.0,6.0,6.0,,6.0,6.0,6.0,6.0,6.0,6.0,6.0,6.0,6.0,6.0,1.0,1.0,1.0,1.0,1.0,1.0,1.0
197710098,Kalimantan Selatan,Banjarmasin,Banjarmasin 1,CS (KUOTA 50%),Wanita,42,41 - 45 tahun,3 tahun s/d 4 tahun 11 bulan,2 minggu sekali,Menikah,1 anak,Sarjana (S1),Pegawai/Karyawan Swasta,A1 : Rp. 4.500.000 - Rp 6.000.000,Rp 9.000.001- Rp 10.500.000,10.0,6.0,6.0,Promoter,6.0,1.0,5.0,Unknown,,,6.0,6.0,6.0,6.0,6.0,,6.0,6.0,6.0,6.0,6.0,6.0,6.0,6.0,6.0,6.0,1.0,1.0,1.0,1.0,1.0,1.0,1.0
197710431,Jawa Tengah,Semarang,Semarang 1,CS (KUOTA 50%),Wanita,38,36 - 40 tahun,1 tahun s/d 2 tahun 11 bulan,2 minggu sekali,Duda / Janda,1 anak,Sarjana (S1),Wiraswasta/Pengusaha/Pedagang,A2 : Rp. 3.000.001 - Rp. 4.500.000,Rp. 3.000.001 - Rp. 4.500.000,10.0,6.0,6.0,Promoter,6.0,6.0,0.0,Unknown,,,6.0,6.0,6.0,6.0,6.0,,6.0,6.0,6.0,6.0,6.0,6.0,6.0,6.0,6.0,6.0,6.0,6.0,6.0,6.0,6.0,6.0,6.0
197710705,DKI Jakarta,Jakarta Selatan,Jakarta Selatan 2,Teller (KUOTA 50%),Wanita,29,26 - 30 tahun,3 tahun s/d 4 tahun 11 bulan,1 minggu 2 kali atau lebih,Menikah,1 anak,Sarjana (S1),Pegawai/Karyawan Swasta,A1.2 : Rp 7.500.001- Rp 9.000.000,Rp 10.500.0001 - Rp 15.000.000,8.0,5.0,6.0,Passive,5.222222222222222,1.2857142857142858,3.9365079365079367,Unknown,,3.0,5.0,5.0,5.0,5.0,5.0,6.0,,5.0,5.0,5.0,5.0,5.0,5.0,6.0,5.0,6.0,1.0,1.0,2.0,1.0,2.0,1.0,1.0
197710885,Jawa Barat,Tasikmalaya,Tasikmalaya 1,Teller (KUOTA 50%),Pria,37,36 - 40 tahun,3 tahun s/d 4 tahun 11 bulan,1 minggu sekali,Menikah,2 anak,SLTA,Polisi / Tentara / Militer,A2 : Rp. 3.000.001 - Rp. 4.500.000,Rp. 4.500.000 - Rp 6.000.000,10.0,6.0,6.0,Promoter,6.0,1.0,5.0,Unknown,,,6.0,6.0,6.0,6.0,6.0,6.0,6.0,6.0,6.0,6.0,6.0,6.0,6.0,6.0,6.0,6.0,1.0,1.0,1.0,1.0,1.0,1.0,1.0
197711151,DKI Jakarta,Jakarta Barat,Jakarta Barat 2,Teller (KUOTA 50%),Wanita,48,46 - 50 tahun,5 tahun atau lebih,2 minggu sekali,Menikah,3 anak,Paska Sarjana (S2),Pegawai Negeri Sipil (Guru),A1.5 : Rp 15.000.001- Rp 20.000.000,Rp 15.000.001- Rp 20.000.000,9.0,6.0,6.0,Promoter,6.0,5.285714285714286,0.7142857142857144,Satisfied,4.0,,5.0,5.0,5.0,6.0,5.0,5.0,,6.0,6.0,6.0,6.0,6.0,6.0,6.0,6.0,6.0,6.0,6.0,1.0,6.0,6.0,6.0,6.0
197711241,Jawa Barat,Bandung,Bandung 2,CS (KUOTA 50%),Pria,36,36 - 40 tahun,5 tahun atau lebih,1 minggu 2 kali atau lebih,Menikah,2 anak,Sarjana (S1),Pegawai/Karyawan Swasta,A1.1 : Rp 6.000.001 - Rp 7.500.000,Rp. 4.500.000 - Rp 6.000.000,10.0,6.0,6.0,Promoter,6.0,1.0,5.0,Loyal Champion,4.0,3.0,6.0,6.0,6.0,6.0,6.0,6.0,6.0,6.0,6.0,6.0,6.0,6.0,6.0,6.0,6.0,6.0,1.0,1.0,1.0,1.0,1.0,1.0,1.0
197711264,DKI Jakarta,Jakarta Barat,Jakarta Barat 2,Teller (KUOTA 50%),Wanita,46,46 - 50 tahun,5 tahun atau lebih,1 minggu 2 kali atau lebih,Menikah,3 anak,Akademi/D3,Pegawai Negeri Sipil (Guru),A1.2 : Rp 7.500.001- Rp 9.000.000,Rp 10.500.0001 - Rp 15.000.000,9.0,6.0,6.0,Promoter,6.0,1.0,5.0,Loyal Champion,4.0,3.0,6.0,6.0,6.0,6.0,6.0,5.0,,6.0,6.0,6.0,6.0,6.0,6.0,6.0,6.0,6.0,1.0,1.0,1.0,1.0,1.0,1.0,1.0
197712798,Jawa Barat,Depok,Depok 1,CS (KUOTA 50%),Wanita,41,41 - 45 tahun,5 tahun atau lebih,1 minggu 2 kali atau lebih,Menikah,2 anak,Sarjana (S1),Pegawai Negeri Sipil (Guru),A2 : Rp. 3.000.001 - Rp. 4.500.000,Rp 6.000.001 - Rp 7.500.000,10.0,6.0,6.0,Promoter,6.0,1.2857142857142858,4.714285714285714,Loyal Champion,4.0,3.0,6.0,6.0,6.0,6.0,6.0,,6.0,6.0,6.0,6.0,6.0,6.0,6.0,6.0,6.0,6.0,1.0,1.0,1.0,1.0,2.0,1.0,2.0
197713142,Jawa Barat,Depok,Depok 1,Teller (KUOTA 50%),Wanita,49,46 - 50 tahun,5 tahun atau lebih,1 bulan sekali,Menikah,2 anak,SLTA,Wiraswasta/Pengusaha/Pedagang,A2 : Rp. 3.000.001 - Rp. 4.500.000,Rp. 2.000.001 - Rp. 3.000.000,10.0,6.0,6.0,Promoter,6.0,6.0,0.0,Satisfied,4.0,,6.0,6.0,6.0,6.0,6.0,6.0,6.0,6.0,6.0,6.0,6.0,6.0,6.0,6.0,6.0,6.0,6.0,6.0,6.0,6.0,6.0,6.0,6.0
197713725,Jawa Barat,Bogor,Bogor 1,Teller (KUOTA 50%),Wanita,49,46 - 50 tahun,3 tahun s/d 4 tahun 11 bulan,2 minggu sekali,Menikah,4 anak,SLTA,Ibu Rumah Tangga,A1 : Rp. 4.500.000 - Rp 6.000.000,Rp 6.000.001 - Rp 7.500.000,10.0,5.0,6.0,Promoter,5.333333333333333,1.5714285714285714,3.761904761904762,Unknown,,,4.0,5.0,4.0,5.0,6.0,6.0,,5.0,6.0,5.0,5.0,6.0,6.0,5.0,5.0,5.0,2.0,1.0,1.0,1.0,1.0,3.0,2.0
197714255,DKI Jakarta,Jakarta Barat,Jakarta Barat 3,CS (KUOTA 50%),Pria,24,20 - 25 tahun,1 tahun s/d 2 tahun 11 bulan,1 bulan sekali,Belum menikah,Tidak memiliki anak,SLTA,Polisi / Tentara / Militer,A1 : Rp. 4.500.000 - Rp 6.000.000,Rp 6.000.001 - Rp 7.500.000,10.0,6.0,6.0,Promoter,6.0,1.0,5.0,Unknown,,,6.0,6.0,6.0,6.0,6.0,,6.0,6.0,6.0,6.0,6.0,6.0,6.0,6.0,6.0,6.0,1.0,1.0,1.0,1.0,1.0,1.0,1.0
197716032,Sumatera Selatan,Palembang,Palembang 1,CS (KUOTA 50%),Pria,20,20 - 25 tahun,1 tahun s/d 2 tahun 11 bulan,2 minggu sekali,Belum menikah,Tidak memiliki anak,SLTA,Pegawai/Karyawan Swasta,C1 : Rp. 1.500.001 - Rp. 2.000.000,Rp. 3.000.001 - Rp. 4.500.000,10.0,6.0,6.0,Promoter,5.888888888888889,1.5714285714285714,4.317460317460318,Unknown,,,6.0,6.0,6.0,6.0,6.0,,6.0,6.0,6.0,6.0,6.0,6.0,5.0,6.0,6.0,6.0,2.0,2.0,2.0,1.0,1.0,2.0,1.0
197717469,Jawa Barat,Karawang,Karawang 1,Teller (KUOTA 50%),Pria,28,26 - 30 tahun,1 tahun s/d 2 tahun 11 bulan,1 bulan sekali,Menikah,1 anak,SLTA,Wiraswasta/Pengusaha/Pedagang,A2 : Rp. 3.000.001 - Rp. 4.500.000,Rp. 3.000.001 - Rp. 4.500.000,10.0,6.0,6.0,Promoter,5.888888888888889,2.0,3.8888888888888893,Unknown,,,6.0,6.0,6.0,6.0,6.0,6.0,6.0,6.0,6.0,6.0,6.0,6.0,6.0,6.0,5.0,6.0,2.0,2.0,2.0,2.0,2.0,2.0,2.0
197728470,Jawa Barat,Sukabumi,Sukabumi 1,Teller (KUOTA 50%),Wanita,33,31 - 35 tahun,1 tahun s/d 2 tahun 11 bulan,1 minggu 2 kali atau lebih,Menikah,3 anak,Sarjana (S1),Pegawai Negeri Sipil (Guru),A2 : Rp. 3.000.001 - Rp. 4.500.000,Rp. 4.500.000 - Rp 6.000.000,9.0,6.0,6.0,Promoter,5.0,3.857142857142857,1.1428571428571428,Unknown,,3.0,4.0,5.0,5.0,5.0,6.0,5.0,,5.0,5.0,5.0,5.0,5.0,5.0,4.0,5.0,6.0,5.0,2.0,2.0,5.0,5.0,5.0,3.0
197734776,Jawa Barat,Karawang,Karawang 1,CS (KUOTA 50%),Pria,31,31 - 35 tahun,3 tahun s/d 4 tahun 11 bulan,1 bulan sekali,Menikah,Tidak memiliki anak,Sarjana (S1),Polisi / Tentara / Militer,A2 : Rp. 3.000.001 - Rp. 4.500.000,Rp. 4.500.000 - Rp 6.000.000,10.0,6.0,6.0,Promoter,6.0,2.0,4.0,Unknown,,,6.0,6.0,6.0,6.0,6.0,,6.0,6.0,6.0,6.0,6.0,6.0,6.0,6.0,6.0,6.0,2.0,2.0,2.0,2.0,2.0,2.0,2.0
197748909,Banten,Lebak,Lebak 1,Teller (KUOTA 50%),Wanita,24,20 - 25 tahun,3 tahun s/d 4 tahun 11 bulan,1 minggu 2 kali atau lebih,Belum menikah,Tidak memiliki anak,SLTA,Wiraswasta/Pengusaha/Pedagang,A1.2 : Rp 7.500.001- Rp 9.000.000,Rp 10.500.0001 - Rp 15.000.000,10.0,6.0,6.0,Promoter,6.0,1.0,5.0,Unknown,,3.0,6.0,6.0,6.0,6.0,6.0,6.0,,6.0,6.0,6.0,6.0,6.0,6.0,6.0,6.0,6.0,1.0,1.0,1.0,1.0,1.0,1.0,1.0
197751076,Jawa Barat,Bandung,Bandung 1,CS (KUOTA 50%),Wanita,49,46 - 50 tahun,5 tahun atau lebih,1 bulan sekali,Menikah,2 anak,Paska Sarjana (S2),Pegawai Negeri Sipil (Guru),A2 : Rp. 3.000.001 - Rp. 4.500.000,Rp 9.000.001- Rp 10.500.000,8.0,6.0,6.0,Passive,5.0,2.2857142857142856,2.7142857142857144,Passive,4.0,,5.0,5.0,5.0,5.0,6.0,,5.0,5.0,5.0,5.0,5.0,5.0,5.0,5.0,5.0,5.0,2.0,2.0,2.0,2.0,1.0,5.0,2.0
197751303,Jawa Barat,Bandung,Bandung 3,Teller (KUOTA 50%),Pria,49,46 - 50 tahun,5 tahun atau lebih,1 minggu sekali,Menikah,2 anak,Sarjana (S1),Pegawai Negeri Sipil (Guru),A1 : Rp. 4.500.000 - Rp 6.000.000,Rp 9.000.001- Rp 10.500.000,9.0,6.0,6.0,Promoter,6.0,1.0,5.0,Satisfied,4.0,,6.0,6.0,6.0,6.0,6.0,6.0,,6.0,6.0,6.0,6.0,6.0,6.0,6.0,6.0,6.0,1.0,1.0,1.0,1.0,1.0,1.0,1.0
197751561,Jawa Barat,Bandung,Bandung 3,CS (KUOTA 50%),Pria,35,31 - 35 tahun,5 tahun atau lebih,1 minggu 2 kali atau lebih,Menikah,2 anak,Sarjana (S1),Tenaga Honorer,A1.2 : Rp 7.500.001- Rp 9.000.000,Rp 15.000.001- Rp 20.000.000,9.0,5.0,6.0,Promoter,5.666666666666667,1.0,4.666666666666667,Loyal Champion,4.0,3.0,5.0,5.0,5.0,6.0,6.0,,6.0,5.0,6.0,6.0,6.0,6.0,6.0,5.0,6.0,5.0,1.0,1.0,1.0,1.0,1.0,1.0,1.0
197751819,Jawa Barat,Bandung,Bandung 1,CS (KUOTA 50%),Pria,40,36 - 40 tahun,3 tahun s/d 4 tahun 11 bulan,2 minggu sekali,Belum menikah,2 anak,Sarjana (S1),Wiraswasta/Pengusaha/Pedagang,A1 : Rp. 4.500.000 - Rp 6.000.000,Rp. 4.500.000 - Rp 6.000.000,10.0,6.0,6.0,Promoter,4.0,1.7142857142857142,2.2857142857142856,Unknown,,,6.0,6.0,6.0,6.0,6.0,,6.0,6.0,6.0,1.0,6.0,1.0,5.0,5.0,1.0,5.0,1.0,6.0,1.0,1.0,1.0,1.0,1.0
197751823,Jawa Barat,Sukabumi,Sukabumi 1,CS (KUOTA 50%),Pria,47,46 - 50 tahun,5 tahun atau lebih,1 minggu 2 kali atau lebih,Menikah,2 anak,Sarjana (S1),Pegawai Negeri Sipil (Guru),A1.2 : Rp 7.500.001- Rp 9.000.000,Rp 9.000.001- Rp 10.500.000,8.0,6.0,6.0,Passive,6.0,1.0,5.0,Passive,4.0,3.0,6.0,6.0,6.0,6.0,6.0,,6.0,6.0,6.0,6.0,6.0,6.0,6.0,6.0,6.0,6.0,1.0,1.0,1.0,1.0,1.0,1.0,1.0
197751973,Jawa Barat,Bandung,Bandung 3,Teller (KUOTA 50%),Pria,49,46 - 50 tahun,5 tahun atau lebih,1 minggu 2 kali atau lebih,Menikah,3 anak,Akademi/D3,Pegawai Negeri Sipil (Bukan Guru),A1.2 : Rp 7.500.001- Rp 9.000.000,Rp 20.000.001 - Rp 25.000.000,10.0,6.0,6.0,Promoter,5.777777777777778,1.0,4.777777777777778,Loyal Champion,4.0,3.0,6.0,6.0,6.0,6.0,6.0,6.0,,6.0,6.0,6.0,6.0,6.0,6.0,4.0,6.0,6.0,1.0,1.0,1.0,1.0,1.0,1.0,1.0
197752161,Sumatera Selatan,Palembang,Palembang 1,CS (KUOTA 50%),Pria,40,36 - 40 tahun,5 tahun atau lebih,2 minggu sekali,Duda / Janda,3 anak,SLTA,Pegawai/Karyawan Swasta,A2 : Rp. 3.000.001 - Rp. 4.500.000,Rp. 3.000.001 - Rp. 4.500.000,10.0,6.0,6.0,Promoter,6.0,1.0,5.0,Satisfied,4.0,,6.0,6.0,6.0,6.0,6.0,,6.0,6.0,6.0,6.0,6.0,6.0,6.0,6.0,6.0,6.0,1.0,1.0,1.0,1.0,1.0,1.0,1.0
197752189,Jawa Barat,Bandung,Bandung 3,Teller (KUOTA 50%),Pria,34,31 - 35 tahun,5 tahun atau lebih,1 minggu 2 kali atau lebih,Menikah,2 anak,SLTA,Pegawai/Karyawan Swasta,A1 : Rp. 4.500.000 - Rp 6.000.000,Rp 7.500.001- Rp 9.000.000,10.0,6.0,6.0,Promoter,6.0,1.0,5.0,Loyal Champion,4.0,3.0,6.0,6.0,6.0,6.0,6.0,6.0,6.0,6.0,6.0,6.0,6.0,6.0,6.0,6.0,6.0,6.0,1.0,1.0,1.0,1.0,1.0,1.0,1.0
197752404,Sumatera Utara,Medan,Medan 1,Teller (KUOTA 50%),Wanita,41,41 - 45 tahun,5 tahun atau lebih,1 bulan sekali,Menikah,3 anak,Paska Sarjana (S2),Pegawai Negeri Sipil (Bukan Guru),A1.5 : Rp 15.000.001- Rp 20.000.000,Di atas Rp 25.000.000,8.0,6.0,5.0,Passive,5.888888888888889,1.0,4.888888888888889,Passive,4.0,,6.0,6.0,6.0,6.0,6.0,6.0,,6.0,6.0,6.0,6.0,6.0,6.0,5.0,6.0,6.0,1.0,1.0,1.0,1.0,1.0,1.0,1.0
197752406,Kalimantan Selatan,Banjarbaru,Banjarbaru 1,CS (KUOTA 50%),Pria,19,17 -19 tahun,1 tahun s/d 2 tahun 11 bulan,2 minggu sekali,Belum menikah,Tidak memiliki anak,SLTA,Pegawai/Karyawan Swasta,A1 : Rp. 4.500.000 - Rp 6.000.000,Rp 6.000.001 - Rp 7.500.000,10.0,6.0,6.0,Promoter,6.0,1.0,5.0,Unknown,,,6.0,6.0,6.0,6.0,6.0,,6.0,6.0,6.0,6.0,6.0,6.0,6.0,6.0,6.0,6.0,1.0,1.0,1.0,1.0,1.0,1.0,1.0
197752415,Jawa Barat,Cirebon,Cirebon 1,CS (KUOTA 50%),Pria,50,46 - 50 tahun,5 tahun atau lebih,1 minggu 2 kali atau lebih,Menikah,3 anak,SLTA,Pegawai Negeri Sipil (Bukan Guru),A2 : Rp. 3.000.001 - Rp. 4.500.000,Rp 6.000.001 - Rp 7.500.000,10.0,6.0,6.0,Promoter,6.0,1.0,5.0,Loyal Champion,4.0,3.0,6.0,5.0,6.0,6.0,6.0,,6.0,6.0,6.0,6.0,6.0,6.0,6.0,6.0,6.0,6.0,1.0,1.0,1.0,1.0,1.0,1.0,1.0
197752521,Jawa Barat,Sukabumi,Sukabumi 1,Teller (KUOTA 50%),Pria,50,46 - 50 tahun,5 tahun atau lebih,2 minggu sekali,Menikah,Tidak memiliki anak,Sarjana (S1),Pegawai Negeri Sipil (Guru),A2 : Rp. 3.000.001 - Rp. 4.500.000,Rp 6.000.001 - Rp 7.500.000,10.0,6.0,6.0,Promoter,6.0,1.0,5.0,Satisfied,4.0,,6.0,6.0,6.0,6.0,6.0,6.0,,6.0,6.0,6.0,6.0,6.0,6.0,6.0,6.0,6.0,1.0,1.0,1.0,1.0,1.0,1.0,1.0
197752559,Banten,Serang,Serang 1,CS (KUOTA 50%),Wanita,28,26 - 30 tahun,5 tahun atau lebih,1 minggu sekali,Menikah,3 anak,Akademi/D3,Ibu Rumah Tangga,A1.1 : Rp 6.000.001 - Rp 7.500.000,Rp 7.500.001- Rp 9.000.000,10.0,6.0,6.0,Promoter,5.888888888888889,1.0,4.888888888888889,Satisfied,4.0,,6.0,6.0,6.0,6.0,6.0,,6.0,6.0,6.0,6.0,5.0,6.0,6.0,6.0,6.0,6.0,1.0,1.0,1.0,1.0,1.0,1.0,1.0
197752747,Jawa Barat,Bandung,Bandung 3,Teller (KUOTA 50%),Pria,34,31 - 35 tahun,5 tahun atau lebih,1 minggu 2 kali atau lebih,Menikah,2 anak,SLTA,Pegawai/Karyawan Swasta,B : Rp. 2.000.001 - Rp. 3.000.000,Rp. 3.000.001 - Rp. 4.500.000,10.0,6.0,6.0,Promoter,6.0,1.0,5.0,Loyal Champion,4.0,3.0,6.0,6.0,6.0,6.0,6.0,6.0,,6.0,6.0,6.0,6.0,6.0,6.0,6.0,6.0,6.0,1.0,1.0,1.0,1.0,1.0,1.0,1.0
197752822,Jawa Barat,Sukabumi,Sukabumi 1,CS (KUOTA 50%),Pria,28,26 - 30 tahun,5 tahun atau lebih,1 minggu sekali,Menikah,Tidak memiliki anak,Sarjana (S1),Wiraswasta/Pengusaha/Pedagang,A1.4 : Rp 10.500.0001 - Rp 15.000.000,Rp 15.000.001- Rp 20.000.000,10.0,6.0,6.0,Promoter,6.0,1.0,5.0,Satisfied,4.0,,6.0,6.0,6.0,6.0,6.0,,6.0,6.0,6.0,6.0,6.0,6.0,6.0,6.0,6.0,6.0,1.0,1.0,1.0,1.0,1.0,1.0,1.0
197752840,Jawa Barat,Bandung,Bandung 4,Teller (KUOTA 50%),Pria,41,41 - 45 tahun,5 tahun atau lebih,2 minggu sekali,Menikah,3 anak,Sarjana (S1),Guru (Non PNS),A1 : Rp. 4.500.000 - Rp 6.000.000,Rp 7.500.001- Rp 9.000.000,10.0,6.0,6.0,Promoter,6.0,1.0,5.0,Satisfied,4.0,,6.0,6.0,6.0,6.0,6.0,6.0,,6.0,6.0,6.0,6.0,6.0,6.0,6.0,6.0,6.0,1.0,1.0,1.0,1.0,1.0,1.0,1.0
197752842,Jawa Barat,Subang,Subang 1,Teller (KUOTA 50%),Wanita,24,20 - 25 tahun,1 tahun s/d 2 tahun 11 bulan,1 minggu 2 kali atau lebih,Belum menikah,Tidak memiliki anak,Sarjana (S1),Pegawai/Karyawan Swasta,A2 : Rp. 3.000.001 - Rp. 4.500.000,Rp. 4.500.000 - Rp 6.000.000,10.0,6.0,6.0,Promoter,6.0,1.0,5.0,Unknown,,3.0,6.0,6.0,6.0,6.0,6.0,6.0,,6.0,6.0,6.0,6.0,6.0,6.0,6.0,6.0,6.0,1.0,1.0,1.0,1.0,1.0,1.0,1.0
197752876,Jawa Barat,Bekasi,Bekasi 1,Teller (KUOTA 50%),Wanita,46,46 - 50 tahun,5 tahun atau lebih,1 minggu sekali,Menikah,1 anak,SLTA,Pegawai/Karyawan Swasta,A1 : Rp. 4.500.000 - Rp 6.000.000,Rp 6.000.001 - Rp 7.500.000,8.0,6.0,6.0,Passive,6.0,1.0,5.0,Passive,4.0,,6.0,6.0,6.0,6.0,6.0,6.0,,6.0,6.0,6.0,6.0,6.0,6.0,6.0,6.0,6.0,1.0,1.0,1.0,1.0,1.0,1.0,1.0
197752886,Sumatera Selatan,Palembang,Palembang 1,CS (KUOTA 50%),Pria,20,20 - 25 tahun,1 tahun s/d 2 tahun 11 bulan,2 minggu sekali,Belum menikah,Tidak memiliki anak,SLTA,Mahasiswa/i,A1.1 : Rp 6.000.001 - Rp 7.500.000,Rp 7.500.001- Rp 9.000.000,10.0,6.0,6.0,Promoter,6.0,2.0,4.0,Unknown,,,6.0,6.0,6.0,6.0,6.0,,6.0,6.0,6.0,6.0,6.0,6.0,6.0,6.0,6.0,6.0,1.0,2.0,2.0,2.0,2.0,2.0,3.0
197753281,Banten,Pandeglang,Pandeglang 1,Teller (KUOTA 50%),Pria,28,26 - 30 tahun,5 tahun atau lebih,1 minggu 2 kali atau lebih,Menikah,Tidak memiliki anak,Paska Sarjana (S2),Lainnya,B : Rp. 2.000.001 - Rp. 3.000.000,Rp. 3.000.001 - Rp. 4.500.000,10.0,6.0,6.0,Promoter,6.0,1.0,5.0,Loyal Champion,4.0,3.0,6.0,6.0,6.0,6.0,6.0,5.0,6.0,6.0,6.0,6.0,6.0,6.0,6.0,6.0,6.0,6.0,1.0,1.0,1.0,1.0,1.0,1.0,1.0
197753282,Jawa Barat,Cirebon,Cirebon 1,Teller (KUOTA 50%),Pria,50,46 - 50 tahun,5 tahun atau lebih,1 minggu 2 kali atau lebih,Menikah,> 4 anak,SLTA,Pegawai/Karyawan Swasta,A1 : Rp. 4.500.000 - Rp 6.000.000,Rp. 4.500.000 - Rp 6.000.000,10.0,6.0,6.0,Promoter,6.0,1.0,5.0,Loyal Champion,4.0,3.0,6.0,6.0,6.0,6.0,6.0,6.0,,6.0,6.0,6.0,6.0,6.0,6.0,6.0,6.0,6.0,1.0,1.0,1.0,1.0,1.0,1.0,1.0
197753367,Banten,Pandeglang,Pandeglang 1,Teller (KUOTA 50%),Wanita,38,36 - 40 tahun,5 tahun atau lebih,1 minggu 2 kali atau lebih,Menikah,3 anak,Sarjana (S1),Wiraswasta/Pengusaha/Pedagang,A2 : Rp. 3.000.001 - Rp. 4.500.000,Rp. 4.500.000 - Rp 6.000.000,10.0,6.0,6.0,Promoter,6.0,1.7142857142857142,4.285714285714286,Loyal Champion,4.0,3.0,6.0,6.0,6.0,6.0,6.0,6.0,6.0,6.0,6.0,6.0,6.0,6.0,6.0,6.0,6.0,6.0,1.0,1.0,1.0,1.0,1.0,1.0,6.0
197753413,Jawa Barat,Subang,Subang 1,CS (KUOTA 50%),Wanita,20,20 - 25 tahun,5 tahun atau lebih,1 bulan sekali,Belum menikah,Tidak memiliki anak,SLTA,Mahasiswa/i,C2 : Rp. 1.000.001 - Rp. 1.500.000,Rp. 1.000.001 - Rp. 1.500.000,9.0,6.0,6.0,Promoter,6.0,1.0,5.0,Satisfied,4.0,,6.0,6.0,6.0,6.0,6.0,,6.0,6.0,6.0,6.0,6.0,6.0,6.0,6.0,6.0,6.0,1.0,1.0,1.0,1.0,1.0,1.0,1.0
197753438,Kepulauan Riau,Batam,Batam 1,CS (KUOTA 50%),Pria,40,36 - 40 tahun,3 tahun s/d 4 tahun 11 bulan,1 bulan sekali,Menikah,2 anak,SLTA,Wiraswasta/Pengusaha/Pedagang,A1 : Rp. 4.500.000 - Rp 6.000.000,Rp 6.000.001 - Rp 7.500.000,7.0,5.0,5.0,Passive,4.333333333333333,3.2857142857142856,1.0476190476190474,Unknown,,,6.0,5.0,5.0,5.0,6.0,5.0,5.0,4.0,3.0,3.0,5.0,5.0,6.0,5.0,3.0,5.0,6.0,2.0,1.0,2.0,2.0,5.0,5.0
197753495,Kalimantan Selatan,Banjarbaru,Banjarbaru 1,Teller (KUOTA 50%),Pria,22,20 - 25 tahun,1 tahun s/d 2 tahun 11 bulan,1 minggu 2 kali atau lebih,Menikah,Tidak memiliki anak,SLTA,Pegawai/Karyawan Swasta,A2 : Rp. 3.000.001 - Rp. 4.500.000,Rp 7.500.001- Rp 9.000.000,10.0,6.0,6.0,Promoter,6.0,1.0,5.0,Unknown,,3.0,6.0,6.0,6.0,6.0,6.0,6.0,,6.0,6.0,6.0,6.0,6.0,6.0,6.0,6.0,6.0,1.0,1.0,1.0,1.0,1.0,1.0,1.0
197753501,Jawa Barat,Sukabumi,Sukabumi 1,Teller (KUOTA 50%),Pria,40,36 - 40 tahun,5 tahun atau lebih,1 bulan sekali,Menikah,2 anak,Sarjana (S1),Pegawai Negeri Sipil (Guru),A2 : Rp. 3.000.001 - Rp. 4.500.000,Rp. 2.000.001 - Rp. 3.000.000,8.0,6.0,6.0,Passive,6.0,1.0,5.0,Passive,4.0,,6.0,6.0,6.0,6.0,6.0,6.0,,6.0,6.0,6.0,6.0,6.0,6.0,6.0,6.0,6.0,1.0,1.0,1.0,1.0,1.0,1.0,1.0
197753508,Jawa Barat,Depok,Depok 1,Teller (KUOTA 50%),Pria,22,20 - 25 tahun,1 tahun s/d 2 tahun 11 bulan,1 minggu sekali,Belum menikah,Tidak memiliki anak,SLTA,Pegawai/Karyawan Swasta,C1 : Rp. 1.500.001 - Rp. 2.000.000,Rp. 4.500.000 - Rp 6.000.000,10.0,6.0,6.0,Promoter,6.0,1.7142857142857142,4.285714285714286,Unknown,,,6.0,6.0,6.0,6.0,6.0,6.0,6.0,6.0,6.0,6.0,6.0,6.0,6.0,6.0,6.0,6.0,6.0,1.0,1.0,1.0,1.0,1.0,1.0
197753588,Jawa Barat,Bandung,Bandung 5,CS (KUOTA 50%),Pria,27,26 - 30 tahun,1 tahun s/d 2 tahun 11 bulan,1 bulan sekali,Menikah,Tidak memiliki anak,SLTA,Pegawai/Karyawan Swasta,A2 : Rp. 3.000.001 - Rp. 4.500.000,Rp. 3.000.001 - Rp. 4.500.000,10.0,6.0,6.0,Promoter,5.444444444444445,1.7142857142857142,3.7301587301587302,Unknown,,,6.0,6.0,6.0,6.0,6.0,6.0,6.0,5.0,6.0,6.0,5.0,6.0,5.0,5.0,6.0,5.0,1.0,1.0,1.0,1.0,5.0,1.0,2.0
197753615,Jawa Tengah,Tegal,Tegal 1,Teller (KUOTA 50%),Pria,23,20 - 25 tahun,1 tahun s/d 2 tahun 11 bulan,1 minggu 2 kali atau lebih,Belum menikah,Tidak memiliki anak,SLTA,Lainnya,C1 : Rp. 1.500.001 - Rp. 2.000.000,Rp. 2.000.001 - Rp. 3.000.000,10.0,6.0,6.0,Promoter,6.0,1.0,5.0,Unknown,,3.0,6.0,6.0,6.0,6.0,6.0,6.0,6.0,6.0,6.0,6.0,6.0,6.0,6.0,6.0,6.0,6.0,1.0,1.0,1.0,1.0,1.0,1.0,1.0
197753626,Kepulauan Riau,Batam,Batam 1,CS (KUOTA 50%),Pria,30,26 - 30 tahun,3 tahun s/d 4 tahun 11 bulan,1 bulan sekali,Menikah,3 anak,SLTA,Pegawai Negeri Sipil (Bukan Guru),A1 : Rp. 4.500.000 - Rp 6.000.000,Rp 9.000.001- Rp 10.500.000,8.0,6.0,6.0,Passive,4.777777777777778,3.5714285714285716,1.206349206349206,Unknown,,,5.0,6.0,6.0,6.0,6.0,6.0,6.0,5.0,3.0,5.0,5.0,5.0,5.0,5.0,5.0,5.0,3.0,5.0,2.0,3.0,3.0,5.0,4.0
197753674,Banten,Cilegon,Cilegon 2,CS (KUOTA 50%),Pria,24,20 - 25 tahun,3 tahun s/d 4 tahun 11 bulan,1 minggu 2 kali atau lebih,Belum menikah,Tidak memiliki anak,SLTA,Pegawai Negeri Sipil (Bukan Guru),B : Rp. 2.000.001 - Rp. 3.000.000,Rp. 4.500.000 - Rp 6.000.000,9.0,6.0,6.0,Promoter,6.0,2.2857142857142856,3.7142857142857144,Unknown,,3.0,6.0,6.0,6.0,6.0,6.0,,6.0,6.0,6.0,6.0,6.0,6.0,6.0,6.0,6.0,6.0,2.0,2.0,2.0,2.0,2.0,3.0,3.0
197753678,Jawa Barat,Bekasi,Bekasi 1,Teller (KUOTA 50%),Wanita,50,46 - 50 tahun,5 tahun atau lebih,1 bulan sekali,Menikah,3 anak,SLTA,Pensiunan,A2 : Rp. 3.000.001 - Rp. 4.500.000,Rp. 4.500.000 - Rp 6.000.000,9.0,6.0,6.0,Promoter,6.0,1.0,5.0,Satisfied,4.0,,6.0,6.0,6.0,6.0,6.0,6.0,,6.0,6.0,6.0,6.0,6.0,6.0,6.0,6.0,6.0,1.0,1.0,1.0,1.0,1.0,1.0,1.0
197753920,Jawa Barat,Bandung,Bandung 1,Teller (KUOTA 50%),Wanita,27,26 - 30 tahun,1 tahun s/d 2 tahun 11 bulan,1 bulan sekali,Belum menikah,Tidak memiliki anak,Sarjana (S1),Lainnya,A2 : Rp. 3.000.001 - Rp. 4.500.000,Rp 9.000.001- Rp 10.500.000,8.0,5.0,5.0,Passive,5.111111111111111,1.1428571428571428,3.968253968253968,Unknown,,,6.0,6.0,6.0,6.0,6.0,5.0,,5.0,6.0,5.0,5.0,5.0,5.0,5.0,5.0,5.0,1.0,1.0,1.0,1.0,1.0,1.0,2.0
197753927,Jawa Barat,Bandung,Bandung 2,Teller (KUOTA 50%),Pria,24,20 - 25 tahun,1 tahun s/d 2 tahun 11 bulan,1 minggu 2 kali atau lebih,Menikah,1 anak,SLTA,Wiraswasta/Pengusaha/Pedagang,B : Rp. 2.000.001 - Rp. 3.000.000,Rp 6.000.001 - Rp 7.500.000,10.0,6.0,6.0,Promoter,6.0,1.0,5.0,Unknown,,3.0,6.0,6.0,6.0,6.0,6.0,6.0,,6.0,6.0,6.0,6.0,6.0,6.0,6.0,6.0,6.0,1.0,1.0,1.0,1.0,1.0,1.0,1.0
197753965,DKI Jakarta,Jakarta Barat,Jakarta Barat 2,Teller (KUOTA 50%),Wanita,49,46 - 50 tahun,5 tahun atau lebih,1 bulan sekali,Menikah,2 anak,Sarjana (S1),Pegawai Negeri Sipil (Guru),A1.4 : Rp 10.500.0001 - Rp 15.000.000,Rp 9.000.001- Rp 10.500.000,9.0,5.0,5.0,Promoter,5.333333333333333,5.285714285714286,0.04761904761904745,Satisfied,4.0,,5.0,6.0,6.0,6.0,5.0,5.0,,6.0,6.0,5.0,5.0,5.0,5.0,6.0,5.0,5.0,5.0,5.0,5.0,6.0,5.0,5.0,6.0
197753966,DKI Jakarta,Jakarta Timur,Jakarta Timur 1,CS (KUOTA 50%),Wanita,50,46 - 50 tahun,1 tahun s/d 2 tahun 11 bulan,1 bulan sekali,Menikah,3 anak,SLTA,Pegawai/Karyawan Swasta,A1.1 : Rp 6.000.001 - Rp 7.500.000,Rp 10.500.0001 - Rp 15.000.000,10.0,6.0,6.0,Promoter,6.0,1.0,5.0,Unknown,,,6.0,6.0,6.0,6.0,6.0,6.0,6.0,6.0,6.0,6.0,6.0,6.0,6.0,6.0,6.0,6.0,1.0,1.0,1.0,1.0,1.0,1.0,1.0
197754005,Jawa Barat,Indramayu,Indramayu 1,Teller (KUOTA 50%),Wanita,42,41 - 45 tahun,5 tahun atau lebih,1 minggu sekali,Menikah,2 anak,Sarjana (S1),Wiraswasta/Pengusaha/Pedagang,A1.2 : Rp 7.500.001- Rp 9.000.000,Rp 10.500.0001 - Rp 15.000.000,10.0,6.0,6.0,Promoter,6.0,1.0,5.0,Satisfied,4.0,,6.0,6.0,6.0,6.0,6.0,6.0,,6.0,6.0,6.0,6.0,6.0,6.0,6.0,6.0,6.0,1.0,1.0,1.0,1.0,1.0,1.0,1.0
197754043,Jawa Barat,Subang,Subang 1,Teller (KUOTA 50%),Pria,20,20 - 25 tahun,3 tahun s/d 4 tahun 11 bulan,1 minggu 2 kali atau lebih,Belum menikah,Tidak memiliki anak,SLTA,Wiraswasta/Pengusaha/Pedagang,A1.3 : Rp 9.000.001- Rp 10.500.000,Rp 15.000.001- Rp 20.000.000,10.0,6.0,6.0,Promoter,6.0,1.0,5.0,Unknown,,3.0,6.0,6.0,6.0,6.0,6.0,6.0,6.0,6.0,6.0,6.0,6.0,6.0,6.0,6.0,6.0,6.0,1.0,1.0,1.0,1.0,1.0,1.0,1.0
197754044,Sumatera Selatan,Palembang,Palembang 1,Teller (KUOTA 50%),Pria,32,31 - 35 tahun,1 tahun s/d 2 tahun 11 bulan,1 minggu 2 kali atau lebih,Menikah,1 anak,SLTA,Pegawai/Karyawan Swasta,B : Rp. 2.000.001 - Rp. 3.000.000,Rp. 4.500.000 - Rp 6.000.000,9.0,6.0,6.0,Promoter,6.0,1.0,5.0,Unknown,,3.0,6.0,5.0,6.0,5.0,6.0,6.0,,6.0,6.0,6.0,6.0,6.0,6.0,6.0,6.0,6.0,1.0,1.0,1.0,1.0,1.0,1.0,1.0
197754134,Jawa Tengah,Semarang,Semarang 1,CS (KUOTA 50%),Pria,35,31 - 35 tahun,1 tahun s/d 2 tahun 11 bulan,1 bulan sekali,Menikah,1 anak,Sarjana (S1),Wiraswasta/Pengusaha/Pedagang,A1.2 : Rp 7.500.001- Rp 9.000.000,Rp 10.500.0001 - Rp 15.000.000,8.0,5.0,5.0,Passive,5.0,5.0,0.0,Unknown,,,5.0,5.0,5.0,5.0,5.0,5.0,5.0,5.0,5.0,5.0,5.0,5.0,5.0,5.0,5.0,5.0,5.0,5.0,5.0,5.0,5.0,5.0,5.0
197754238,Jawa Barat,Cirebon,Cirebon 1,Teller (KUOTA 50%),Pria,29,26 - 30 tahun,1 tahun s/d 2 tahun 11 bulan,1 minggu 2 kali atau lebih,Menikah,1 anak,SLTA,Pegawai/Karyawan Swasta,A2 : Rp. 3.000.001 - Rp. 4.500.000,Rp. 3.000.001 - Rp. 4.500.000,10.0,6.0,6.0,Promoter,6.0,1.0,5.0,Unknown,,3.0,6.0,6.0,6.0,6.0,6.0,6.0,,6.0,6.0,6.0,6.0,6.0,6.0,6.0,6.0,6.0,1.0,1.0,1.0,1.0,1.0,1.0,1.0
197754249,DKI Jakarta,Jakarta Barat,Jakarta Barat 2,Teller (KUOTA 50%),Wanita,48,46 - 50 tahun,1 tahun s/d 2 tahun 11 bulan,1 minggu 2 kali atau lebih,Menikah,3 anak,Akademi/D3,Pegawai Negeri Sipil (Guru),A1.1 : Rp 6.000.001 - Rp 7.500.000,Rp 10.500.0001 - Rp 15.000.000,9.0,6.0,6.0,Promoter,5.333333333333333,1.5714285714285714,3.761904761904762,Unknown,,3.0,6.0,6.0,6.0,6.0,6.0,6.0,,5.0,6.0,5.0,5.0,5.0,6.0,5.0,6.0,5.0,1.0,5.0,1.0,1.0,1.0,1.0,1.0
197754395,Jawa Tengah,Semarang,Semarang 1,CS (KUOTA 50%),Pria,48,46 - 50 tahun,3 tahun s/d 4 tahun 11 bulan,1 bulan sekali,Menikah,2 anak,Sarjana (S1),Wiraswasta/Pengusaha/Pedagang,A1.2 : Rp 7.500.001- Rp 9.000.000,Rp 15.000.001- Rp 20.000.000,8.0,5.0,5.0,Passive,5.0,5.0,0.0,Unknown,,,5.0,5.0,5.0,5.0,5.0,,5.0,5.0,5.0,5.0,5.0,5.0,5.0,5.0,5.0,5.0,5.0,5.0,5.0,5.0,5.0,5.0,5.0
197754397,Jawa Barat,Sukabumi,Sukabumi 1,CS (KUOTA 50%),Pria,29,26 - 30 tahun,5 tahun atau lebih,2 minggu sekali,Menikah,1 anak,Sarjana (S1),Wiraswasta/Pengusaha/Pedagang,A1 : Rp. 4.500.000 - Rp 6.000.000,Rp 6.000.001 - Rp 7.500.000,10.0,6.0,6.0,Promoter,6.0,1.0,5.0,Satisfied,4.0,,6.0,6.0,6.0,6.0,6.0,,6.0,6.0,6.0,6.0,6.0,6.0,6.0,6.0,6.0,6.0,1.0,1.0,1.0,1.0,1.0,1.0,1.0
197754415,Jawa Barat,Indramayu,Indramayu 2,CS (KUOTA 50%),Pria,42,41 - 45 tahun,3 tahun s/d 4 tahun 11 bulan,1 minggu 2 kali atau lebih,Menikah,Tidak memiliki anak,SLTA,Wiraswasta/Pengusaha/Pedagang,A2 : Rp. 3.000.001 - Rp. 4.500.000,Rp. 4.500.000 - Rp 6.000.000,9.0,6.0,6.0,Promoter,5.333333333333333,1.0,4.333333333333333,Unknown,,3.0,5.0,5.0,6.0,6.0,6.0,,6.0,6.0,5.0,6.0,5.0,6.0,5.0,5.0,5.0,5.0,1.0,1.0,1.0,1.0,1.0,1.0,1.0
197754441,Jawa Barat,Bandung,Bandung 4,CS (KUOTA 50%),Wanita,39,36 - 40 tahun,5 tahun atau lebih,1 minggu 2 kali atau lebih,Menikah,2 anak,Sarjana (S1),Pegawai Negeri Sipil (Guru),A2 : Rp. 3.000.001 - Rp. 4.500.000,Rp 9.000.001- Rp 10.500.000,9.0,5.0,6.0,Promoter,6.0,1.0,5.0,Loyal Champion,4.0,3.0,6.0,5.0,6.0,6.0,6.0,,6.0,6.0,6.0,6.0,6.0,6.0,6.0,6.0,6.0,6.0,1.0,1.0,1.0,1.0,1.0,1.0,1.0
197754585,Banten,Cilegon,Cilegon 1,Teller (KUOTA 50%),Pria,44,41 - 45 tahun,5 tahun atau lebih,1 minggu 2 kali atau lebih,Menikah,2 anak,Sarjana (S1),Pegawai Negeri Sipil (Bukan Guru),A1 : Rp. 4.500.000 - Rp 6.000.000,Rp 20.000.001 - Rp 25.000.000,10.0,6.0,6.0,Promoter,6.0,1.2857142857142858,4.714285714285714,Loyal Champion,4.0,3.0,6.0,6.0,6.0,6.0,6.0,6.0,,6.0,6.0,6.0,6.0,6.0,6.0,6.0,6.0,6.0,1.0,1.0,1.0,1.0,1.0,1.0,3.0
197754702,Jawa Barat,Sukabumi,Sukabumi 1,CS (KUOTA 50%),Pria,50,46 - 50 tahun,5 tahun atau lebih,1 minggu 2 kali atau lebih,Menikah,3 anak,SLTA,Pegawai Negeri Sipil (Guru),A2 : Rp. 3.000.001 - Rp. 4.500.000,Rp. 3.000.001 - Rp. 4.500.000,10.0,6.0,6.0,Promoter,6.0,1.0,5.0,Loyal Champion,4.0,3.0,6.0,6.0,6.0,6.0,6.0,6.0,6.0,6.0,6.0,6.0,6.0,6.0,6.0,6.0,6.0,6.0,1.0,1.0,1.0,1.0,1.0,1.0,1.0
197754703,Banten,Cilegon,Cilegon 2,Teller (KUOTA 50%),Pria,42,41 - 45 tahun,5 tahun atau lebih,1 minggu 2 kali atau lebih,Menikah,2 anak,Sarjana (S1),Pegawai Negeri Sipil (Bukan Guru),A1 : Rp. 4.500.000 - Rp 6.000.000,Rp 10.500.0001 - Rp 15.000.000,10.0,6.0,6.0,Promoter,6.0,1.7142857142857142,4.285714285714286,Loyal Champion,4.0,3.0,6.0,6.0,6.0,6.0,6.0,6.0,,6.0,6.0,6.0,6.0,6.0,6.0,6.0,6.0,6.0,3.0,1.0,1.0,2.0,2.0,1.0,2.0
197754758,Jawa Barat,Indramayu,Indramayu 1,Teller (KUOTA 50%),Pria,28,26 - 30 tahun,1 tahun s/d 2 tahun 11 bulan,1 minggu sekali,Menikah,1 anak,SLTA,Wiraswasta/Pengusaha/Pedagang,A2 : Rp. 3.000.001 - Rp. 4.500.000,Rp. 3.000.001 - Rp. 4.500.000,10.0,6.0,6.0,Promoter,5.555555555555555,1.0,4.555555555555555,Unknown,,,6.0,6.0,6.0,6.0,6.0,6.0,6.0,6.0,6.0,5.0,6.0,6.0,6.0,5.0,5.0,5.0,1.0,1.0,1.0,1.0,1.0,1.0,1.0
197754770,Banten,Pandeglang,Pandeglang 1,Teller (KUOTA 50%),Pria,31,31 - 35 tahun,3 tahun s/d 4 tahun 11 bulan,1 minggu 2 kali atau lebih,Menikah,1 anak,SLTA,Perangkat Desa (Camat/Lurah/RW),C2 : Rp. 1.000.001 - Rp. 1.500.000,Rp. 3.000.001 - Rp. 4.500.000,10.0,6.0,6.0,Promoter,6.0,1.0,5.0,Unknown,,3.0,6.0,6.0,6.0,6.0,6.0,6.0,6.0,6.0,6.0,6.0,6.0,6.0,6.0,6.0,6.0,6.0,1.0,1.0,1.0,1.0,1.0,1.0,1.0
197754773,Sumatera Utara,Medan,Medan 1,CS (KUOTA 50%),Wanita,44,41 - 45 tahun,5 tahun atau lebih,1 bulan sekali,Duda / Janda,3 anak,SLTA,Pegawai/Karyawan Swasta,A1.2 : Rp 7.500.001- Rp 9.000.000,Rp 9.000.001- Rp 10.500.000,10.0,6.0,6.0,Promoter,6.0,1.0,5.0,Satisfied,4.0,,6.0,6.0,6.0,6.0,6.0,,6.0,6.0,6.0,6.0,6.0,6.0,6.0,6.0,6.0,6.0,1.0,1.0,1.0,1.0,1.0,1.0,1.0
197754828,Jawa Barat,Majalengka,Majalengka 1,CS (KUOTA 50%),Pria,36,36 - 40 tahun,1 tahun s/d 2 tahun 11 bulan,1 minggu sekali,Menikah,2 anak,SLTA,Pegawai/Karyawan Swasta,A1 : Rp. 4.500.000 - Rp 6.000.000,Rp. 4.500.000 - Rp 6.000.000,8.0,6.0,6.0,Passive,6.0,3.4285714285714284,2.5714285714285716,Unknown,,,6.0,6.0,6.0,5.0,6.0,,6.0,6.0,6.0,6.0,6.0,6.0,6.0,6.0,6.0,6.0,1.0,6.0,2.0,6.0,1.0,6.0,2.0
197754836,Jawa Barat,Cirebon,Cirebon 2,Teller (KUOTA 50%),Wanita,50,46 - 50 tahun,5 tahun atau lebih,1 bulan sekali,Menikah,Tidak memiliki anak,Sarjana (S1),Pegawai Negeri Sipil (Bukan Guru),A1.4 : Rp 10.500.0001 - Rp 15.000.000,Rp 10.500.0001 - Rp 15.000.000,9.0,6.0,6.0,Promoter,6.0,5.857142857142857,0.14285714285714324,Satisfied,4.0,,6.0,6.0,6.0,6.0,6.0,6.0,,6.0,6.0,6.0,6.0,6.0,6.0,6.0,6.0,6.0,6.0,6.0,6.0,6.0,6.0,5.0,6.0
197754961,Jawa Barat,Subang,Subang 1,Teller (KUOTA 50%),Wanita,22,20 - 25 tahun,5 tahun atau lebih,1 minggu 2 kali atau lebih,Menikah,Tidak memiliki anak,SLTA,Tenaga Honorer,A1 : Rp. 4.500.000 - Rp 6.000.000,Rp. 4.500.000 - Rp 6.000.000,10.0,6.0,6.0,Promoter,6.0,1.0,5.0,Loyal Champion,4.0,3.0,6.0,6.0,6.0,6.0,6.0,6.0,,6.0,6.0,6.0,6.0,6.0,6.0,6.0,6.0,6.0,1.0,1.0,1.0,1.0,1.0,1.0,1.0
197755004,Jawa Barat,Indramayu,Indramayu 1,CS (KUOTA 50%),Wanita,40,36 - 40 tahun,5 tahun atau lebih,2 minggu sekali,Menikah,1 anak,Sarjana (S1),Pegawai Negeri Sipil (Guru),A1 : Rp. 4.500.000 - Rp 6.000.000,Rp 7.500.001- Rp 9.000.000,10.0,6.0,6.0,Promoter,6.0,6.0,0.0,Satisfied,4.0,,6.0,6.0,6.0,6.0,6.0,,6.0,6.0,6.0,6.0,6.0,6.0,6.0,6.0,6.0,6.0,6.0,6.0,6.0,6.0,6.0,6.0,6.0
197755076,Jawa Barat,Bandung,Bandung 3,Teller (KUOTA 50%),Pria,31,31 - 35 tahun,5 tahun atau lebih,1 minggu 2 kali atau lebih,Duda / Janda,1 anak,Sarjana (S1),Pegawai/Karyawan Swasta,A1 : Rp. 4.500.000 - Rp 6.000.000,Rp 10.500.0001 - Rp 15.000.000,8.0,6.0,6.0,Passive,6.0,1.0,5.0,Passive,4.0,3.0,6.0,6.0,6.0,6.0,6.0,6.0,,6.0,6.0,6.0,6.0,6.0,6.0,6.0,6.0,6.0,1.0,1.0,1.0,1.0,1.0,1.0,1.0
197755086,Jawa Barat,Sukabumi,Sukabumi 1,Teller (KUOTA 50%),Wanita,43,41 - 45 tahun,5 tahun atau lebih,1 minggu 2 kali atau lebih,Menikah,1 anak,Sarjana (S1),Pegawai Negeri Sipil (Bukan Guru),A1.1 : Rp 6.000.001 - Rp 7.500.000,Rp 10.500.0001 - Rp 15.000.000,10.0,6.0,6.0,Promoter,6.0,1.0,5.0,Loyal Champion,4.0,3.0,6.0,6.0,6.0,6.0,6.0,6.0,,6.0,6.0,6.0,6.0,6.0,6.0,6.0,6.0,6.0,1.0,1.0,1.0,1.0,1.0,1.0,1.0
197755120,Jawa Barat,Bandung,Bandung 2,CS (KUOTA 50%),Pria,37,36 - 40 tahun,3 tahun s/d 4 tahun 11 bulan,1 minggu 2 kali atau lebih,Menikah,2 anak,Akademi/D3,Wiraswasta/Pengusaha/Pedagang,A2 : Rp. 3.000.001 - Rp. 4.500.000,Rp 6.000.001 - Rp 7.500.000,10.0,6.0,6.0,Promoter,6.0,1.0,5.0,Unknown,,3.0,6.0,6.0,6.0,6.0,6.0,,6.0,6.0,6.0,6.0,6.0,6.0,6.0,6.0,6.0,6.0,1.0,1.0,1.0,1.0,1.0,1.0,1.0
197755195,Jawa Barat,Tasikmalaya,Tasikmalaya 2,Teller (KUOTA 50%),Wanita,46,46 - 50 tahun,5 tahun atau lebih,2 minggu sekali,Menikah,1 anak,Sarjana (S1),Pegawai Negeri Sipil (Bukan Guru),A1.1 : Rp 6.000.001 - Rp 7.500.000,Rp 6.000.001 - Rp 7.500.000,10.0,6.0,6.0,Promoter,6.0,1.0,5.0,Satisfied,4.0,,6.0,6.0,6.0,6.0,6.0,6.0,6.0,6.0,6.0,6.0,6.0,6.0,6.0,6.0,6.0,6.0,1.0,1.0,1.0,1.0,1.0,1.0,1.0
197755567,Jawa Barat,Cirebon,Cirebon 2,Teller (KUOTA 50%),Wanita,32,31 - 35 tahun,3 tahun s/d 4 tahun 11 bulan,1 bulan sekali,Menikah,1 anak,Sarjana (S1),Pegawai Negeri Sipil (Guru),A2 : Rp. 3.000.001 - Rp. 4.500.000,Rp. 3.000.001 - Rp. 4.500.000,9.0,5.0,6.0,Promoter,6.0,6.0,0.0,Unknown,,,6.0,5.0,5.0,5.0,6.0,6.0,,6.0,6.0,6.0,6.0,6.0,6.0,6.0,6.0,6.0,6.0,6.0,6.0,6.0,6.0,6.0,6.0
197755665,Jawa Barat,Majalengka,Majalengka 1,CS (KUOTA 50%),Pria,27,26 - 30 tahun,1 tahun s/d 2 tahun 11 bulan,1 minggu sekali,Belum menikah,Tidak memiliki anak,Sarjana (S1),Pegawai Negeri Sipil (Guru),B : Rp. 2.000.001 - Rp. 3.000.000,Rp. 3.000.001 - Rp. 4.500.000,10.0,6.0,6.0,Promoter,6.0,1.0,5.0,Unknown,,,6.0,6.0,6.0,6.0,6.0,6.0,6.0,6.0,6.0,6.0,6.0,6.0,6.0,6.0,6.0,6.0,1.0,1.0,1.0,1.0,1.0,1.0,1.0
197755753,Jawa Barat,Subang,Subang 1,Teller (KUOTA 50%),Pria,18,17 -19 tahun,1 tahun s/d 2 tahun 11 bulan,1 bulan sekali,Belum menikah,Tidak memiliki anak,SLTA,Mahasiswa/i,A1.1 : Rp 6.000.001 - Rp 7.500.000,Rp 6.000.001 - Rp 7.500.000,10.0,6.0,6.0,Promoter,6.0,1.4285714285714286,4.571428571428571,Unknown,,,6.0,6.0,6.0,6.0,6.0,6.0,6.0,6.0,6.0,6.0,6.0,6.0,6.0,6.0,6.0,6.0,1.0,2.0,1.0,2.0,1.0,1.0,2.0
197755910,Banten,Cilegon,Cilegon 2,Teller (KUOTA 50%),Pria,40,36 - 40 tahun,5 tahun atau lebih,1 minggu sekali,Menikah,2 anak,Sarjana (S1),Wiraswasta/Pengusaha/Pedagang,A2 : Rp. 3.000.001 - Rp. 4.500.000,Rp 7.500.001- Rp 9.000.000,10.0,6.0,6.0,Promoter,6.0,2.4285714285714284,3.5714285714285716,Satisfied,4.0,,6.0,6.0,6.0,6.0,6.0,6.0,,6.0,6.0,6.0,6.0,6.0,6.0,6.0,6.0,6.0,3.0,3.0,2.0,3.0,2.0,2.0,2.0
197755922,Jawa Barat,Karawang,Karawang 1,CS (KUOTA 50%),Wanita,25,20 - 25 tahun,5 tahun atau lebih,1 minggu 2 kali atau lebih,Belum menikah,Tidak memiliki anak,Sarjana (S1),Tenaga Honorer,A2 : Rp. 3.000.001 - Rp. 4.500.000,Rp. 4.500.000 - Rp 6.000.000,10.0,6.0,6.0,Promoter,5.888888888888889,1.4285714285714286,4.4603174603174605,Loyal Champion,4.0,3.0,6.0,6.0,6.0,6.0,6.0,6.0,6.0,6.0,6.0,6.0,6.0,6.0,6.0,6.0,6.0,5.0,1.0,2.0,2.0,1.0,1.0,1.0,2.0
197755957,Jawa Barat,Bekasi,Bekasi 1,CS (KUOTA 50%),Wanita,23,20 - 25 tahun,1 tahun s/d 2 tahun 11 bulan,2 minggu sekali,Belum menikah,Tidak memiliki anak,Akademi/D3,Pegawai/Karyawan Swasta,B : Rp. 2.000.001 - Rp. 3.000.000,Rp 7.500.001- Rp 9.000.000,8.0,6.0,6.0,Passive,6.0,1.0,5.0,Unknown,,,6.0,6.0,6.0,6.0,6.0,,6.0,6.0,6.0,6.0,6.0,6.0,6.0,6.0,6.0,6.0,1.0,1.0,1.0,1.0,1.0,1.0,1.0
197755991,Jawa Barat,Subang,Subang 1,Teller (KUOTA 50%),Pria,35,31 - 35 tahun,1 tahun s/d 2 tahun 11 bulan,1 minggu 2 kali atau lebih,Duda / Janda,1 anak,SLTA,Wiraswasta/Pengusaha/Pedagang,A1 : Rp. 4.500.000 - Rp 6.000.000,Rp 9.000.001- Rp 10.500.000,10.0,6.0,6.0,Promoter,6.0,1.0,5.0,Unknown,,3.0,6.0,6.0,6.0,6.0,6.0,6.0,,6.0,6.0,6.0,6.0,6.0,6.0,6.0,6.0,6.0,1.0,1.0,1.0,1.0,1.0,1.0,1.0
197756054,Jawa Tengah,Semarang,Semarang 1,Teller (KUOTA 50%),Wanita,45,41 - 45 tahun,3 tahun s/d 4 tahun 11 bulan,1 bulan sekali,Menikah,2 anak,Akademi/D3,Ibu Rumah Tangga,A1.2 : Rp 7.500.001- Rp 9.000.000,Rp 10.500.0001 - Rp 15.000.000,8.0,5.0,5.0,Passive,5.0,5.0,0.0,Unknown,,,5.0,5.0,5.0,5.0,5.0,5.0,5.0,5.0,5.0,5.0,5.0,5.0,5.0,5.0,5.0,5.0,5.0,5.0,5.0,5.0,5.0,5.0,5.0
197756081,Jawa Barat,Indramayu,Indramayu 2,Teller (KUOTA 50%),Pria,40,36 - 40 tahun,3 tahun s/d 4 tahun 11 bulan,2 minggu sekali,Menikah,2 anak,SLTA,Wiraswasta/Pengusaha/Pedagang,A2 : Rp. 3.000.001 - Rp. 4.500.000,Rp. 4.500.000 - Rp 6.000.000,9.0,6.0,6.0,Promoter,6.0,1.0,5.0,Unknown,,,6.0,6.0,6.0,6.0,6.0,6.0,,6.0,6.0,6.0,6.0,6.0,6.0,6.0,6.0,6.0,1.0,1.0,1.0,1.0,1.0,1.0,1.0
197756119,Jawa Barat,Tasikmalaya,Tasikmalaya 2,CS (KUOTA 50%),Wanita,30,26 - 30 tahun,1 tahun s/d 2 tahun 11 bulan,1 minggu sekali,Menikah,2 anak,Sarjana (S1),Guru (Non PNS),A2 : Rp. 3.000.001 - Rp. 4.500.000,Rp 6.000.001 - Rp 7.500.000,8.0,6.0,6.0,Passive,6.0,1.1428571428571428,4.857142857142858,Unknown,,,6.0,6.0,6.0,6.0,6.0,,6.0,6.0,6.0,6.0,6.0,6.0,6.0,6.0,6.0,6.0,1.0,1.0,1.0,1.0,1.0,1.0,2.0
197756167,Jawa Barat,Depok,Depok 1,Teller (KUOTA 50%),Wanita,46,46 - 50 tahun,5 tahun atau lebih,1 bulan sekali,Belum menikah,2 anak,SLTA,Wiraswasta/Pengusaha/Pedagang,A1.1 : Rp 6.000.001 - Rp 7.500.000,Rp 10.500.0001 - Rp 15.000.000,8.0,6.0,6.0,Passive,6.0,4.571428571428571,1.4285714285714288,Passive,4.0,,6.0,6.0,6.0,6.0,6.0,6.0,,6.0,6.0,6.0,6.0,6.0,6.0,6.0,6.0,6.0,6.0,4.0,4.0,6.0,4.0,4.0,4.0
197756181,Jawa Barat,Indramayu,Indramayu 1,Teller (KUOTA 50%),Pria,27,26 - 30 tahun,5 tahun atau lebih,1 minggu sekali,Belum menikah,Tidak memiliki anak,SLTA,Wiraswasta/Pengusaha/Pedagang,B : Rp. 2.000.001 - Rp. 3.000.000,Rp. 2.000.001 - Rp. 3.000.000,10.0,6.0,6.0,Promoter,6.0,1.7142857142857142,4.285714285714286,Satisfied,4.0,,6.0,6.0,6.0,6.0,6.0,6.0,6.0,6.0,6.0,6.0,6.0,6.0,6.0,6.0,6.0,6.0,1.0,1.0,1.0,1.0,1.0,6.0,1.0
197756243,Jawa Barat,Indramayu,Indramayu 1,CS (KUOTA 50%),Pria,30,26 - 30 tahun,5 tahun atau lebih,1 minggu sekali,Menikah,Tidak memiliki anak,Akademi/D3,Guru (Non PNS),B : Rp. 2.000.001 - Rp. 3.000.000,Rp. 3.000.001 - Rp. 4.500.000,10.0,6.0,6.0,Promoter,5.444444444444445,1.0,4.444444444444445,Satisfied,4.0,,6.0,6.0,6.0,6.0,6.0,,6.0,6.0,6.0,6.0,6.0,6.0,6.0,6.0,6.0,1.0,1.0,1.0,1.0,1.0,1.0,1.0,1.0
197756341,Jawa Barat,Bandung,Bandung 3,CS (KUOTA 50%),Wanita,48,46 - 50 tahun,5 tahun atau lebih,2 minggu sekali,Menikah,2 anak,Sarjana (S1),Pegawai Negeri Sipil (Bukan Guru),A1.1 : Rp 6.000.001 - Rp 7.500.000,Rp 10.500.0001 - Rp 15.000.000,10.0,6.0,6.0,Promoter,6.0,1.0,5.0,Satisfied,4.0,,6.0,6.0,6.0,6.0,6.0,,6.0,6.0,6.0,6.0,6.0,6.0,6.0,6.0,6.0,6.0,1.0,1.0,1.0,1.0,1.0,1.0,1.0
197756346,Jawa Barat,Tasikmalaya,Tasikmalaya 2,CS (KUOTA 50%),Wanita,38,36 - 40 tahun,5 tahun atau lebih,2 minggu sekali,Menikah,2 anak,SLTA,Ibu Rumah Tangga,A1 : Rp. 4.500.000 - Rp 6.000.000,Rp. 4.500.000 - Rp 6.000.000,10.0,6.0,6.0,Promoter,6.0,1.0,5.0,Satisfied,4.0,,6.0,6.0,6.0,6.0,6.0,,6.0,6.0,6.0,6.0,6.0,6.0,6.0,6.0,6.0,6.0,1.0,1.0,1.0,1.0,1.0,1.0,1.0
197756509,Jawa Barat,Depok,Depok 1,Teller (KUOTA 50%),Pria,50,46 - 50 tahun,5 tahun atau lebih,1 minggu 2 kali atau lebih,Belum menikah,2 anak,Sarjana (S1),Wiraswasta/Pengusaha/Pedagang,A1.2 : Rp 7.500.001- Rp 9.000.000,Rp 10.500.0001 - Rp 15.000.000,5.0,6.0,6.0,Detractor,5.888888888888889,2.7142857142857144,3.174603174603175,At Risk,4.0,3.0,6.0,6.0,6.0,6.0,6.0,6.0,,5.0,6.0,6.0,6.0,6.0,6.0,6.0,6.0,6.0,5.0,5.0,5.0,1.0,1.0,1.0,1.0
197756767,Jawa Barat,Subang,Subang 1,CS (KUOTA 50%),Pria,20,20 - 25 tahun,1 tahun s/d 2 tahun 11 bulan,1 minggu 2 kali atau lebih,Belum menikah,Tidak memiliki anak,SLTA,Wiraswasta/Pengusaha/Pedagang,A2 : Rp. 3.000.001 - Rp. 4.500.000,Rp. 3.000.001 - Rp. 4.500.000,8.0,6.0,6.0,Passive,5.888888888888889,1.2857142857142858,4.603174603174604,Unknown,,3.0,5.0,5.0,6.0,6.0,6.0,,6.0,6.0,5.0,6.0,6.0,6.0,6.0,6.0,6.0,6.0,1.0,1.0,2.0,2.0,1.0,1.0,1.0
197756808,Jawa Barat,Indramayu,Indramayu 2,Teller (KUOTA 50%),Wanita,32,31 - 35 tahun,1 tahun s/d 2 tahun 11 bulan,2 minggu sekali,Menikah,Tidak memiliki anak,Sarjana (S1),Ibu Rumah Tangga,A2 : Rp. 3.000.001 - Rp. 4.500.000,Rp. 4.500.000 - Rp 6.000.000,7.0,6.0,6.0,Passive,6.0,2.0,4.0,Unknown,,,6.0,6.0,6.0,6.0,6.0,6.0,6.0,6.0,6.0,6.0,6.0,6.0,6.0,6.0,6.0,6.0,1.0,1.0,1.0,6.0,1.0,1.0,3.0
197756875,Banten,Cilegon,Cilegon 2,Teller (KUOTA 50%),Pria,31,31 - 35 tahun,5 tahun atau lebih,1 minggu sekali,Menikah,1 anak,Sarjana (S1),Wiraswasta/Pengusaha/Pedagang,A1 : Rp. 4.500.000 - Rp 6.000.000,Rp 6.000.001 - Rp 7.500.000,10.0,6.0,6.0,Promoter,6.0,2.2857142857142856,3.7142857142857144,Satisfied,4.0,,6.0,6.0,6.0,6.0,6.0,6.0,,6.0,6.0,6.0,6.0,6.0,6.0,6.0,6.0,6.0,2.0,2.0,2.0,2.0,3.0,3.0,2.0
197756917,Jawa Barat,Bandung,Bandung 6,Teller (KUOTA 50%),Wanita,42,41 - 45 tahun,3 tahun s/d 4 tahun 11 bulan,1 minggu 2 kali atau lebih,Menikah,1 anak,Akademi/D3,Pegawai/Karyawan Swasta,A1.1 : Rp 6.000.001 - Rp 7.500.000,Rp 10.500.0001 - Rp 15.000.000,10.0,6.0,6.0,Promoter,5.555555555555555,1.0,4.555555555555555,Unknown,,3.0,6.0,6.0,6.0,6.0,6.0,6.0,6.0,6.0,6.0,6.0,6.0,6.0,5.0,5.0,5.0,5.0,1.0,1.0,1.0,1.0,1.0,1.0,1.0
197756918,Jawa Barat,Bandung,Bandung 6,CS (KUOTA 50%),Wanita,26,26 - 30 tahun,3 tahun s/d 4 tahun 11 bulan,1 minggu 2 kali atau lebih,Menikah,1 anak,Akademi/D3,Pegawai/Karyawan Swasta,A2 : Rp. 3.000.001 - Rp. 4.500.000,Rp 10.500.0001 - Rp 15.000.000,10.0,6.0,6.0,Promoter,6.0,1.0,5.0,Unknown,,3.0,6.0,6.0,6.0,6.0,6.0,,6.0,6.0,6.0,6.0,6.0,6.0,6.0,6.0,6.0,6.0,1.0,1.0,1.0,1.0,1.0,1.0,1.0
197756962,Jawa Barat,Bandung,Bandung 6,Teller (KUOTA 50%),Wanita,26,26 - 30 tahun,1 tahun s/d 2 tahun 11 bulan,1 bulan sekali,Menikah,Tidak memiliki anak,Sarjana (S1),Pegawai/Karyawan Swasta,B : Rp. 2.000.001 - Rp. 3.000.000,Rp. 4.500.000 - Rp 6.000.000,9.0,6.0,6.0,Promoter,5.333333333333333,1.0,4.333333333333333,Unknown,,,6.0,5.0,5.0,5.0,6.0,6.0,,5.0,6.0,5.0,5.0,6.0,5.0,6.0,5.0,5.0,1.0,1.0,1.0,1.0,1.0,1.0,1.0
197756963,Jawa Barat,Bandung,Bandung 6,Teller (KUOTA 50%),Pria,48,46 - 50 tahun,5 tahun atau lebih,1 bulan sekali,Belum menikah,Tidak memiliki anak,SLTA,Pegawai/Karyawan Swasta,A1 : Rp. 4.500.000 - Rp 6.000.000,Rp 6.000.001 - Rp 7.500.000,10.0,6.0,6.0,Promoter,6.0,1.0,5.0,Satisfied,4.0,,6.0,6.0,6.0,6.0,6.0,6.0,,6.0,6.0,6.0,6.0,6.0,6.0,6.0,6.0,6.0,1.0,1.0,1.0,1.0,1.0,1.0,1.0
197756999,Jawa Barat,Cirebon,Cirebon 1,CS (KUOTA 50%),Pria,50,46 - 50 tahun,5 tahun atau lebih,1 minggu 2 kali atau lebih,Menikah,3 anak,SLTA,Pegawai Negeri Sipil (Bukan Guru),A2 : Rp. 3.000.001 - Rp. 4.500.000,Rp. 3.000.001 - Rp. 4.500.000,10.0,6.0,6.0,Promoter,6.0,1.7142857142857142,4.285714285714286,Loyal Champion,4.0,3.0,6.0,6.0,6.0,6.0,6.0,,6.0,6.0,6.0,6.0,6.0,6.0,6.0,6.0,6.0,6.0,1.0,1.0,6.0,1.0,1.0,1.0,1.0
197757171,Jawa Barat,Sukabumi,Sukabumi 1,Teller (KUOTA 50%),Wanita,31,31 - 35 tahun,1 tahun s/d 2 tahun 11 bulan,1 minggu sekali,Menikah,1 anak,Sarjana (S1),Wiraswasta/Pengusaha/Pedagang,A1.6 : Rp 20.000.001 - Rp 25.000.000,Di atas Rp 25.000.000,10.0,6.0,6.0,Promoter,6.0,3.142857142857143,2.857142857142857,Unknown,,,6.0,6.0,6.0,6.0,6.0,6.0,,6.0,6.0,6.0,6.0,6.0,6.0,6.0,6.0,6.0,1.0,6.0,1.0,6.0,1.0,6.0,1.0
197757318,Jawa Barat,Indramayu,Indramayu 1,CS (KUOTA 50%),Pria,35,31 - 35 tahun,5 tahun atau lebih,1 minggu 2 kali atau lebih,Belum menikah,Tidak memiliki anak,SLTA,Pegawai/Karyawan Swasta,B : Rp. 2.000.001 - Rp. 3.000.000,Rp. 3.000.001 - Rp. 4.500.000,10.0,6.0,6.0,Promoter,6.0,1.0,5.0,Loyal Champion,4.0,3.0,6.0,6.0,6.0,6.0,6.0,,6.0,6.0,6.0,6.0,6.0,6.0,6.0,6.0,6.0,6.0,1.0,1.0,1.0,1.0,1.0,1.0,1.0
197757320,Jawa Barat,Majalengka,Majalengka 1,Teller (KUOTA 50%),Wanita,49,46 - 50 tahun,5 tahun atau lebih,1 minggu 2 kali atau lebih,Menikah,1 anak,SLTA,Pegawai Negeri Sipil (Guru),A1 : Rp. 4.500.000 - Rp 6.000.000,Rp 6.000.001 - Rp 7.500.000,10.0,6.0,6.0,Promoter,6.0,1.0,5.0,Loyal Champion,4.0,3.0,6.0,6.0,6.0,6.0,6.0,6.0,,6.0,6.0,6.0,6.0,6.0,6.0,6.0,6.0,6.0,1.0,1.0,1.0,1.0,1.0,1.0,1.0
197757508,Jawa Barat,Bekasi,Bekasi 1,Teller (KUOTA 50%),Wanita,25,20 - 25 tahun,1 tahun s/d 2 tahun 11 bulan,1 minggu sekali,Menikah,1 anak,SLTA,Ibu Rumah Tangga,A1 : Rp. 4.500.000 - Rp 6.000.000,Rp 7.500.001- Rp 9.000.000,8.0,6.0,6.0,Passive,6.0,1.7142857142857142,4.285714285714286,Unknown,,,6.0,6.0,6.0,5.0,6.0,6.0,,6.0,6.0,6.0,6.0,6.0,6.0,6.0,6.0,6.0,1.0,1.0,1.0,1.0,1.0,6.0,1.0
197757555,Jawa Barat,Bandung,Bandung 3,CS (KUOTA 50%),Wanita,37,36 - 40 tahun,5 tahun atau lebih,1 minggu sekali,Menikah,3 anak,Sarjana (S1),Tenaga Honorer,A1 : Rp. 4.500.000 - Rp 6.000.000,Rp 7.500.001- Rp 9.000.000,10.0,6.0,6.0,Promoter,6.0,1.7142857142857142,4.285714285714286,Satisfied,4.0,,6.0,6.0,6.0,6.0,6.0,,6.0,6.0,6.0,6.0,6.0,6.0,6.0,6.0,6.0,6.0,1.0,1.0,6.0,1.0,1.0,1.0,1.0
197757560,Jawa Barat,Bandung,Bandung 5,CS (KUOTA 50%),Pria,45,41 - 45 tahun,5 tahun atau lebih,1 minggu 2 kali atau lebih,Menikah,4 anak,Sarjana (S1),Lainnya,A1.2 : Rp 7.500.001- Rp 9.000.000,Rp 6.000.001 - Rp 7.500.000,7.0,6.0,6.0,Passive,5.777777777777778,5.285714285714286,0.4920634920634921,Passive,4.0,3.0,6.0,6.0,6.0,6.0,6.0,6.0,6.0,5.0,6.0,6.0,6.0,6.0,6.0,6.0,6.0,5.0,6.0,6.0,1.0,6.0,6.0,6.0,6.0
197757689,Jawa Barat,Bandung,Bandung 1,CS (KUOTA 50%),Wanita,23,20 - 25 tahun,5 tahun atau lebih,2 minggu sekali,Belum menikah,Tidak memiliki anak,Sarjana (S1),Pegawai Negeri Sipil (Guru),A1.3 : Rp 9.000.001- Rp 10.500.000,Rp 10.500.0001 - Rp 15.000.000,10.0,6.0,6.0,Promoter,6.0,1.0,5.0,Satisfied,4.0,,6.0,6.0,6.0,6.0,6.0,,6.0,6.0,6.0,6.0,6.0,6.0,6.0,6.0,6.0,6.0,1.0,1.0,1.0,1.0,1.0,1.0,1.0
197757735,Jawa Barat,Bandung,Bandung 6,CS (KUOTA 50%),Pria,42,41 - 45 tahun,5 tahun atau lebih,1 bulan sekali,Menikah,4 anak,SLTA,Pegawai/Karyawan Swasta,A2 : Rp. 3.000.001 - Rp. 4.500.000,Rp. 4.500.000 - Rp 6.000.000,10.0,6.0,6.0,Promoter,6.0,1.0,5.0,Satisfied,4.0,,6.0,6.0,6.0,6.0,6.0,,6.0,6.0,6.0,6.0,6.0,6.0,6.0,6.0,6.0,6.0,1.0,1.0,1.0,1.0,1.0,1.0,1.0
197757767,Jawa Barat,Indramayu,Indramayu 2,Teller (KUOTA 50%),Pria,25,20 - 25 tahun,3 tahun s/d 4 tahun 11 bulan,1 minggu sekali,Belum menikah,Tidak memiliki anak,SLTA,Wiraswasta/Pengusaha/Pedagang,C1 : Rp. 1.500.001 - Rp. 2.000.000,Rp. 2.000.001 - Rp. 3.000.000,10.0,6.0,6.0,Promoter,6.0,1.7142857142857142,4.285714285714286,Unknown,,,6.0,6.0,6.0,6.0,6.0,6.0,,6.0,6.0,6.0,6.0,6.0,6.0,6.0,6.0,6.0,1.0,1.0,1.0,1.0,1.0,1.0,6.0
197757781,Kepulauan Riau,Batam,Batam 1,Teller (KUOTA 50%),Pria,44,41 - 45 tahun,1 tahun s/d 2 tahun 11 bulan,1 bulan sekali,Menikah,2 anak,SLTA,Wiraswasta/Pengusaha/Pedagang,A1 : Rp. 4.500.000 - Rp 6.000.000,Rp. 4.500.000 - Rp 6.000.000,10.0,6.0,6.0,Promoter,5.222222222222222,1.8571428571428572,3.365079365079365,Unknown,,,6.0,6.0,5.0,6.0,6.0,6.0,6.0,6.0,6.0,6.0,6.0,6.0,6.0,4.0,3.0,4.0,5.0,1.0,1.0,1.0,1.0,2.0,2.0
197757817,Jawa Tengah,Tegal,Tegal 1,CS (KUOTA 50%),Pria,43,41 - 45 tahun,1 tahun s/d 2 tahun 11 bulan,2 minggu sekali,Menikah,3 anak,SLTA,Polisi / Tentara / Militer,B : Rp. 2.000.001 - Rp. 3.000.000,Rp. 4.500.000 - Rp 6.000.000,10.0,6.0,6.0,Promoter,6.0,1.0,5.0,Unknown,,,6.0,6.0,6.0,6.0,6.0,,6.0,6.0,6.0,6.0,6.0,6.0,6.0,6.0,6.0,6.0,1.0,1.0,1.0,1.0,1.0,1.0,1.0
197757834,Jawa Barat,Indramayu,Indramayu 1,CS (KUOTA 50%),Pria,43,41 - 45 tahun,5 tahun atau lebih,1 minggu sekali,Menikah,1 anak,SLTA,Wiraswasta/Pengusaha/Pedagang,A2 : Rp. 3.000.001 - Rp. 4.500.000,Rp. 3.000.001 - Rp. 4.500.000,10.0,6.0,6.0,Promoter,6.0,1.2857142857142858,4.714285714285714,Satisfied,4.0,,6.0,6.0,6.0,6.0,6.0,6.0,6.0,6.0,6.0,6.0,6.0,6.0,6.0,6.0,6.0,6.0,1.0,2.0,1.0,1.0,1.0,1.0,2.0
197757857,Jawa Barat,Majalengka,Majalengka 1,Teller (KUOTA 50%),Wanita,35,31 - 35 tahun,3 tahun s/d 4 tahun 11 bulan,1 bulan sekali,Menikah,2 anak,Sarjana (S1),Tenaga Honorer,C1 : Rp. 1.500.001 - Rp. 2.000.000,Rp. 1.500.001 - Rp. 2.000.000,10.0,6.0,6.0,Promoter,6.0,1.0,5.0,Unknown,,,6.0,6.0,6.0,6.0,6.0,6.0,6.0,6.0,6.0,6.0,6.0,6.0,6.0,6.0,6.0,6.0,1.0,1.0,1.0,1.0,1.0,1.0,1.0
197757895,Banten,Serang,Serang 1,CS (KUOTA 50%),Pria,39,36 - 40 tahun,1 tahun s/d 2 tahun 11 bulan,1 minggu 2 kali atau lebih,Menikah,2 anak,SD,Lainnya,B : Rp. 2.000.001 - Rp. 3.000.000,Rp. 3.000.001 - Rp. 4.500.000,10.0,6.0,6.0,Promoter,6.0,1.7142857142857142,4.285714285714286,Unknown,,3.0,6.0,6.0,6.0,6.0,6.0,,6.0,6.0,6.0,6.0,6.0,6.0,6.0,6.0,6.0,6.0,1.0,1.0,1.0,1.0,6.0,1.0,1.0
197757918,Sumatera Selatan,Palembang,Palembang 1,CS (KUOTA 50%),Pria,32,31 - 35 tahun,3 tahun s/d 4 tahun 11 bulan,1 minggu sekali,Menikah,3 anak,SLTA,Wiraswasta/Pengusaha/Pedagang,B : Rp. 2.000.001 - Rp. 3.000.000,Rp 6.000.001 - Rp 7.500.000,10.0,6.0,6.0,Promoter,6.0,1.2857142857142858,4.714285714285714,Unknown,,,6.0,6.0,6.0,6.0,6.0,,6.0,6.0,6.0,6.0,6.0,6.0,6.0,6.0,6.0,6.0,1.0,2.0,1.0,1.0,1.0,1.0,2.0
197757961,Jawa Barat,Bandung,Bandung 7,CS (KUOTA 50%),Wanita,21,20 - 25 tahun,1 tahun s/d 2 tahun 11 bulan,2 minggu sekali,Belum menikah,Tidak memiliki anak,Sarjana (S1),Pegawai Negeri Sipil (Bukan Guru),B : Rp. 2.000.001 - Rp. 3.000.000,Rp. 3.000.001 - Rp. 4.500.000,10.0,6.0,6.0,Promoter,5.777777777777778,1.4285714285714286,4.349206349206349,Unknown,,,6.0,6.0,6.0,6.0,6.0,,6.0,6.0,5.0,6.0,6.0,5.0,6.0,6.0,6.0,6.0,2.0,1.0,2.0,1.0,1.0,1.0,2.0
197757966,Kepulauan Riau,Batam,Batam 1,CS (KUOTA 50%),Pria,32,31 - 35 tahun,1 tahun s/d 2 tahun 11 bulan,1 bulan sekali,Menikah,1 anak,SLTA,Pegawai/Karyawan Swasta,A1 : Rp. 4.500.000 - Rp 6.000.000,Rp 6.000.001 - Rp 7.500.000,10.0,5.0,5.0,Promoter,4.777777777777778,1.4285714285714286,3.349206349206349,Unknown,,,5.0,5.0,5.0,5.0,5.0,,5.0,5.0,5.0,5.0,5.0,5.0,5.0,4.0,4.0,5.0,1.0,1.0,1.0,2.0,1.0,1.0,3.0
197758090,Jawa Barat,Majalengka,Majalengka 1,Teller (KUOTA 50%),Wanita,50,46 - 50 tahun,5 tahun atau lebih,1 bulan sekali,Menikah,2 anak,SLTA,Tenaga Honorer,A1 : Rp. 4.500.000 - Rp 6.000.000,Rp 6.000.001 - Rp 7.500.000,10.0,6.0,6.0,Promoter,6.0,1.0,5.0,Satisfied,4.0,,6.0,6.0,6.0,6.0,6.0,6.0,,6.0,6.0,6.0,6.0,6.0,6.0,6.0,6.0,6.0,1.0,1.0,1.0,1.0,1.0,1.0,1.0
197758152,Jawa Barat,Indramayu,Indramayu 1,CS (KUOTA 50%),Pria,35,31 - 35 tahun,5 tahun atau lebih,1 bulan sekali,Menikah,2 anak,Sarjana (S1),Pegawai/Karyawan Swasta,B : Rp. 2.000.001 - Rp. 3.000.000,Rp. 4.500.000 - Rp 6.000.000,10.0,6.0,6.0,Promoter,6.0,1.0,5.0,Satisfied,4.0,,6.0,6.0,6.0,6.0,6.0,,6.0,6.0,6.0,6.0,6.0,6.0,6.0,6.0,6.0,6.0,1.0,1.0,1.0,1.0,1.0,1.0,1.0
197758229,Jawa Barat,Bogor,Bogor 1,CS (KUOTA 50%),Wanita,36,36 - 40 tahun,1 tahun s/d 2 tahun 11 bulan,2 minggu sekali,Menikah,2 anak,SLTA,Ibu Rumah Tangga,A2 : Rp. 3.000.001 - Rp. 4.500.000,Rp 7.500.001- Rp 9.000.000,8.0,5.0,6.0,Passive,5.333333333333333,1.0,4.333333333333333,Unknown,,,5.0,5.0,4.0,5.0,5.0,5.0,5.0,6.0,5.0,5.0,5.0,6.0,5.0,5.0,5.0,6.0,1.0,1.0,1.0,1.0,1.0,1.0,1.0
197758249,Jawa Barat,Subang,Subang 1,CS (KUOTA 50%),Pria,50,46 - 50 tahun,5 tahun atau lebih,2 minggu sekali,Duda / Janda,2 anak,SLTA,Pegawai Negeri Sipil (Bukan Guru),A2 : Rp. 3.000.001 - Rp. 4.500.000,Rp. 4.500.000 - Rp 6.000.000,10.0,6.0,6.0,Promoter,6.0,1.0,5.0,Satisfied,4.0,,6.0,6.0,6.0,6.0,6.0,,6.0,6.0,6.0,6.0,6.0,6.0,6.0,6.0,6.0,6.0,1.0,1.0,1.0,1.0,1.0,1.0,1.0
197758334,Jawa Barat,Cirebon,Cirebon 2,Teller (KUOTA 50%),Wanita,35,31 - 35 tahun,5 tahun atau lebih,1 bulan sekali,Menikah,2 anak,Sarjana (S1),Pegawai Negeri Sipil (Guru),A2 : Rp. 3.000.001 - Rp. 4.500.000,Rp. 3.000.001 - Rp. 4.500.000,9.0,6.0,6.0,Promoter,6.0,6.0,0.0,Satisfied,4.0,,6.0,6.0,5.0,6.0,6.0,6.0,,6.0,6.0,6.0,6.0,6.0,6.0,6.0,6.0,6.0,6.0,6.0,6.0,6.0,6.0,6.0,6.0
197758335,Jawa Barat,Cirebon,Cirebon 1,Teller (KUOTA 50%),Wanita,43,41 - 45 tahun,5 tahun atau lebih,1 minggu sekali,Menikah,2 anak,Akademi/D3,Pegawai Negeri Sipil (Bukan Guru),A1 : Rp. 4.500.000 - Rp 6.000.000,Rp. 4.500.000 - Rp 6.000.000,10.0,6.0,6.0,Promoter,6.0,2.4285714285714284,3.5714285714285716,Satisfied,4.0,,6.0,6.0,6.0,6.0,6.0,6.0,,6.0,6.0,6.0,6.0,6.0,6.0,6.0,6.0,6.0,1.0,1.0,1.0,6.0,1.0,1.0,6.0
197758428,Banten,Cilegon,Cilegon 1,CS (KUOTA 50%),Pria,50,46 - 50 tahun,5 tahun atau lebih,1 bulan sekali,Menikah,3 anak,Sarjana (S1),Pegawai Negeri Sipil (Bukan Guru),A2 : Rp. 3.000.001 - Rp. 4.500.000,Rp 7.500.001- Rp 9.000.000,10.0,6.0,6.0,Promoter,6.0,1.0,5.0,Satisfied,4.0,,6.0,6.0,6.0,6.0,6.0,,6.0,6.0,6.0,6.0,6.0,6.0,6.0,6.0,6.0,6.0,1.0,1.0,1.0,1.0,1.0,1.0,1.0
197758441,Jawa Barat,Bandung,Bandung 2,Teller (KUOTA 50%),Wanita,32,31 - 35 tahun,5 tahun atau lebih,2 minggu sekali,Menikah,4 anak,SLTA,Pegawai/Karyawan Swasta,A1 : Rp. 4.500.000 - Rp 6.000.000,Rp 7.500.001- Rp 9.000.000,10.0,6.0,6.0,Promoter,6.0,1.0,5.0,Satisfied,4.0,,6.0,6.0,6.0,6.0,6.0,6.0,,6.0,6.0,6.0,6.0,6.0,6.0,6.0,6.0,6.0,1.0,1.0,1.0,1.0,1.0,1.0,1.0
197758604,Banten,Tangerang,Tangerang 1,Teller (KUOTA 50%),Pria,21,20 - 25 tahun,1 tahun s/d 2 tahun 11 bulan,1 minggu 2 kali atau lebih,Belum menikah,Tidak memiliki anak,SLTA,Pegawai/Karyawan Swasta,A2 : Rp. 3.000.001 - Rp. 4.500.000,Rp 6.000.001 - Rp 7.500.000,9.0,5.0,5.0,Promoter,5.555555555555555,1.5714285714285714,3.984126984126984,Unknown,,3.0,5.0,6.0,5.0,6.0,6.0,6.0,,6.0,5.0,6.0,5.0,6.0,5.0,6.0,5.0,6.0,1.0,1.0,1.0,1.0,1.0,1.0,5.0
197758616,Jawa Barat,Bandung,Bandung 4,CS (KUOTA 50%),Wanita,41,41 - 45 tahun,5 tahun atau lebih,1 minggu sekali,Menikah,3 anak,Sarjana (S1),Pegawai Negeri Sipil (Guru),A2 : Rp. 3.000.001 - Rp. 4.500.000,Rp. 4.500.000 - Rp 6.000.000,8.0,6.0,6.0,Passive,6.0,1.0,5.0,Passive,4.0,,6.0,5.0,6.0,6.0,6.0,5.0,5.0,6.0,6.0,6.0,6.0,6.0,6.0,6.0,6.0,6.0,1.0,1.0,1.0,1.0,1.0,1.0,1.0
197758617,Jawa Barat,Bandung,Bandung 4,Teller (KUOTA 50%),Pria,34,31 - 35 tahun,3 tahun s/d 4 tahun 11 bulan,2 minggu sekali,Menikah,1 anak,SLTA,Pegawai/Karyawan Swasta,B : Rp. 2.000.001 - Rp. 3.000.000,Rp. 3.000.001 - Rp. 4.500.000,10.0,6.0,6.0,Promoter,6.0,1.0,5.0,Unknown,,,6.0,6.0,6.0,6.0,6.0,6.0,,6.0,6.0,6.0,6.0,6.0,6.0,6.0,6.0,6.0,1.0,1.0,1.0,1.0,1.0,1.0,1.0
197758618,Jawa Barat,Bandung,Bandung 4,Teller (KUOTA 50%),Pria,35,31 - 35 tahun,5 tahun atau lebih,1 minggu 2 kali atau lebih,Menikah,2 anak,SLTA,Pegawai/Karyawan Swasta,A1.3 : Rp 9.000.001- Rp 10.500.000,Rp 10.500.0001 - Rp 15.000.000,10.0,6.0,6.0,Promoter,6.0,1.0,5.0,Loyal Champion,4.0,3.0,6.0,6.0,6.0,6.0,6.0,6.0,6.0,6.0,6.0,6.0,6.0,6.0,6.0,6.0,6.0,6.0,1.0,1.0,1.0,1.0,1.0,1.0,1.0
197758683,Banten,Cilegon,Cilegon 2,Teller (KUOTA 50%),Pria,50,46 - 50 tahun,5 tahun atau lebih,1 bulan sekali,Menikah,1 anak,Sarjana (S1),Lainnya,A1.1 : Rp 6.000.001 - Rp 7.500.000,Rp 10.500.0001 - Rp 15.000.000,10.0,6.0,6.0,Promoter,6.0,1.7142857142857142,4.285714285714286,Satisfied,4.0,,6.0,6.0,6.0,6.0,6.0,6.0,,6.0,6.0,6.0,6.0,6.0,6.0,6.0,6.0,6.0,2.0,1.0,2.0,2.0,2.0,1.0,2.0
197758696,Jawa Barat,Tasikmalaya,Tasikmalaya 2,Teller (KUOTA 50%),Pria,40,36 - 40 tahun,5 tahun atau lebih,1 minggu 2 kali atau lebih,Menikah,2 anak,SLTA,Tenaga Honorer,A2 : Rp. 3.000.001 - Rp. 4.500.000,Rp. 4.500.000 - Rp 6.000.000,10.0,6.0,6.0,Promoter,6.0,1.0,5.0,Loyal Champion,4.0,3.0,6.0,6.0,6.0,6.0,6.0,6.0,,6.0,6.0,6.0,6.0,6.0,6.0,6.0,6.0,6.0,1.0,1.0,1.0,1.0,1.0,1.0,1.0
197758772,Jawa Barat,Depok,Depok 1,Teller (KUOTA 50%),Wanita,50,46 - 50 tahun,5 tahun atau lebih,2 minggu sekali,Menikah,3 anak,Sarjana (S1),Pegawai Negeri Sipil (Guru),A1 : Rp. 4.500.000 - Rp 6.000.000,Rp 7.500.001- Rp 9.000.000,10.0,6.0,6.0,Promoter,5.888888888888889,1.0,4.888888888888889,Satisfied,4.0,,6.0,6.0,6.0,6.0,6.0,6.0,,6.0,6.0,6.0,6.0,6.0,5.0,6.0,6.0,6.0,1.0,1.0,1.0,1.0,1.0,1.0,1.0
197758779,Jawa Tengah,Banyumas,Banyumas 1,CS (KUOTA 50%),Pria,23,20 - 25 tahun,3 bulan s/d 11 bulan,1 bulan sekali,Belum menikah,Tidak memiliki anak,Sarjana (S1),Pegawai/Karyawan Swasta,C1 : Rp. 1.500.001 - Rp. 2.000.000,Rp. 2.000.001 - Rp. 3.000.000,9.0,6.0,6.0,Promoter,6.0,1.0,5.0,Unknown,,,6.0,6.0,6.0,6.0,6.0,6.0,6.0,6.0,6.0,6.0,6.0,6.0,6.0,6.0,6.0,6.0,1.0,1.0,1.0,1.0,1.0,1.0,1.0
197758838,Jawa Barat,Majalengka,Majalengka 1,Teller (KUOTA 50%),Wanita,30,26 - 30 tahun,5 tahun atau lebih,1 minggu sekali,Menikah,1 anak,Paska Sarjana (S2),Wiraswasta/Pengusaha/Pedagang,A1.3 : Rp 9.000.001- Rp 10.500.000,Rp 10.500.0001 - Rp 15.000.000,10.0,6.0,6.0,Promoter,6.0,1.0,5.0,Satisfied,4.0,,6.0,6.0,6.0,6.0,6.0,6.0,6.0,6.0,6.0,6.0,6.0,6.0,6.0,6.0,6.0,6.0,1.0,1.0,1.0,1.0,1.0,1.0,1.0
197758885,Banten,Serang,Serang 1,CS (KUOTA 50%),Pria,42,41 - 45 tahun,5 tahun atau lebih,1 minggu 2 kali atau lebih,Menikah,4 anak,SLTA,Pegawai/Karyawan Swasta,A2 : Rp. 3.000.001 - Rp. 4.500.000,Rp. 4.500.000 - Rp 6.000.000,10.0,6.0,6.0,Promoter,6.0,1.0,5.0,Loyal Champion,4.0,3.0,6.0,6.0,6.0,6.0,6.0,,6.0,6.0,6.0,6.0,6.0,6.0,6.0,6.0,6.0,6.0,1.0,1.0,1.0,1.0,1.0,1.0,1.0
197758959,Jawa Barat,Majalengka,Majalengka 1,Teller (KUOTA 50%),Wanita,40,36 - 40 tahun,3 tahun s/d 4 tahun 11 bulan,2 minggu sekali,Duda / Janda,2 anak,Sarjana (S1),Pegawai Negeri Sipil (Guru),B : Rp. 2.000.001 - Rp. 3.000.000,Rp. 3.000.001 - Rp. 4.500.000,10.0,6.0,6.0,Promoter,6.0,1.0,5.0,Unknown,,,6.0,6.0,6.0,6.0,6.0,6.0,,6.0,6.0,6.0,6.0,6.0,6.0,6.0,6.0,6.0,1.0,1.0,1.0,1.0,1.0,1.0,1.0
197759093,Jawa Barat,Bandung,Bandung 5,Teller (KUOTA 50%),Wanita,33,31 - 35 tahun,1 tahun s/d 2 tahun 11 bulan,1 bulan sekali,Menikah,2 anak,SLTA,Pegawai/Karyawan Swasta,A2 : Rp. 3.000.001 - Rp. 4.500.000,Rp. 4.500.000 - Rp 6.000.000,10.0,6.0,6.0,Promoter,6.0,3.142857142857143,2.857142857142857,Unknown,,,6.0,6.0,6.0,6.0,6.0,6.0,6.0,6.0,6.0,6.0,6.0,6.0,6.0,6.0,6.0,6.0,1.0,6.0,1.0,1.0,1.0,6.0,6.0
197759144,Jawa Barat,Karawang,Karawang 1,CS (KUOTA 50%),Wanita,23,20 - 25 tahun,1 tahun s/d 2 tahun 11 bulan,1 bulan sekali,Belum menikah,Tidak memiliki anak,SLTA,Tenaga Honorer,C1 : Rp. 1.500.001 - Rp. 2.000.000,Rp. 1.500.001 - Rp. 2.000.000,9.0,6.0,6.0,Promoter,6.0,1.0,5.0,Unknown,,,6.0,6.0,6.0,6.0,6.0,6.0,6.0,6.0,6.0,6.0,6.0,6.0,6.0,6.0,6.0,6.0,1.0,1.0,1.0,1.0,1.0,1.0,1.0
197759210,Jawa Barat,Indramayu,Indramayu 1,Teller (KUOTA 50%),Wanita,42,41 - 45 tahun,5 tahun atau lebih,1 minggu sekali,Menikah,2 anak,Sarjana (S1),Pegawai Negeri Sipil (Guru),A1 : Rp. 4.500.000 - Rp 6.000.000,Rp 9.000.001- Rp 10.500.000,10.0,6.0,6.0,Promoter,6.0,1.7142857142857142,4.285714285714286,Satisfied,4.0,,6.0,6.0,6.0,6.0,6.0,6.0,6.0,6.0,6.0,6.0,6.0,6.0,6.0,6.0,6.0,6.0,1.0,1.0,1.0,1.0,1.0,1.0,6.0
197759588,Banten,Tangerang,Tangerang 2,Teller (KUOTA 50%),Wanita,49,46 - 50 tahun,5 tahun atau lebih,1 minggu 2 kali atau lebih,Menikah,2 anak,SLTA,Ibu Rumah Tangga,A1 : Rp. 4.500.000 - Rp 6.000.000,Rp 6.000.001 - Rp 7.500.000,10.0,6.0,6.0,Promoter,5.333333333333333,1.2857142857142858,4.0476190476190474,Loyal Champion,4.0,3.0,6.0,5.0,6.0,6.0,6.0,6.0,6.0,5.0,5.0,6.0,6.0,6.0,5.0,5.0,5.0,5.0,3.0,1.0,1.0,1.0,1.0,1.0,1.0
197759611,DKI Jakarta,Jakarta Timur,Jakarta Timur 1,Teller (KUOTA 50%),Pria,42,41 - 45 tahun,5 tahun atau lebih,1 bulan sekali,Menikah,2 anak,SLTA,Wiraswasta/Pengusaha/Pedagang,A2 : Rp. 3.000.001 - Rp. 4.500.000,Rp. 4.500.000 - Rp 6.000.000,10.0,6.0,6.0,Promoter,6.0,1.0,5.0,Satisfied,4.0,,6.0,6.0,6.0,6.0,6.0,6.0,,6.0,6.0,6.0,6.0,6.0,6.0,6.0,6.0,6.0,1.0,1.0,1.0,1.0,1.0,1.0,1.0
197759748,Jawa Tengah,Banyumas,Banyumas 1,Teller (KUOTA 50%),Wanita,24,20 - 25 tahun,3 bulan s/d 11 bulan,1 minggu 2 kali atau lebih,Menikah,Tidak memiliki anak,Akademi/D3,Pegawai/Karyawan Swasta,C1 : Rp. 1.500.001 - Rp. 2.000.000,Rp. 4.500.000 - Rp 6.000.000,10.0,6.0,6.0,Promoter,6.0,1.0,5.0,Unknown,,3.0,6.0,6.0,6.0,6.0,6.0,6.0,6.0,6.0,6.0,6.0,6.0,6.0,6.0,6.0,6.0,6.0,1.0,1.0,1.0,1.0,1.0,1.0,1.0
197759757,Banten,Serang,Serang 1,Teller (KUOTA 50%),Pria,40,36 - 40 tahun,5 tahun atau lebih,1 minggu 2 kali atau lebih,Menikah,3 anak,Sarjana (S1),Pegawai/Karyawan Swasta,A1.2 : Rp 7.500.001- Rp 9.000.000,Rp 10.500.0001 - Rp 15.000.000,10.0,6.0,6.0,Promoter,6.0,1.0,5.0,Loyal Champion,4.0,3.0,6.0,6.0,6.0,6.0,6.0,6.0,,6.0,6.0,6.0,6.0,6.0,6.0,6.0,6.0,6.0,1.0,1.0,1.0,1.0,1.0,1.0,1.0
197759758,Banten,Serang,Serang 1,CS (KUOTA 50%),Pria,44,41 - 45 tahun,5 tahun atau lebih,1 minggu 2 kali atau lebih,Menikah,2 anak,SLTA,Wiraswasta/Pengusaha/Pedagang,A2 : Rp. 3.000.001 - Rp. 4.500.000,Rp. 4.500.000 - Rp 6.000.000,10.0,6.0,6.0,Promoter,6.0,1.0,5.0,Loyal Champion,4.0,3.0,6.0,6.0,6.0,6.0,6.0,,6.0,6.0,6.0,6.0,6.0,6.0,6.0,6.0,6.0,6.0,1.0,1.0,1.0,1.0,1.0,1.0,1.0
197759759,Banten,Serang,Serang 1,CS (KUOTA 50%),Pria,40,36 - 40 tahun,5 tahun atau lebih,1 minggu 2 kali atau lebih,Menikah,3 anak,SLTA,Pegawai/Karyawan Swasta,A1 : Rp. 4.500.000 - Rp 6.000.000,Rp 6.000.001 - Rp 7.500.000,10.0,6.0,6.0,Promoter,6.0,1.5714285714285714,4.428571428571429,Loyal Champion,4.0,3.0,6.0,6.0,6.0,6.0,6.0,,6.0,6.0,6.0,6.0,6.0,6.0,6.0,6.0,6.0,6.0,2.0,1.0,1.0,2.0,2.0,2.0,1.0
197759760,Banten,Serang,Serang 1,Teller (KUOTA 50%),Pria,37,36 - 40 tahun,5 tahun atau lebih,1 minggu 2 kali atau lebih,Menikah,2 anak,Akademi/D3,Pegawai/Karyawan Swasta,A2 : Rp. 3.000.001 - Rp. 4.500.000,Rp. 4.500.000 - Rp 6.000.000,10.0,6.0,6.0,Promoter,6.0,1.0,5.0,Loyal Champion,4.0,3.0,6.0,6.0,6.0,6.0,6.0,6.0,,6.0,6.0,6.0,6.0,6.0,6.0,6.0,6.0,6.0,1.0,1.0,1.0,1.0,1.0,1.0,1.0
197759854,Jawa Barat,Cirebon,Cirebon 1,Teller (KUOTA 50%),Wanita,33,31 - 35 tahun,5 tahun atau lebih,1 minggu sekali,Menikah,1 anak,Sarjana (S1),Pegawai Negeri Sipil (Bukan Guru),A1 : Rp. 4.500.000 - Rp 6.000.000,Rp 6.000.001 - Rp 7.500.000,10.0,6.0,6.0,Promoter,6.0,1.0,5.0,Satisfied,4.0,,6.0,6.0,6.0,6.0,6.0,6.0,,6.0,6.0,6.0,6.0,6.0,6.0,6.0,6.0,6.0,1.0,1.0,1.0,1.0,1.0,1.0,1.0
197759898,Jawa Barat,Bandung,Bandung 1,CS (KUOTA 50%),Pria,42,41 - 45 tahun,3 tahun s/d 4 tahun 11 bulan,1 bulan sekali,Menikah,2 anak,Paska Sarjana (S2),Wiraswasta/Pengusaha/Pedagang,A1.1 : Rp 6.000.001 - Rp 7.500.000,Rp 7.500.001- Rp 9.000.000,9.0,6.0,6.0,Promoter,6.0,1.1428571428571428,4.857142857142858,Unknown,,,6.0,6.0,6.0,5.0,6.0,,6.0,6.0,6.0,6.0,6.0,6.0,6.0,6.0,6.0,6.0,1.0,1.0,2.0,1.0,1.0,1.0,1.0
197760273,Jawa Barat,Majalengka,Majalengka 1,CS (KUOTA 50%),Wanita,26,26 - 30 tahun,1 tahun s/d 2 tahun 11 bulan,1 minggu sekali,Menikah,Tidak memiliki anak,SLTA,Pegawai/Karyawan Swasta,B : Rp. 2.000.001 - Rp. 3.000.000,Rp. 2.000.001 - Rp. 3.000.000,10.0,6.0,6.0,Promoter,6.0,1.0,5.0,Unknown,,,6.0,6.0,6.0,6.0,6.0,5.0,6.0,6.0,6.0,6.0,6.0,6.0,6.0,6.0,6.0,6.0,1.0,1.0,1.0,1.0,1.0,1.0,1.0
197760357,Jawa Barat,Majalengka,Majalengka 1,CS (KUOTA 50%),Pria,50,46 - 50 tahun,1 tahun s/d 2 tahun 11 bulan,2 minggu sekali,Menikah,2 anak,Sarjana (S1),Pegawai Negeri Sipil (Guru),A1 : Rp. 4.500.000 - Rp 6.000.000,Rp 7.500.001- Rp 9.000.000,10.0,6.0,6.0,Promoter,6.0,1.0,5.0,Unknown,,,6.0,6.0,6.0,6.0,6.0,,6.0,6.0,6.0,6.0,6.0,6.0,6.0,6.0,6.0,6.0,1.0,1.0,1.0,1.0,1.0,1.0,1.0
197760399,Sumatera Selatan,Palembang,Palembang 1,CS (KUOTA 50%),Pria,36,36 - 40 tahun,5 tahun atau lebih,1 minggu 2 kali atau lebih,Menikah,4 anak,Akademi/D3,Pegawai/Karyawan Swasta,A2 : Rp. 3.000.001 - Rp. 4.500.000,Rp. 3.000.001 - Rp. 4.500.000,10.0,6.0,6.0,Promoter,6.0,1.0,5.0,Loyal Champion,4.0,3.0,6.0,6.0,6.0,6.0,6.0,,6.0,6.0,6.0,6.0,6.0,6.0,6.0,6.0,6.0,6.0,1.0,1.0,1.0,1.0,1.0,1.0,1.0
197760455,Jawa Barat,Bandung,Bandung 2,CS (KUOTA 50%),Wanita,40,36 - 40 tahun,5 tahun atau lebih,2 minggu sekali,Menikah,2 anak,Sarjana (S1),Tenaga Honorer,A2 : Rp. 3.000.001 - Rp. 4.500.000,Rp 9.000.001- Rp 10.500.000,10.0,6.0,6.0,Promoter,6.0,1.0,5.0,Satisfied,4.0,,6.0,6.0,6.0,6.0,6.0,6.0,6.0,6.0,6.0,6.0,6.0,6.0,6.0,6.0,6.0,6.0,1.0,1.0,1.0,1.0,1.0,1.0,1.0
197760832,Jawa Barat,Cirebon,Cirebon 1,CS (KUOTA 50%),Pria,27,26 - 30 tahun,5 tahun atau lebih,1 minggu sekali,Menikah,Tidak memiliki anak,SLTA,Pegawai/Karyawan Swasta,A2 : Rp. 3.000.001 - Rp. 4.500.000,Rp. 3.000.001 - Rp. 4.500.000,10.0,6.0,6.0,Promoter,6.0,1.0,5.0,Satisfied,4.0,,6.0,6.0,6.0,6.0,6.0,,6.0,6.0,6.0,6.0,6.0,6.0,6.0,6.0,6.0,6.0,1.0,1.0,1.0,1.0,1.0,1.0,1.0
197761130,Jawa Barat,Bogor,Bogor 1,Teller (KUOTA 50%),Pria,49,46 - 50 tahun,5 tahun atau lebih,1 bulan sekali,Menikah,4 anak,Sarjana (S1),Pegawai Negeri Sipil (Bukan Guru),A1 : Rp. 4.500.000 - Rp 6.000.000,Rp. 3.000.001 - Rp. 4.500.000,10.0,6.0,6.0,Promoter,5.0,5.0,0.0,Satisfied,4.0,,4.0,5.0,3.0,4.0,5.0,5.0,5.0,5.0,5.0,5.0,5.0,5.0,5.0,5.0,5.0,5.0,5.0,5.0,5.0,5.0,5.0,5.0,5.0
197761152,Kalimantan Selatan,Banjarbaru,Banjarbaru 1,Teller (KUOTA 50%),Wanita,50,46 - 50 tahun,3 tahun s/d 4 tahun 11 bulan,1 minggu sekali,Menikah,3 anak,SLTA,Wiraswasta/Pengusaha/Pedagang,A1.3 : Rp 9.000.001- Rp 10.500.000,Rp 15.000.001- Rp 20.000.000,10.0,6.0,6.0,Promoter,6.0,1.0,5.0,Unknown,,,6.0,6.0,6.0,6.0,6.0,6.0,,6.0,6.0,6.0,6.0,6.0,6.0,6.0,6.0,6.0,1.0,1.0,1.0,1.0,1.0,1.0,1.0
197761153,Kalimantan Selatan,Banjarbaru,Banjarbaru 1,Teller (KUOTA 50%),Pria,39,36 - 40 tahun,5 tahun atau lebih,1 minggu 2 kali atau lebih,Menikah,2 anak,SLTA,Pegawai/Karyawan Swasta,B : Rp. 2.000.001 - Rp. 3.000.000,Rp. 4.500.000 - Rp 6.000.000,10.0,6.0,6.0,Promoter,6.0,1.0,5.0,Loyal Champion,4.0,3.0,6.0,6.0,6.0,6.0,6.0,6.0,,6.0,6.0,6.0,6.0,6.0,6.0,6.0,6.0,6.0,1.0,1.0,1.0,1.0,1.0,1.0,1.0
197761154,Kalimantan Selatan,Banjarbaru,Banjarbaru 1,CS (KUOTA 50%),Pria,44,41 - 45 tahun,3 tahun s/d 4 tahun 11 bulan,2 minggu sekali,Menikah,2 anak,Sarjana (S1),Pegawai/Karyawan Swasta,A2 : Rp. 3.000.001 - Rp. 4.500.000,Rp. 4.500.000 - Rp 6.000.000,10.0,6.0,6.0,Promoter,6.0,1.0,5.0,Unknown,,,6.0,6.0,6.0,6.0,6.0,,6.0,6.0,6.0,6.0,6.0,6.0,6.0,6.0,6.0,6.0,1.0,1.0,1.0,1.0,1.0,1.0,1.0
197761295,Jawa Barat,Cirebon,Cirebon 2,Teller (KUOTA 50%),Pria,33,31 - 35 tahun,3 tahun s/d 4 tahun 11 bulan,1 bulan sekali,Menikah,2 anak,SLTA,Pegawai/Karyawan Swasta,B : Rp. 2.000.001 - Rp. 3.000.000,Rp. 2.000.001 - Rp. 3.000.000,10.0,6.0,6.0,Promoter,5.888888888888889,1.0,4.888888888888889,Unknown,,,6.0,6.0,6.0,6.0,6.0,6.0,5.0,6.0,6.0,6.0,6.0,6.0,5.0,6.0,6.0,6.0,1.0,1.0,1.0,1.0,1.0,1.0,1.0
197761296,Jawa Barat,Cirebon,Cirebon 2,Teller (KUOTA 50%),Pria,25,20 - 25 tahun,3 tahun s/d 4 tahun 11 bulan,2 minggu sekali,Belum menikah,Tidak memiliki anak,Sarjana (S1),Pegawai/Karyawan Swasta,B : Rp. 2.000.001 - Rp. 3.000.000,Rp. 2.000.001 - Rp. 3.000.000,10.0,6.0,6.0,Promoter,6.0,1.0,5.0,Unknown,,,6.0,6.0,6.0,6.0,6.0,6.0,6.0,6.0,6.0,6.0,6.0,6.0,6.0,6.0,6.0,6.0,1.0,1.0,1.0,1.0,1.0,1.0,1.0
197761297,Jawa Barat,Cirebon,Cirebon 2,Teller (KUOTA 50%),Pria,39,36 - 40 tahun,3 tahun s/d 4 tahun 11 bulan,2 minggu sekali,Menikah,2 anak,Akademi/D3,Wiraswasta/Pengusaha/Pedagang,A2 : Rp. 3.000.001 - Rp. 4.500.000,Rp. 3.000.001 - Rp. 4.500.000,9.0,6.0,6.0,Promoter,5.888888888888889,1.0,4.888888888888889,Unknown,,,6.0,6.0,6.0,6.0,6.0,6.0,6.0,6.0,6.0,6.0,6.0,6.0,5.0,6.0,6.0,6.0,1.0,1.0,1.0,1.0,1.0,1.0,1.0
197761298,Jawa Barat,Cirebon,Cirebon 2,CS (KUOTA 50%),Wanita,50,46 - 50 tahun,5 tahun atau lebih,1 bulan sekali,Menikah,3 anak,Sarjana (S1),Pegawai Negeri Sipil (Guru),A1.2 : Rp 7.500.001- Rp 9.000.000,Rp 10.500.0001 - Rp 15.000.000,10.0,6.0,6.0,Promoter,6.0,1.0,5.0,Satisfied,4.0,,6.0,6.0,6.0,6.0,6.0,6.0,6.0,6.0,6.0,6.0,6.0,6.0,6.0,6.0,6.0,6.0,1.0,1.0,1.0,1.0,1.0,1.0,1.0
197761299,Jawa Barat,Cirebon,Cirebon 2,CS (KUOTA 50%),Wanita,24,20 - 25 tahun,1 tahun s/d 2 tahun 11 bulan,1 minggu 2 kali atau lebih,Belum menikah,Tidak memiliki anak,Sarjana (S1),Pegawai/Karyawan Swasta,A2 : Rp. 3.000.001 - Rp. 4.500.000,Rp. 3.000.001 - Rp. 4.500.000,10.0,6.0,6.0,Promoter,6.0,1.0,5.0,Unknown,,3.0,6.0,6.0,6.0,6.0,6.0,6.0,6.0,6.0,6.0,6.0,6.0,6.0,6.0,6.0,6.0,6.0,1.0,1.0,1.0,1.0,1.0,1.0,1.0
197761313,Jawa Tengah,Pekalongan,Pekalongan 1,CS (KUOTA 50%),Pria,33,31 - 35 tahun,1 tahun s/d 2 tahun 11 bulan,1 minggu sekali,Menikah,Tidak memiliki anak,SLTA,Wiraswasta/Pengusaha/Pedagang,A1 : Rp. 4.500.000 - Rp 6.000.000,Rp 10.500.0001 - Rp 15.000.000,7.0,6.0,6.0,Passive,5.777777777777778,1.0,4.777777777777778,Unknown,,,6.0,6.0,6.0,6.0,6.0,6.0,6.0,5.0,6.0,6.0,6.0,6.0,6.0,6.0,5.0,6.0,1.0,1.0,1.0,1.0,1.0,1.0,1.0
197761396,Jawa Barat,Depok,Depok 1,CS (KUOTA 50%),Wanita,45,41 - 45 tahun,5 tahun atau lebih,1 minggu 2 kali atau lebih,Menikah,1 anak,Akademi/D3,Pegawai Negeri Sipil (Bukan Guru),A2 : Rp. 3.000.001 - Rp. 4.500.000,Rp 9.000.001- Rp 10.500.000,10.0,6.0,6.0,Promoter,6.0,1.0,5.0,Loyal Champion,4.0,3.0,6.0,6.0,6.0,6.0,6.0,6.0,6.0,6.0,6.0,6.0,6.0,6.0,6.0,6.0,6.0,6.0,1.0,1.0,1.0,1.0,1.0,1.0,1.0
197761530,Jawa Barat,Depok,Depok 1,CS (KUOTA 50%),Pria,30,26 - 30 tahun,5 tahun atau lebih,1 minggu 2 kali atau lebih,Menikah,1 anak,SLTA,Pegawai/Karyawan Swasta,A2 : Rp. 3.000.001 - Rp. 4.500.000,Rp. 3.000.001 - Rp. 4.500.000,10.0,6.0,6.0,Promoter,6.0,1.0,5.0,Loyal Champion,4.0,3.0,6.0,6.0,6.0,5.0,6.0,6.0,6.0,6.0,6.0,6.0,6.0,6.0,6.0,6.0,6.0,6.0,1.0,1.0,1.0,1.0,1.0,1.0,1.0
197761676,Jawa Barat,Cirebon,Cirebon 1,CS (KUOTA 50%),Pria,46,46 - 50 tahun,5 tahun atau lebih,1 minggu sekali,Menikah,2 anak,Sarjana (S1),Pegawai Negeri Sipil (Bukan Guru),A1.1 : Rp 6.000.001 - Rp 7.500.000,Rp 6.000.001 - Rp 7.500.000,10.0,6.0,6.0,Promoter,6.0,1.0,5.0,Satisfied,4.0,,6.0,6.0,6.0,6.0,6.0,,6.0,6.0,6.0,6.0,6.0,6.0,6.0,6.0,6.0,6.0,1.0,1.0,1.0,1.0,1.0,1.0,1.0
197763435,Jawa Barat,Bandung,Bandung 3,CS (KUOTA 50%),Pria,37,36 - 40 tahun,1 tahun s/d 2 tahun 11 bulan,1 minggu sekali,Menikah,2 anak,Sarjana (S1),Pegawai/Karyawan Swasta,A1.1 : Rp 6.000.001 - Rp 7.500.000,Rp 10.500.0001 - Rp 15.000.000,10.0,6.0,6.0,Promoter,6.0,1.0,5.0,Unknown,,,6.0,5.0,6.0,6.0,6.0,,6.0,6.0,6.0,6.0,6.0,6.0,6.0,6.0,6.0,6.0,1.0,1.0,1.0,1.0,1.0,1.0,1.0
197765228,Jawa Barat,Bandung,Bandung 7,CS (KUOTA 50%),Pria,21,20 - 25 tahun,1 tahun s/d 2 tahun 11 bulan,2 minggu sekali,Belum menikah,Tidak memiliki anak,SLTA,Pegawai/Karyawan Swasta,A2 : Rp. 3.000.001 - Rp. 4.500.000,Rp. 4.500.000 - Rp 6.000.000,9.0,6.0,6.0,Promoter,5.555555555555555,2.0,3.5555555555555554,Unknown,,,5.0,5.0,6.0,5.0,5.0,,5.0,5.0,6.0,6.0,6.0,6.0,5.0,5.0,6.0,5.0,2.0,2.0,2.0,2.0,2.0,2.0,2.0
197769230,Kalimantan Selatan,Banjarbaru,Banjarbaru 1,CS (KUOTA 50%),Pria,48,46 - 50 tahun,5 tahun atau lebih,1 minggu 2 kali atau lebih,Menikah,3 anak,Sarjana (S1),Pegawai/Karyawan Swasta,B : Rp. 2.000.001 - Rp. 3.000.000,Rp. 3.000.001 - Rp. 4.500.000,10.0,6.0,6.0,Promoter,6.0,1.0,5.0,Loyal Champion,4.0,3.0,6.0,5.0,6.0,6.0,6.0,,6.0,6.0,6.0,6.0,6.0,6.0,6.0,6.0,6.0,6.0,1.0,1.0,1.0,1.0,1.0,1.0,1.0
197769231,Kalimantan Selatan,Banjarbaru,Banjarbaru 1,CS (KUOTA 50%),Wanita,23,20 - 25 tahun,1 tahun s/d 2 tahun 11 bulan,2 minggu sekali,Belum menikah,Tidak memiliki anak,SLTA,Pegawai/Karyawan Swasta,B : Rp. 2.000.001 - Rp. 3.000.000,Rp. 3.000.001 - Rp. 4.500.000,10.0,6.0,6.0,Promoter,6.0,1.0,5.0,Unknown,,,6.0,6.0,6.0,6.0,6.0,,6.0,6.0,6.0,6.0,6.0,6.0,6.0,6.0,6.0,6.0,1.0,1.0,1.0,1.0,1.0,1.0,1.0
197769232,Kalimantan Selatan,Banjarbaru,Banjarbaru 1,Teller (KUOTA 50%),Pria,21,20 - 25 tahun,1 tahun s/d 2 tahun 11 bulan,2 minggu sekali,Belum menikah,Tidak memiliki anak,SLTA,Pegawai/Karyawan Swasta,C1 : Rp. 1.500.001 - Rp. 2.000.000,Rp. 2.000.001 - Rp. 3.000.000,10.0,6.0,6.0,Promoter,6.0,1.0,5.0,Unknown,,,6.0,6.0,6.0,6.0,6.0,6.0,,6.0,6.0,6.0,6.0,6.0,6.0,6.0,6.0,6.0,1.0,1.0,1.0,1.0,1.0,1.0,1.0
197770277,Jawa Barat,Sukabumi,Sukabumi 2,CS (KUOTA 50%),Wanita,32,31 - 35 tahun,5 tahun atau lebih,1 minggu 2 kali atau lebih,Belum menikah,Tidak memiliki anak,Sarjana (S1),Tenaga Honorer,B : Rp. 2.000.001 - Rp. 3.000.000,Rp. 3.000.001 - Rp. 4.500.000,10.0,6.0,6.0,Promoter,6.0,1.1428571428571428,4.857142857142858,Loyal Champion,4.0,3.0,6.0,6.0,6.0,6.0,6.0,,6.0,6.0,6.0,6.0,6.0,6.0,6.0,6.0,6.0,6.0,1.0,1.0,1.0,1.0,1.0,1.0,2.0
197770278,Jawa Barat,Sukabumi,Sukabumi 2,CS (KUOTA 50%),Pria,44,41 - 45 tahun,5 tahun atau lebih,1 minggu 2 kali atau lebih,Menikah,3 anak,Akademi/D3,Pegawai/Karyawan Swasta,A1.1 : Rp 6.000.001 - Rp 7.500.000,Rp 6.000.001 - Rp 7.500.000,9.0,6.0,6.0,Promoter,5.777777777777778,1.0,4.777777777777778,Loyal Champion,4.0,3.0,6.0,6.0,6.0,6.0,6.0,,6.0,6.0,6.0,5.0,6.0,6.0,6.0,6.0,5.0,6.0,1.0,1.0,1.0,1.0,1.0,1.0,1.0
197770279,Jawa Barat,Sukabumi,Sukabumi 2,Teller (KUOTA 50%),Wanita,34,31 - 35 tahun,5 tahun atau lebih,1 minggu 2 kali atau lebih,Menikah,1 anak,Sarjana (S1),Ibu Rumah Tangga,A1 : Rp. 4.500.000 - Rp 6.000.000,Rp 6.000.001 - Rp 7.500.000,10.0,6.0,6.0,Promoter,5.444444444444445,1.8571428571428572,3.5873015873015874,Loyal Champion,4.0,3.0,6.0,6.0,6.0,6.0,6.0,6.0,,6.0,5.0,5.0,6.0,6.0,5.0,5.0,6.0,5.0,1.0,2.0,2.0,2.0,2.0,2.0,2.0
197770280,Jawa Barat,Sukabumi,Sukabumi 2,Teller (KUOTA 50%),Pria,45,41 - 45 tahun,5 tahun atau lebih,1 minggu sekali,Menikah,1 anak,SLTA,Wiraswasta/Pengusaha/Pedagang,A1 : Rp. 4.500.000 - Rp 6.000.000,Rp. 4.500.000 - Rp 6.000.000,10.0,6.0,6.0,Promoter,6.0,1.1428571428571428,4.857142857142858,Satisfied,4.0,,6.0,6.0,6.0,6.0,6.0,6.0,,6.0,6.0,6.0,6.0,6.0,6.0,6.0,6.0,6.0,1.0,1.0,1.0,1.0,1.0,2.0,1.0
197770281,Jawa Barat,Sukabumi,Sukabumi 2,CS (KUOTA 50%),Pria,36,36 - 40 tahun,3 tahun s/d 4 tahun 11 bulan,1 minggu 2 kali atau lebih,Menikah,2 anak,Akademi/D3,Wiraswasta/Pengusaha/Pedagang,A1 : Rp. 4.500.000 - Rp 6.000.000,Rp 9.000.001- Rp 10.500.000,10.0,6.0,6.0,Promoter,5.888888888888889,1.1428571428571428,4.746031746031747,Unknown,,3.0,6.0,6.0,6.0,6.0,6.0,,6.0,6.0,6.0,6.0,6.0,5.0,6.0,6.0,6.0,6.0,1.0,2.0,1.0,1.0,1.0,1.0,1.0
197770282,Jawa Barat,Sukabumi,Sukabumi 2,Teller (KUOTA 50%),Pria,41,41 - 45 tahun,5 tahun atau lebih,1 minggu 2 kali atau lebih,Menikah,1 anak,Sarjana (S1),Tenaga Honorer,A1 : Rp. 4.500.000 - Rp 6.000.000,Rp. 4.500.000 - Rp 6.000.000,10.0,6.0,6.0,Promoter,6.0,1.0,5.0,Loyal Champion,4.0,3.0,6.0,6.0,6.0,6.0,6.0,6.0,,6.0,6.0,6.0,6.0,6.0,6.0,6.0,6.0,6.0,1.0,1.0,1.0,1.0,1.0,1.0,1.0
197771963,Jawa Tengah,Semarang,Semarang 1,CS (KUOTA 50%),Wanita,29,26 - 30 tahun,1 tahun s/d 2 tahun 11 bulan,1 bulan sekali,Belum menikah,Tidak memiliki anak,Sarjana (S1),Pegawai/Karyawan Swasta,A1 : Rp. 4.500.000 - Rp 6.000.000,Rp 7.500.001- Rp 9.000.000,8.0,5.0,5.0,Passive,5.0,5.0,0.0,Unknown,,,5.0,5.0,5.0,5.0,5.0,,5.0,5.0,5.0,5.0,5.0,5.0,5.0,5.0,5.0,5.0,5.0,5.0,5.0,5.0,5.0,5.0,5.0
197775867,Sumatera Selatan,Palembang,Palembang 1,Teller (KUOTA 50%),Pria,44,41 - 45 tahun,1 tahun s/d 2 tahun 11 bulan,2 minggu sekali,Menikah,1 anak,Sarjana (S1),Pegawai/Karyawan Swasta,A1 : Rp. 4.500.000 - Rp 6.000.000,Rp 6.000.001 - Rp 7.500.000,5.0,6.0,6.0,Detractor,5.888888888888889,1.2857142857142858,4.603174603174604,Unknown,,,6.0,5.0,6.0,6.0,6.0,6.0,,6.0,6.0,6.0,6.0,6.0,6.0,6.0,5.0,6.0,1.0,1.0,1.0,3.0,1.0,1.0,1.0
197775868,Sumatera Selatan,Palembang,Palembang 1,Teller (KUOTA 50%),Wanita,34,31 - 35 tahun,1 tahun s/d 2 tahun 11 bulan,1 minggu sekali,Menikah,2 anak,Sarjana (S1),Wiraswasta/Pengusaha/Pedagang,A1.4 : Rp 10.500.0001 - Rp 15.000.000,Rp 20.000.001 - Rp 25.000.000,8.0,5.0,6.0,Passive,6.0,1.2857142857142858,4.714285714285714,Unknown,,,6.0,6.0,6.0,6.0,6.0,6.0,,6.0,6.0,6.0,6.0,6.0,6.0,6.0,6.0,6.0,1.0,1.0,1.0,1.0,1.0,1.0,3.0
197776638,Lampung,Lampung Tengah,Lampung Tengah 1,Teller (KUOTA 50%),Wanita,29,26 - 30 tahun,1 tahun s/d 2 tahun 11 bulan,2 minggu sekali,Menikah,1 anak,Sarjana (S1),Pegawai Negeri Sipil (Bukan Guru),B : Rp. 2.000.001 - Rp. 3.000.000,Rp. 3.000.001 - Rp. 4.500.000,9.0,6.0,6.0,Promoter,5.888888888888889,1.4285714285714286,4.4603174603174605,Unknown,,,5.0,4.0,5.0,6.0,6.0,6.0,,6.0,6.0,6.0,6.0,6.0,5.0,6.0,6.0,6.0,1.0,1.0,1.0,2.0,1.0,2.0,2.0
197801724,Bali,Denpasar,Denpasar 1,Teller (KUOTA 50%),Pria,25,20 - 25 tahun,3 tahun s/d 4 tahun 11 bulan,2 minggu sekali,Belum menikah,Tidak memiliki anak,Sarjana (S1),Pegawai/Karyawan Swasta,A1.1 : Rp 6.000.001 - Rp 7.500.000,Rp. 3.000.001 - Rp. 4.500.000,10.0,6.0,6.0,Promoter,5.444444444444445,5.285714285714286,0.15873015873015905,Unknown,,,6.0,6.0,6.0,6.0,6.0,6.0,,6.0,5.0,5.0,6.0,5.0,5.0,6.0,5.0,6.0,5.0,6.0,5.0,6.0,5.0,5.0,5.0
197802189,Jawa Barat,Indramayu,Indramayu 2,CS (KUOTA 50%),Pria,36,36 - 40 tahun,3 tahun s/d 4 tahun 11 bulan,2 minggu sekali,Menikah,1 anak,SLTA,Perangkat Desa (Camat/Lurah/RW),A2 : Rp. 3.000.001 - Rp. 4.500.000,Rp. 3.000.001 - Rp. 4.500.000,10.0,6.0,6.0,Promoter,6.0,6.0,0.0,Unknown,,,6.0,6.0,6.0,6.0,6.0,,6.0,6.0,6.0,6.0,6.0,6.0,6.0,6.0,6.0,6.0,6.0,6.0,6.0,6.0,6.0,6.0,6.0
197802190,Jawa Barat,Indramayu,Indramayu 2,Teller (KUOTA 50%),Pria,35,31 - 35 tahun,5 tahun atau lebih,1 minggu 2 kali atau lebih,Belum menikah,Tidak memiliki anak,SLTA,Perangkat Desa (Camat/Lurah/RW),C1 : Rp. 1.500.001 - Rp. 2.000.000,Rp. 2.000.001 - Rp. 3.000.000,10.0,6.0,6.0,Promoter,6.0,1.7142857142857142,4.285714285714286,Loyal Champion,4.0,3.0,6.0,6.0,6.0,6.0,6.0,6.0,,6.0,6.0,6.0,6.0,6.0,6.0,6.0,6.0,6.0,1.0,1.0,1.0,6.0,1.0,1.0,1.0
197802191,Jawa Barat,Indramayu,Indramayu 2,CS (KUOTA 50%),Pria,50,46 - 50 tahun,5 tahun atau lebih,1 bulan sekali,Menikah,1 anak,SLTA,Perangkat Desa (Camat/Lurah/RW),A2 : Rp. 3.000.001 - Rp. 4.500.000,Rp. 3.000.001 - Rp. 4.500.000,10.0,6.0,6.0,Promoter,6.0,1.0,5.0,Satisfied,4.0,,6.0,6.0,6.0,6.0,6.0,6.0,6.0,6.0,6.0,6.0,6.0,6.0,6.0,6.0,6.0,6.0,1.0,1.0,1.0,1.0,1.0,1.0,1.0
197802192,Jawa Barat,Indramayu,Indramayu 2,Teller (KUOTA 50%),Pria,42,41 - 45 tahun,5 tahun atau lebih,1 bulan sekali,Menikah,2 anak,SLTA,Pegawai Negeri Sipil (Bukan Guru),A2 : Rp. 3.000.001 - Rp. 4.500.000,Rp. 4.500.000 - Rp 6.000.000,8.0,6.0,6.0,Passive,4.555555555555555,1.5714285714285714,2.984126984126984,Passive,4.0,,5.0,5.0,5.0,5.0,6.0,6.0,6.0,5.0,5.0,5.0,1.0,5.0,5.0,5.0,5.0,5.0,2.0,2.0,2.0,1.0,1.0,1.0,2.0
197802193,Jawa Barat,Indramayu,Indramayu 2,CS (KUOTA 50%),Wanita,26,26 - 30 tahun,5 tahun atau lebih,2 minggu sekali,Menikah,1 anak,SLTA,Tenaga Honorer,B : Rp. 2.000.001 - Rp. 3.000.000,Rp. 4.500.000 - Rp 6.000.000,9.0,6.0,6.0,Promoter,5.222222222222222,1.4285714285714286,3.7936507936507935,Satisfied,4.0,,6.0,6.0,6.0,6.0,6.0,,6.0,5.0,5.0,5.0,6.0,6.0,5.0,5.0,5.0,5.0,1.0,2.0,1.0,1.0,2.0,2.0,1.0
197803863,Jawa Barat,Cirebon,Cirebon 1,Teller (KUOTA 50%),Pria,24,20 - 25 tahun,3 tahun s/d 4 tahun 11 bulan,1 minggu 2 kali atau lebih,Belum menikah,Tidak memiliki anak,SLTA,Pegawai/Karyawan Swasta,A2 : Rp. 3.000.001 - Rp. 4.500.000,Rp 7.500.001- Rp 9.000.000,10.0,6.0,6.0,Promoter,6.0,2.4285714285714284,3.5714285714285716,Unknown,,3.0,6.0,6.0,6.0,6.0,6.0,6.0,,6.0,6.0,6.0,6.0,6.0,6.0,6.0,6.0,6.0,1.0,6.0,1.0,1.0,6.0,1.0,1.0
197803995,DKI Jakarta,Jakarta Barat,Jakarta Barat 4,Teller (KUOTA 50%),Pria,48,46 - 50 tahun,1 tahun s/d 2 tahun 11 bulan,2 minggu sekali,Menikah,1 anak,Akademi/D3,Pegawai/Karyawan Swasta,A1.4 : Rp 10.500.0001 - Rp 15.000.000,Rp 15.000.001- Rp 20.000.000,8.0,5.0,5.0,Passive,4.777777777777778,1.4285714285714286,3.349206349206349,Unknown,,,5.0,4.0,6.0,5.0,6.0,5.0,5.0,4.0,4.0,6.0,6.0,5.0,5.0,4.0,5.0,4.0,1.0,1.0,2.0,1.0,1.0,1.0,3.0
197803996,DKI Jakarta,Jakarta Barat,Jakarta Barat 4,Teller (KUOTA 50%),Pria,37,36 - 40 tahun,3 tahun s/d 4 tahun 11 bulan,1 minggu 2 kali atau lebih,Menikah,2 anak,SLTA,Pegawai/Karyawan Swasta,A2 : Rp. 3.000.001 - Rp. 4.500.000,Rp 6.000.001 - Rp 7.500.000,8.0,6.0,5.0,Passive,5.222222222222222,1.4285714285714286,3.7936507936507935,Unknown,,3.0,5.0,6.0,6.0,5.0,6.0,6.0,,5.0,5.0,6.0,5.0,5.0,5.0,5.0,6.0,5.0,1.0,1.0,1.0,1.0,1.0,1.0,4.0
197803997,DKI Jakarta,Jakarta Barat,Jakarta Barat 4,CS (KUOTA 50%),Pria,40,36 - 40 tahun,5 tahun atau lebih,1 minggu 2 kali atau lebih,Menikah,1 anak,Paska Sarjana (S2),Wiraswasta/Pengusaha/Pedagang,A1 : Rp. 4.500.000 - Rp 6.000.000,Rp 7.500.001- Rp 9.000.000,10.0,6.0,6.0,Promoter,5.222222222222222,1.2857142857142858,3.9365079365079367,Loyal Champion,4.0,3.0,6.0,5.0,6.0,6.0,6.0,6.0,6.0,6.0,6.0,5.0,1.0,6.0,5.0,6.0,6.0,6.0,1.0,1.0,1.0,1.0,1.0,1.0,3.0
197804532,Jawa Barat,Cirebon,Cirebon 1,Teller (KUOTA 50%),Pria,30,26 - 30 tahun,5 tahun atau lebih,1 minggu 2 kali atau lebih,Belum menikah,Tidak memiliki anak,SLTA,Pegawai/Karyawan Swasta,A2 : Rp. 3.000.001 - Rp. 4.500.000,Rp 7.500.001- Rp 9.000.000,10.0,6.0,6.0,Promoter,6.0,1.0,5.0,Loyal Champion,4.0,3.0,6.0,6.0,6.0,6.0,6.0,6.0,,6.0,6.0,6.0,6.0,6.0,6.0,6.0,6.0,6.0,1.0,1.0,1.0,1.0,1.0,1.0,1.0
197804597,Bali,Denpasar,Denpasar 1,Teller (KUOTA 50%),Wanita,48,46 - 50 tahun,3 tahun s/d 4 tahun 11 bulan,2 minggu sekali,Menikah,2 anak,Sarjana (S1),Pegawai/Karyawan Swasta,A2 : Rp. 3.000.001 - Rp. 4.500.000,Rp 9.000.001- Rp 10.500.000,10.0,6.0,6.0,Promoter,6.0,3.857142857142857,2.142857142857143,Unknown,,,6.0,6.0,6.0,6.0,6.0,6.0,,6.0,6.0,6.0,6.0,6.0,6.0,6.0,6.0,6.0,1.0,6.0,6.0,6.0,1.0,6.0,1.0
197804691,Banten,Pandeglang,Pandeglang 2,Teller (KUOTA 50%),Wanita,38,36 - 40 tahun,5 tahun atau lebih,1 minggu 2 kali atau lebih,Menikah,2 anak,Sarjana (S1),Pegawai Negeri Sipil (Bukan Guru),A2 : Rp. 3.000.001 - Rp. 4.500.000,Rp. 3.000.001 - Rp. 4.500.000,10.0,6.0,6.0,Promoter,6.0,1.0,5.0,Loyal Champion,4.0,3.0,6.0,5.0,6.0,6.0,6.0,6.0,6.0,6.0,6.0,6.0,6.0,6.0,6.0,6.0,6.0,6.0,1.0,1.0,1.0,1.0,1.0,1.0,1.0
197804877,Jawa Barat,Subang,Subang 1,CS (KUOTA 50%),Pria,36,36 - 40 tahun,5 tahun atau lebih,1 minggu sekali,Menikah,2 anak,SLTA,Wiraswasta/Pengusaha/Pedagang,B : Rp. 2.000.001 - Rp. 3.000.000,Rp. 4.500.000 - Rp 6.000.000,10.0,6.0,6.0,Promoter,6.0,1.0,5.0,Satisfied,4.0,,6.0,6.0,6.0,6.0,6.0,,6.0,6.0,6.0,6.0,6.0,6.0,6.0,6.0,6.0,6.0,1.0,1.0,1.0,1.0,1.0,1.0,1.0
197804936,Jawa Barat,Bandung,Bandung 1,CS (KUOTA 50%),Wanita,48,46 - 50 tahun,1 tahun s/d 2 tahun 11 bulan,1 bulan sekali,Menikah,1 anak,Sarjana (S1),Pegawai/Karyawan Swasta,C2 : Rp. 1.000.001 - Rp. 1.500.000,Rp 7.500.001- Rp 9.000.000,7.0,6.0,6.0,Passive,6.0,1.0,5.0,Unknown,,,5.0,6.0,6.0,6.0,6.0,,6.0,6.0,6.0,6.0,6.0,6.0,6.0,6.0,6.0,6.0,1.0,1.0,1.0,1.0,1.0,1.0,1.0
197805016,Jawa Barat,Bandung,Bandung 2,CS (KUOTA 50%),Pria,43,41 - 45 tahun,5 tahun atau lebih,1 minggu sekali,Menikah,3 anak,SLTA,Wiraswasta/Pengusaha/Pedagang,A2 : Rp. 3.000.001 - Rp. 4.500.000,Rp. 4.500.000 - Rp 6.000.000,10.0,6.0,6.0,Promoter,6.0,1.0,5.0,Satisfied,4.0,,6.0,6.0,6.0,6.0,6.0,,6.0,6.0,6.0,6.0,6.0,6.0,6.0,6.0,6.0,6.0,1.0,1.0,1.0,1.0,1.0,1.0,1.0
197805023,Jawa Barat,Bandung Barat,Bandung Barat 1,Teller (KUOTA 50%),Wanita,35,31 - 35 tahun,3 tahun s/d 4 tahun 11 bulan,2 minggu sekali,Menikah,1 anak,Sarjana (S1),Pegawai/Karyawan Swasta,A1 : Rp. 4.500.000 - Rp 6.000.000,Rp 7.500.001- Rp 9.000.000,10.0,6.0,6.0,Promoter,4.555555555555555,1.5714285714285714,2.984126984126984,Unknown,,,5.0,6.0,5.0,5.0,6.0,5.0,5.0,5.0,5.0,5.0,1.0,6.0,4.0,5.0,5.0,5.0,1.0,1.0,1.0,1.0,1.0,1.0,5.0
197805058,Jawa Barat,Karawang,Karawang 1,Teller (KUOTA 50%),Wanita,43,41 - 45 tahun,5 tahun atau lebih,1 bulan sekali,Menikah,2 anak,SLTA,Guru (Non PNS),A2 : Rp. 3.000.001 - Rp. 4.500.000,Rp. 4.500.000 - Rp 6.000.000,10.0,6.0,6.0,Promoter,6.0,1.0,5.0,Satisfied,4.0,,6.0,6.0,6.0,6.0,6.0,6.0,6.0,6.0,6.0,6.0,6.0,6.0,6.0,6.0,6.0,6.0,1.0,1.0,1.0,1.0,1.0,1.0,1.0
197805124,Jawa Barat,Bandung,Bandung 7,Teller (KUOTA 50%),Wanita,19,17 -19 tahun,1 tahun s/d 2 tahun 11 bulan,1 bulan sekali,Belum menikah,Tidak memiliki anak,SLTA,Mahasiswa/i,C2 : Rp. 1.000.001 - Rp. 1.500.000,Rp. 1.000.001 - Rp. 1.500.000,9.0,5.0,5.0,Promoter,5.0,2.0,3.0,Unknown,,,5.0,5.0,5.0,5.0,6.0,6.0,,5.0,5.0,5.0,5.0,5.0,5.0,5.0,5.0,5.0,2.0,2.0,2.0,2.0,2.0,2.0,2.0
197805149,Jawa Barat,Subang,Subang 1,Teller (KUOTA 50%),Pria,37,36 - 40 tahun,5 tahun atau lebih,1 minggu 2 kali atau lebih,Menikah,2 anak,SLTA,Wiraswasta/Pengusaha/Pedagang,A2 : Rp. 3.000.001 - Rp. 4.500.000,Rp. 3.000.001 - Rp. 4.500.000,10.0,6.0,6.0,Promoter,6.0,1.0,5.0,Loyal Champion,4.0,3.0,6.0,6.0,6.0,6.0,6.0,6.0,,6.0,6.0,6.0,6.0,6.0,6.0,6.0,6.0,6.0,1.0,1.0,1.0,1.0,1.0,1.0,1.0
197805203,Jawa Barat,Cirebon,Cirebon 1,CS (KUOTA 50%),Wanita,49,46 - 50 tahun,5 tahun atau lebih,1 minggu 2 kali atau lebih,Menikah,2 anak,SLTA,Wiraswasta/Pengusaha/Pedagang,A2 : Rp. 3.000.001 - Rp. 4.500.000,Rp 6.000.001 - Rp 7.500.000,10.0,6.0,6.0,Promoter,5.444444444444445,1.0,4.444444444444445,Loyal Champion,4.0,3.0,6.0,6.0,6.0,6.0,6.0,,6.0,6.0,6.0,6.0,6.0,6.0,6.0,6.0,1.0,6.0,1.0,1.0,1.0,1.0,1.0,1.0,1.0
197805230,Jawa Barat,Sumedang,Sumedang 1,Teller (KUOTA 50%),Pria,26,26 - 30 tahun,3 tahun s/d 4 tahun 11 bulan,1 minggu 2 kali atau lebih,Menikah,Tidak memiliki anak,SLTA,Pegawai/Karyawan Swasta,A2 : Rp. 3.000.001 - Rp. 4.500.000,Rp 7.500.001- Rp 9.000.000,9.0,5.0,6.0,Promoter,6.0,1.0,5.0,Unknown,,3.0,6.0,6.0,6.0,6.0,6.0,5.0,,6.0,6.0,6.0,6.0,6.0,6.0,6.0,6.0,6.0,1.0,1.0,1.0,1.0,1.0,1.0,1.0
197805316,Jawa Barat,Ciamis,Ciamis 1,CS (KUOTA 50%),Pria,32,31 - 35 tahun,5 tahun atau lebih,1 minggu 2 kali atau lebih,Belum menikah,Tidak memiliki anak,Sarjana (S1),Tenaga Honorer,A1.2 : Rp 7.500.001- Rp 9.000.000,Rp 7.500.001- Rp 9.000.000,10.0,6.0,6.0,Promoter,6.0,1.0,5.0,Loyal Champion,4.0,3.0,6.0,6.0,6.0,6.0,6.0,6.0,6.0,6.0,6.0,6.0,6.0,6.0,6.0,6.0,6.0,6.0,1.0,1.0,1.0,1.0,1.0,1.0,1.0
197805348,Jawa Barat,Banjar,Banjar 1,Teller (KUOTA 50%),Wanita,32,31 - 35 tahun,5 tahun atau lebih,2 minggu sekali,Menikah,3 anak,SLTA,Ibu Rumah Tangga,A2 : Rp. 3.000.001 - Rp. 4.500.000,Rp. 3.000.001 - Rp. 4.500.000,10.0,6.0,6.0,Promoter,6.0,1.0,5.0,Satisfied,4.0,,6.0,6.0,6.0,6.0,6.0,6.0,6.0,6.0,6.0,6.0,6.0,6.0,6.0,6.0,6.0,6.0,1.0,1.0,1.0,1.0,1.0,1.0,1.0
197805408,Jawa Barat,Ciamis,Ciamis 1,Teller (KUOTA 50%),Pria,32,31 - 35 tahun,3 tahun s/d 4 tahun 11 bulan,1 minggu 2 kali atau lebih,Menikah,1 anak,SLTA,Pegawai/Karyawan Swasta,B : Rp. 2.000.001 - Rp. 3.000.000,Rp. 3.000.001 - Rp. 4.500.000,10.0,6.0,6.0,Promoter,6.0,1.0,5.0,Unknown,,3.0,6.0,6.0,6.0,6.0,6.0,6.0,6.0,6.0,6.0,6.0,6.0,6.0,6.0,6.0,6.0,6.0,1.0,1.0,1.0,1.0,1.0,1.0,1.0
197805429,Banten,Serang,Serang 2,CS (KUOTA 50%),Wanita,21,20 - 25 tahun,1 tahun s/d 2 tahun 11 bulan,1 minggu 2 kali atau lebih,Belum menikah,Tidak memiliki anak,SLTA,Mahasiswa/i,A1 : Rp. 4.500.000 - Rp 6.000.000,Rp 7.500.001- Rp 9.000.000,9.0,5.0,5.0,Promoter,5.555555555555555,1.0,4.555555555555555,Unknown,,3.0,5.0,5.0,6.0,5.0,5.0,,6.0,5.0,5.0,6.0,6.0,6.0,5.0,5.0,6.0,6.0,1.0,1.0,1.0,1.0,1.0,1.0,1.0
197805432,DKI Jakarta,Jakarta Selatan,Jakarta Selatan 1,CS (KUOTA 50%),Wanita,39,36 - 40 tahun,5 tahun atau lebih,1 minggu 2 kali atau lebih,Menikah,1 anak,SLTA,Pegawai/Karyawan Swasta,A2 : Rp. 3.000.001 - Rp. 4.500.000,Rp. 3.000.001 - Rp. 4.500.000,10.0,6.0,6.0,Promoter,6.0,1.0,5.0,Loyal Champion,4.0,3.0,6.0,6.0,6.0,6.0,6.0,6.0,6.0,6.0,6.0,6.0,6.0,6.0,6.0,6.0,6.0,6.0,1.0,1.0,1.0,1.0,1.0,1.0,1.0
197805435,Jawa Barat,Subang,Subang 1,Teller (KUOTA 50%),Pria,40,36 - 40 tahun,1 tahun s/d 2 tahun 11 bulan,1 minggu 2 kali atau lebih,Menikah,2 anak,Sarjana (S1),Wiraswasta/Pengusaha/Pedagang,A1.5 : Rp 15.000.001- Rp 20.000.000,Rp 20.000.001 - Rp 25.000.000,10.0,6.0,6.0,Promoter,6.0,1.0,5.0,Unknown,,3.0,6.0,6.0,6.0,6.0,6.0,6.0,,6.0,6.0,6.0,6.0,6.0,6.0,6.0,6.0,6.0,1.0,1.0,1.0,1.0,1.0,1.0,1.0
197805447,Banten,Lebak,Lebak 2,CS (KUOTA 50%),Pria,50,46 - 50 tahun,5 tahun atau lebih,1 bulan sekali,Menikah,4 anak,SLTA,Lainnya,A2 : Rp. 3.000.001 - Rp. 4.500.000,Rp. 2.000.001 - Rp. 3.000.000,10.0,6.0,6.0,Promoter,5.111111111111111,1.8571428571428572,3.2539682539682535,Satisfied,4.0,,6.0,6.0,6.0,6.0,6.0,,6.0,5.0,6.0,6.0,2.0,5.0,5.0,5.0,6.0,6.0,2.0,1.0,2.0,2.0,2.0,2.0,2.0
197805449,Jawa Barat,Bandung,Bandung 1,Teller (KUOTA 50%),Pria,37,36 - 40 tahun,5 tahun atau lebih,2 minggu sekali,Menikah,2 anak,Akademi/D3,Wiraswasta/Pengusaha/Pedagang,A2 : Rp. 3.000.001 - Rp. 4.500.000,Rp 10.500.0001 - Rp 15.000.000,10.0,6.0,6.0,Promoter,6.0,1.0,5.0,Satisfied,4.0,,6.0,6.0,6.0,6.0,6.0,6.0,,6.0,6.0,6.0,6.0,6.0,6.0,6.0,6.0,6.0,1.0,1.0,1.0,1.0,1.0,1.0,1.0
197805464,Jawa Barat,Bandung,Bandung 8,Teller (KUOTA 50%),Wanita,49,46 - 50 tahun,5 tahun atau lebih,1 bulan sekali,Menikah,2 anak,Sarjana (S1),Pegawai Negeri Sipil (Bukan Guru),A1 : Rp. 4.500.000 - Rp 6.000.000,Rp. 4.500.000 - Rp 6.000.000,10.0,6.0,6.0,Promoter,6.0,1.0,5.0,Satisfied,4.0,,6.0,6.0,6.0,6.0,6.0,6.0,,6.0,6.0,6.0,6.0,6.0,6.0,6.0,6.0,6.0,1.0,1.0,1.0,1.0,1.0,1.0,1.0
197805573,Banten,Pandeglang,Pandeglang 2,CS (KUOTA 50%),Pria,43,41 - 45 tahun,5 tahun atau lebih,1 bulan sekali,Menikah,1 anak,SLTA,Wiraswasta/Pengusaha/Pedagang,A2 : Rp. 3.000.001 - Rp. 4.500.000,Rp. 2.000.001 - Rp. 3.000.000,10.0,6.0,6.0,Promoter,6.0,1.0,5.0,Satisfied,4.0,,6.0,6.0,6.0,6.0,6.0,,6.0,6.0,6.0,6.0,6.0,6.0,6.0,6.0,6.0,6.0,1.0,1.0,1.0,1.0,1.0,1.0,1.0
197805783,Banten,Serang,Serang 2,CS (KUOTA 50%),Pria,38,36 - 40 tahun,5 tahun atau lebih,1 minggu 2 kali atau lebih,Menikah,2 anak,SLTA,Tenaga Honorer,B : Rp. 2.000.001 - Rp. 3.000.000,Rp. 4.500.000 - Rp 6.000.000,7.0,6.0,6.0,Passive,5.888888888888889,1.1428571428571428,4.746031746031747,Passive,4.0,3.0,6.0,6.0,5.0,5.0,6.0,,6.0,6.0,6.0,6.0,6.0,6.0,6.0,6.0,5.0,6.0,1.0,1.0,1.0,1.0,1.0,1.0,2.0
197806017,Jawa Barat,Cirebon,Cirebon 2,Teller (KUOTA 50%),Wanita,31,31 - 35 tahun,3 tahun s/d 4 tahun 11 bulan,1 minggu 2 kali atau lebih,Menikah,Tidak memiliki anak,SLTA,Pegawai/Karyawan Swasta,A2 : Rp. 3.000.001 - Rp. 4.500.000,Rp. 4.500.000 - Rp 6.000.000,9.0,6.0,5.0,Promoter,5.777777777777778,5.714285714285714,0.06349206349206327,Unknown,,3.0,5.0,6.0,6.0,6.0,6.0,6.0,,6.0,6.0,6.0,6.0,6.0,6.0,5.0,5.0,6.0,6.0,5.0,6.0,6.0,6.0,6.0,5.0
197806113,Jawa Tengah,Semarang,Semarang 2,CS (KUOTA 50%),Wanita,40,36 - 40 tahun,1 tahun s/d 2 tahun 11 bulan,1 bulan sekali,Menikah,1 anak,SLTA,Pegawai/Karyawan Swasta,B : Rp. 2.000.001 - Rp. 3.000.000,Rp. 3.000.001 - Rp. 4.500.000,8.0,5.0,5.0,Passive,5.0,5.0,0.0,Unknown,,,5.0,5.0,5.0,5.0,5.0,,5.0,5.0,5.0,5.0,5.0,5.0,5.0,5.0,5.0,5.0,5.0,5.0,5.0,5.0,5.0,5.0,5.0
197806210,Jawa Barat,Bandung,Bandung 7,Teller (KUOTA 50%),Wanita,20,20 - 25 tahun,1 tahun s/d 2 tahun 11 bulan,2 minggu sekali,Belum menikah,Tidak memiliki anak,SLTA,Mahasiswa/i,C2 : Rp. 1.000.001 - Rp. 1.500.000,Rp. 1.000.001 - Rp. 1.500.000,10.0,6.0,5.0,Promoter,4.555555555555555,2.0,2.5555555555555554,Unknown,,,5.0,5.0,6.0,6.0,6.0,6.0,,5.0,5.0,5.0,1.0,5.0,5.0,5.0,5.0,5.0,2.0,2.0,2.0,2.0,2.0,2.0,2.0
197806299,Jawa Barat,Subang,Subang 1,CS (KUOTA 50%),Wanita,49,46 - 50 tahun,5 tahun atau lebih,1 minggu 2 kali atau lebih,Menikah,1 anak,SLTA,Wiraswasta/Pengusaha/Pedagang,A1.1 : Rp 6.000.001 - Rp 7.500.000,Rp 7.500.001- Rp 9.000.000,10.0,6.0,6.0,Promoter,6.0,1.0,5.0,Loyal Champion,4.0,3.0,6.0,6.0,6.0,6.0,6.0,6.0,6.0,6.0,6.0,6.0,6.0,6.0,6.0,6.0,6.0,6.0,1.0,1.0,1.0,1.0,1.0,1.0,1.0
197806301,Jawa Barat,Bandung,Bandung 1,CS (KUOTA 50%),Wanita,22,20 - 25 tahun,1 tahun s/d 2 tahun 11 bulan,1 minggu 2 kali atau lebih,Belum menikah,Tidak memiliki anak,SLTA,Mahasiswa/i,A1 : Rp. 4.500.000 - Rp 6.000.000,Rp 9.000.001- Rp 10.500.000,10.0,6.0,6.0,Promoter,6.0,1.0,5.0,Unknown,,3.0,6.0,6.0,6.0,6.0,6.0,,6.0,6.0,6.0,6.0,6.0,6.0,6.0,6.0,6.0,6.0,1.0,1.0,1.0,1.0,1.0,1.0,1.0
197806341,Jawa Barat,Bandung,Bandung 8,Teller (KUOTA 50%),Pria,49,46 - 50 tahun,5 tahun atau lebih,1 bulan sekali,Menikah,4 anak,SLTA,Pegawai Negeri Sipil (Bukan Guru),B : Rp. 2.000.001 - Rp. 3.000.000,Rp. 4.500.000 - Rp 6.000.000,10.0,6.0,6.0,Promoter,6.0,1.0,5.0,Satisfied,4.0,,6.0,6.0,6.0,6.0,6.0,6.0,,6.0,6.0,6.0,6.0,6.0,6.0,6.0,6.0,6.0,1.0,1.0,1.0,1.0,1.0,1.0,1.0
197806352,Jawa Barat,Sumedang,Sumedang 1,CS (KUOTA 50%),Wanita,44,41 - 45 tahun,5 tahun atau lebih,1 bulan sekali,Duda / Janda,2 anak,SLTA,Ibu Rumah Tangga,A1 : Rp. 4.500.000 - Rp 6.000.000,Rp 10.500.0001 - Rp 15.000.000,10.0,6.0,5.0,Promoter,5.888888888888889,1.0,4.888888888888889,Satisfied,4.0,,6.0,5.0,6.0,6.0,6.0,,6.0,6.0,6.0,6.0,6.0,6.0,6.0,5.0,6.0,6.0,1.0,1.0,1.0,1.0,1.0,1.0,1.0
197806353,Banten,Pandeglang,Pandeglang 2,Teller (KUOTA 50%),Wanita,48,46 - 50 tahun,5 tahun atau lebih,1 minggu 2 kali atau lebih,Menikah,3 anak,Sarjana (S1),Pegawai Negeri Sipil (Guru),A2 : Rp. 3.000.001 - Rp. 4.500.000,Rp. 3.000.001 - Rp. 4.500.000,10.0,6.0,5.0,Promoter,4.666666666666667,2.0,2.666666666666667,Loyal Champion,4.0,3.0,5.0,5.0,5.0,5.0,5.0,5.0,6.0,5.0,5.0,5.0,5.0,5.0,5.0,5.0,2.0,5.0,2.0,2.0,2.0,2.0,2.0,2.0,2.0
197806360,Jawa Barat,Sumedang,Sumedang 1,Teller (KUOTA 50%),Pria,37,36 - 40 tahun,3 tahun s/d 4 tahun 11 bulan,1 minggu sekali,Menikah,2 anak,Sarjana (S1),Polisi / Tentara / Militer,A1 : Rp. 4.500.000 - Rp 6.000.000,Rp 9.000.001- Rp 10.500.000,9.0,6.0,6.0,Promoter,6.0,1.0,5.0,Unknown,,,6.0,6.0,6.0,6.0,6.0,6.0,,6.0,6.0,6.0,6.0,6.0,6.0,6.0,6.0,6.0,1.0,1.0,1.0,1.0,1.0,1.0,1.0
197806490,Kalimantan Selatan,Banjarmasin,Banjarmasin 1,Teller (KUOTA 50%),Pria,25,20 - 25 tahun,1 tahun s/d 2 tahun 11 bulan,2 minggu sekali,Belum menikah,Tidak memiliki anak,Sarjana (S1),Pegawai/Karyawan Swasta,B : Rp. 2.000.001 - Rp. 3.000.000,Rp. 4.500.000 - Rp 6.000.000,10.0,6.0,6.0,Promoter,6.0,1.0,5.0,Unknown,,,6.0,6.0,6.0,6.0,6.0,6.0,,6.0,6.0,6.0,6.0,6.0,6.0,6.0,6.0,6.0,1.0,1.0,1.0,1.0,1.0,1.0,1.0
197806491,Kalimantan Selatan,Banjarmasin,Banjarmasin 1,CS (KUOTA 50%),Wanita,22,20 - 25 tahun,1 tahun s/d 2 tahun 11 bulan,1 bulan sekali,Belum menikah,Tidak memiliki anak,SLTA,Mahasiswa/i,C2 : Rp. 1.000.001 - Rp. 1.500.000,Rp. 1.000.001 - Rp. 1.500.000,10.0,6.0,6.0,Promoter,6.0,1.0,5.0,Unknown,,,6.0,6.0,6.0,6.0,6.0,,6.0,6.0,6.0,6.0,6.0,6.0,6.0,6.0,6.0,6.0,1.0,1.0,1.0,1.0,1.0,1.0,1.0
197806566,Banten,Tangerang,Tangerang 1,Teller (KUOTA 50%),Wanita,50,46 - 50 tahun,5 tahun atau lebih,2 minggu sekali,Menikah,3 anak,Akademi/D3,Pegawai Negeri Sipil (Guru),B : Rp. 2.000.001 - Rp. 3.000.000,Rp. 3.000.001 - Rp. 4.500.000,10.0,6.0,6.0,Promoter,5.555555555555555,5.0,0.5555555555555554,Satisfied,4.0,,6.0,6.0,6.0,6.0,6.0,6.0,6.0,6.0,5.0,6.0,5.0,6.0,5.0,6.0,5.0,6.0,5.0,5.0,5.0,5.0,5.0,5.0,5.0
197806622,Jawa Barat,Bekasi,Bekasi 2,CS (KUOTA 50%),Pria,30,26 - 30 tahun,3 tahun s/d 4 tahun 11 bulan,1 minggu 2 kali atau lebih,Menikah,1 anak,Sarjana (S1),Pegawai/Karyawan Swasta,A1.1 : Rp 6.000.001 - Rp 7.500.000,Rp 10.500.0001 - Rp 15.000.000,10.0,6.0,6.0,Promoter,6.0,1.0,5.0,Unknown,,3.0,6.0,6.0,6.0,6.0,6.0,6.0,6.0,6.0,6.0,6.0,6.0,6.0,6.0,6.0,6.0,6.0,1.0,1.0,1.0,1.0,1.0,1.0,1.0
197806628,Jawa Barat,Ciamis,Ciamis 1,CS (KUOTA 50%),Wanita,38,36 - 40 tahun,3 tahun s/d 4 tahun 11 bulan,1 minggu 2 kali atau lebih,Menikah,2 anak,Sarjana (S1),Wiraswasta/Pengusaha/Pedagang,A1 : Rp. 4.500.000 - Rp 6.000.000,Rp. 3.000.001 - Rp. 4.500.000,10.0,6.0,6.0,Promoter,6.0,1.0,5.0,Unknown,,3.0,6.0,6.0,6.0,6.0,6.0,,6.0,6.0,6.0,6.0,6.0,6.0,6.0,6.0,6.0,6.0,1.0,1.0,1.0,1.0,1.0,1.0,1.0
197806708,Bali,Denpasar,Denpasar 1,CS (KUOTA 50%),Pria,49,46 - 50 tahun,5 tahun atau lebih,2 minggu sekali,Menikah,4 anak,Sarjana (S1),Wiraswasta/Pengusaha/Pedagang,A1.1 : Rp 6.000.001 - Rp 7.500.000,Rp. 3.000.001 - Rp. 4.500.000,10.0,6.0,6.0,Promoter,5.111111111111111,5.0,0.11111111111111072,Satisfied,4.0,,5.0,5.0,4.0,6.0,6.0,6.0,5.0,4.0,5.0,6.0,4.0,4.0,6.0,6.0,6.0,5.0,4.0,5.0,6.0,4.0,6.0,6.0,4.0
197806716,Jawa Barat,Subang,Subang 1,Teller (KUOTA 50%),Pria,41,41 - 45 tahun,5 tahun atau lebih,2 minggu sekali,Duda / Janda,Tidak memiliki anak,SLTA,Pegawai Negeri Sipil (Bukan Guru),A1.2 : Rp 7.500.001- Rp 9.000.000,Rp 7.500.001- Rp 9.000.000,10.0,6.0,6.0,Promoter,6.0,1.0,5.0,Satisfied,4.0,,6.0,6.0,6.0,6.0,6.0,6.0,6.0,6.0,6.0,6.0,6.0,6.0,6.0,6.0,6.0,6.0,1.0,1.0,1.0,1.0,1.0,1.0,1.0
197806770,Banten,Serang,Serang 2,Teller (KUOTA 50%),Pria,35,31 - 35 tahun,1 tahun s/d 2 tahun 11 bulan,1 minggu 2 kali atau lebih,Menikah,2 anak,SLTA,Pegawai/Karyawan Swasta,A2 : Rp. 3.000.001 - Rp. 4.500.000,Rp 7.500.001- Rp 9.000.000,10.0,6.0,6.0,Promoter,6.0,1.0,5.0,Unknown,,3.0,6.0,5.0,6.0,6.0,5.0,6.0,,6.0,6.0,6.0,6.0,6.0,6.0,6.0,6.0,6.0,1.0,1.0,1.0,1.0,1.0,1.0,1.0
197806800,Jawa Barat,Karawang,Karawang 1,CS (KUOTA 50%),Wanita,44,41 - 45 tahun,5 tahun atau lebih,1 bulan sekali,Menikah,2 anak,SLTA,Perangkat Desa (Camat/Lurah/RW),A1.2 : Rp 7.500.001- Rp 9.000.000,Rp 10.500.0001 - Rp 15.000.000,9.0,5.0,6.0,Promoter,5.555555555555555,1.0,4.555555555555555,Satisfied,4.0,,5.0,5.0,5.0,6.0,5.0,5.0,5.0,5.0,6.0,5.0,6.0,6.0,6.0,5.0,5.0,6.0,1.0,1.0,1.0,1.0,1.0,1.0,1.0
197806845,Jawa Barat,Banjar,Banjar 1,CS (KUOTA 50%),Pria,36,36 - 40 tahun,5 tahun atau lebih,1 minggu sekali,Menikah,1 anak,Akademi/D3,Pegawai/Karyawan Swasta,B : Rp. 2.000.001 - Rp. 3.000.000,Rp. 3.000.001 - Rp. 4.500.000,10.0,6.0,6.0,Promoter,6.0,1.0,5.0,Satisfied,4.0,,6.0,6.0,6.0,6.0,6.0,6.0,6.0,6.0,6.0,6.0,6.0,6.0,6.0,6.0,6.0,6.0,1.0,1.0,1.0,1.0,1.0,1.0,1.0
197806849,Jawa Barat,Bekasi,Bekasi 2,CS (KUOTA 50%),Pria,30,26 - 30 tahun,5 tahun atau lebih,2 minggu sekali,Belum menikah,Tidak memiliki anak,SLTA,Pegawai/Karyawan Swasta,A1 : Rp. 4.500.000 - Rp 6.000.000,Rp. 4.500.000 - Rp 6.000.000,10.0,6.0,6.0,Promoter,6.0,1.0,5.0,Satisfied,4.0,,6.0,6.0,6.0,6.0,6.0,6.0,6.0,6.0,6.0,6.0,6.0,6.0,6.0,6.0,6.0,6.0,1.0,1.0,1.0,1.0,1.0,1.0,1.0
197806864,Banten,Serang,Serang 2,Teller (KUOTA 50%),Wanita,22,20 - 25 tahun,1 tahun s/d 2 tahun 11 bulan,1 minggu sekali,Belum menikah,Tidak memiliki anak,SLTA,Mahasiswa/i,C2 : Rp. 1.000.001 - Rp. 1.500.000,Rp. 1.500.001 - Rp. 2.000.000,9.0,6.0,6.0,Promoter,6.0,2.4285714285714284,3.5714285714285716,Unknown,,,6.0,6.0,6.0,6.0,6.0,6.0,,6.0,6.0,6.0,6.0,6.0,6.0,6.0,6.0,6.0,1.0,1.0,6.0,1.0,6.0,1.0,1.0
197806888,Jawa Barat,Sukabumi,Sukabumi 2,Teller (KUOTA 50%),Wanita,25,20 - 25 tahun,5 tahun atau lebih,1 minggu 2 kali atau lebih,Belum menikah,Tidak memiliki anak,Sarjana (S1),Pegawai/Karyawan Swasta,A2 : Rp. 3.000.001 - Rp. 4.500.000,Rp. 3.000.001 - Rp. 4.500.000,8.0,6.0,6.0,Passive,5.666666666666667,1.7142857142857142,3.9523809523809526,Passive,4.0,3.0,6.0,6.0,6.0,5.0,6.0,6.0,6.0,5.0,6.0,6.0,6.0,5.0,5.0,6.0,6.0,6.0,1.0,1.0,1.0,4.0,1.0,2.0,2.0
197806889,Jawa Barat,Sukabumi,Sukabumi 2,Teller (KUOTA 50%),Wanita,27,26 - 30 tahun,5 tahun atau lebih,2 minggu sekali,Menikah,1 anak,Sarjana (S1),Pegawai/Karyawan Swasta,A2 : Rp. 3.000.001 - Rp. 4.500.000,Rp 6.000.001 - Rp 7.500.000,9.0,6.0,5.0,Promoter,5.0,1.2857142857142858,3.7142857142857144,Satisfied,4.0,,6.0,6.0,6.0,6.0,6.0,6.0,6.0,5.0,5.0,3.0,5.0,6.0,6.0,5.0,5.0,5.0,2.0,1.0,1.0,1.0,2.0,1.0,1.0
197806890,Jawa Barat,Sukabumi,Sukabumi 2,Teller (KUOTA 50%),Pria,28,26 - 30 tahun,5 tahun atau lebih,1 minggu sekali,Menikah,1 anak,Sarjana (S1),Tenaga Honorer,C1 : Rp. 1.500.001 - Rp. 2.000.000,Rp. 3.000.001 - Rp. 4.500.000,10.0,6.0,6.0,Promoter,6.0,1.0,5.0,Satisfied,4.0,,6.0,6.0,6.0,6.0,6.0,6.0,,6.0,6.0,6.0,6.0,6.0,6.0,6.0,6.0,6.0,1.0,1.0,1.0,1.0,1.0,1.0,1.0
197806891,Jawa Barat,Sukabumi,Sukabumi 2,Teller (KUOTA 50%),Pria,43,41 - 45 tahun,5 tahun atau lebih,1 minggu 2 kali atau lebih,Menikah,2 anak,Sarjana (S1),Tenaga Honorer,A2 : Rp. 3.000.001 - Rp. 4.500.000,Rp. 4.500.000 - Rp 6.000.000,10.0,6.0,6.0,Promoter,6.0,1.0,5.0,Loyal Champion,4.0,3.0,6.0,6.0,6.0,6.0,6.0,6.0,,6.0,6.0,6.0,6.0,6.0,6.0,6.0,6.0,6.0,1.0,1.0,1.0,1.0,1.0,1.0,1.0
197806892,Jawa Barat,Sukabumi,Sukabumi 2,Teller (KUOTA 50%),Pria,45,41 - 45 tahun,5 tahun atau lebih,1 minggu 2 kali atau lebih,Menikah,2 anak,SLTA,Pegawai/Karyawan Swasta,B : Rp. 2.000.001 - Rp. 3.000.000,Rp. 4.500.000 - Rp 6.000.000,9.0,6.0,6.0,Promoter,6.0,1.0,5.0,Loyal Champion,4.0,3.0,6.0,6.0,6.0,6.0,6.0,6.0,,6.0,6.0,6.0,6.0,6.0,6.0,6.0,6.0,6.0,1.0,1.0,1.0,1.0,1.0,1.0,1.0
197806893,Jawa Barat,Sukabumi,Sukabumi 2,Teller (KUOTA 50%),Pria,43,41 - 45 tahun,5 tahun atau lebih,1 minggu 2 kali atau lebih,Menikah,2 anak,SLTA,Pegawai/Karyawan Swasta,A2 : Rp. 3.000.001 - Rp. 4.500.000,Rp. 4.500.000 - Rp 6.000.000,10.0,6.0,6.0,Promoter,6.0,1.0,5.0,Loyal Champion,4.0,3.0,6.0,6.0,6.0,6.0,6.0,6.0,,6.0,6.0,6.0,6.0,6.0,6.0,6.0,6.0,6.0,1.0,1.0,1.0,1.0,1.0,1.0,1.0
197806965,Jawa Barat,Ciamis,Ciamis 1,CS (KUOTA 50%),Pria,48,46 - 50 tahun,5 tahun atau lebih,1 minggu 2 kali atau lebih,Menikah,3 anak,SLTA,Pegawai Negeri Sipil (Bukan Guru),A1 : Rp. 4.500.000 - Rp 6.000.000,Rp 7.500.001- Rp 9.000.000,10.0,6.0,6.0,Promoter,6.0,1.0,5.0,Loyal Champion,4.0,3.0,6.0,6.0,6.0,6.0,6.0,,6.0,6.0,6.0,6.0,6.0,6.0,6.0,6.0,6.0,6.0,1.0,1.0,1.0,1.0,1.0,1.0,1.0
197807006,Kepulauan Riau,Batam,Batam 1,Teller (KUOTA 50%),Wanita,49,46 - 50 tahun,1 tahun s/d 2 tahun 11 bulan,2 minggu sekali,Belum menikah,Tidak memiliki anak,Sarjana (S1),Pegawai/Karyawan Swasta,A1.1 : Rp 6.000.001 - Rp 7.500.000,Rp 9.000.001- Rp 10.500.000,8.0,5.0,5.0,Passive,5.0,2.7142857142857144,2.2857142857142856,Unknown,,,5.0,5.0,5.0,5.0,5.0,6.0,,5.0,5.0,5.0,5.0,5.0,5.0,5.0,5.0,5.0,5.0,1.0,1.0,5.0,1.0,1.0,5.0
197807056,Jawa Barat,Cirebon,Cirebon 1,CS (KUOTA 50%),Pria,50,46 - 50 tahun,5 tahun atau lebih,2 minggu sekali,Menikah,2 anak,SLTA,Pegawai Negeri Sipil (Bukan Guru),A2 : Rp. 3.000.001 - Rp. 4.500.000,Rp 6.000.001 - Rp 7.500.000,6.0,6.0,6.0,Detractor,5.444444444444445,1.0,4.444444444444445,At Risk,4.0,,6.0,6.0,6.0,6.0,6.0,,6.0,6.0,6.0,1.0,6.0,6.0,6.0,6.0,6.0,6.0,1.0,1.0,1.0,1.0,1.0,1.0,1.0
197807135,Jawa Barat,Cirebon,Cirebon 2,CS (KUOTA 50%),Wanita,38,36 - 40 tahun,5 tahun atau lebih,1 bulan sekali,Menikah,2 anak,SLTA,Ibu Rumah Tangga,B : Rp. 2.000.001 - Rp. 3.000.000,Rp. 2.000.001 - Rp. 3.000.000,9.0,6.0,6.0,Promoter,5.555555555555555,5.714285714285714,-0.15873015873015905,Satisfied,4.0,,6.0,6.0,6.0,6.0,6.0,,6.0,5.0,5.0,6.0,6.0,6.0,5.0,6.0,5.0,6.0,5.0,6.0,5.0,6.0,6.0,6.0,6.0
197807535,Jawa Barat,Bekasi,Bekasi 1,CS (KUOTA 50%),Pria,42,41 - 45 tahun,1 tahun s/d 2 tahun 11 bulan,1 bulan sekali,Menikah,1 anak,SLTA,Pegawai/Karyawan Swasta,A1 : Rp. 4.500.000 - Rp 6.000.000,Rp 7.500.001- Rp 9.000.000,9.0,6.0,6.0,Promoter,6.0,1.0,5.0,Unknown,,,6.0,6.0,6.0,6.0,6.0,6.0,6.0,6.0,6.0,6.0,6.0,6.0,6.0,6.0,6.0,6.0,1.0,1.0,1.0,1.0,1.0,1.0,1.0
197807643,Jawa Barat,Bandung,Bandung 1,Teller (KUOTA 50%),Pria,50,46 - 50 tahun,5 tahun atau lebih,1 minggu 2 kali atau lebih,Menikah,3 anak,Sarjana (S1),Pegawai Negeri Sipil (Guru),A2 : Rp. 3.000.001 - Rp. 4.500.000,Menolak Memberikan Jawaban,5.0,5.0,5.0,Detractor,4.666666666666667,2.0,2.666666666666667,At Risk,4.0,3.0,5.0,5.0,5.0,5.0,5.0,5.0,5.0,4.0,5.0,5.0,5.0,5.0,5.0,4.0,4.0,5.0,2.0,2.0,2.0,2.0,2.0,2.0,2.0
197807721,Banten,Lebak,Lebak 2,CS (KUOTA 50%),Wanita,49,46 - 50 tahun,5 tahun atau lebih,1 bulan sekali,Menikah,> 4 anak,Sarjana (S1),Pegawai Negeri Sipil (Bukan Guru),A2 : Rp. 3.000.001 - Rp. 4.500.000,Rp. 3.000.001 - Rp. 4.500.000,8.0,5.0,5.0,Passive,4.555555555555555,3.7142857142857144,0.841269841269841,Passive,4.0,,5.0,5.0,5.0,5.0,5.0,5.0,5.0,5.0,5.0,4.0,4.0,5.0,5.0,3.0,5.0,5.0,3.0,4.0,3.0,3.0,4.0,4.0,5.0
197807739,Jawa Barat,Sumedang,Sumedang 1,CS (KUOTA 50%),Wanita,27,26 - 30 tahun,1 tahun s/d 2 tahun 11 bulan,1 minggu 2 kali atau lebih,Menikah,2 anak,SLTA,Wiraswasta/Pengusaha/Pedagang,A1.1 : Rp 6.000.001 - Rp 7.500.000,Rp 10.500.0001 - Rp 15.000.000,9.0,6.0,6.0,Promoter,6.0,1.0,5.0,Unknown,,3.0,6.0,6.0,6.0,6.0,6.0,,6.0,6.0,6.0,6.0,6.0,6.0,6.0,6.0,6.0,6.0,1.0,1.0,1.0,1.0,1.0,1.0,1.0
197807944,Jawa Barat,Subang,Subang 1,CS (KUOTA 50%),Pria,41,41 - 45 tahun,1 tahun s/d 2 tahun 11 bulan,1 minggu 2 kali atau lebih,Menikah,2 anak,SLTA,Pegawai/Karyawan Swasta,A1 : Rp. 4.500.000 - Rp 6.000.000,Rp 7.500.001- Rp 9.000.000,10.0,6.0,6.0,Promoter,5.444444444444445,1.0,4.444444444444445,Unknown,,3.0,6.0,6.0,6.0,6.0,6.0,,6.0,1.0,6.0,6.0,6.0,6.0,6.0,6.0,6.0,6.0,1.0,1.0,1.0,1.0,1.0,1.0,1.0
197807960,Jawa Barat,Depok,Depok 1,CS (KUOTA 50%),Wanita,47,46 - 50 tahun,5 tahun atau lebih,1 bulan sekali,Menikah,1 anak,Sarjana (S1),Pegawai Negeri Sipil (Guru),A1 : Rp. 4.500.000 - Rp 6.000.000,Rp 6.000.001 - Rp 7.500.000,10.0,6.0,6.0,Promoter,6.0,1.0,5.0,Satisfied,4.0,,6.0,6.0,6.0,6.0,6.0,,6.0,6.0,6.0,6.0,6.0,6.0,6.0,6.0,6.0,6.0,1.0,1.0,1.0,1.0,1.0,1.0,1.0
197807970,Jawa Barat,Depok,Depok 1,CS (KUOTA 50%),Wanita,43,41 - 45 tahun,5 tahun atau lebih,1 minggu 2 kali atau lebih,Menikah,3 anak,Sarjana (S1),Pegawai Negeri Sipil (Guru),A2 : Rp. 3.000.001 - Rp. 4.500.000,Rp. 3.000.001 - Rp. 4.500.000,10.0,6.0,6.0,Promoter,6.0,1.1428571428571428,4.857142857142858,Loyal Champion,4.0,3.0,6.0,6.0,6.0,6.0,6.0,,6.0,6.0,6.0,6.0,6.0,6.0,6.0,6.0,6.0,6.0,1.0,1.0,1.0,1.0,1.0,1.0,2.0
197808052,Banten,Cilegon,Cilegon 2,CS (KUOTA 50%),Pria,34,31 - 35 tahun,5 tahun atau lebih,1 minggu 2 kali atau lebih,Menikah,2 anak,Sarjana (S1),Wiraswasta/Pengusaha/Pedagang,A1 : Rp. 4.500.000 - Rp 6.000.000,Rp 15.000.001- Rp 20.000.000,10.0,6.0,6.0,Promoter,6.0,1.0,5.0,Loyal Champion,4.0,3.0,6.0,6.0,6.0,6.0,6.0,,6.0,6.0,6.0,6.0,6.0,6.0,6.0,6.0,6.0,6.0,1.0,1.0,1.0,1.0,1.0,1.0,1.0
197808097,Jawa Barat,Bandung Barat,Bandung Barat 1,Teller (KUOTA 50%),Wanita,49,46 - 50 tahun,5 tahun atau lebih,2 minggu sekali,Menikah,3 anak,SLTA,Guru (Non PNS),A2 : Rp. 3.000.001 - Rp. 4.500.000,Rp. 3.000.001 - Rp. 4.500.000,10.0,5.0,6.0,Promoter,5.111111111111111,1.8571428571428572,3.2539682539682535,Satisfied,4.0,,5.0,5.0,5.0,5.0,6.0,5.0,,6.0,6.0,1.0,6.0,6.0,6.0,5.0,5.0,5.0,1.0,1.0,1.0,2.0,6.0,1.0,1.0
197808103,Jawa Barat,Subang,Subang 1,Teller (KUOTA 50%),Wanita,23,20 - 25 tahun,3 tahun s/d 4 tahun 11 bulan,1 minggu sekali,Belum menikah,Tidak memiliki anak,Sarjana (S1),Pegawai/Karyawan Swasta,A2 : Rp. 3.000.001 - Rp. 4.500.000,Rp. 3.000.001 - Rp. 4.500.000,10.0,6.0,6.0,Promoter,6.0,1.0,5.0,Unknown,,,6.0,6.0,6.0,6.0,6.0,6.0,6.0,6.0,6.0,6.0,6.0,6.0,6.0,6.0,6.0,6.0,1.0,1.0,1.0,1.0,1.0,1.0,1.0
197808249,Banten,Tangerang,Tangerang 1,Teller (KUOTA 50%),Pria,25,20 - 25 tahun,3 tahun s/d 4 tahun 11 bulan,1 minggu 2 kali atau lebih,Belum menikah,Tidak memiliki anak,SLTA,Pegawai/Karyawan Swasta,A2 : Rp. 3.000.001 - Rp. 4.500.000,Rp 6.000.001 - Rp 7.500.000,10.0,6.0,6.0,Promoter,5.666666666666667,3.5714285714285716,2.0952380952380953,Unknown,,3.0,6.0,6.0,6.0,6.0,6.0,6.0,,6.0,6.0,6.0,5.0,5.0,5.0,6.0,6.0,6.0,2.0,6.0,1.0,6.0,6.0,1.0,3.0
197808325,Jawa Barat,Bandung,Bandung 2,CS (KUOTA 50%),Pria,36,36 - 40 tahun,3 tahun s/d 4 tahun 11 bulan,2 minggu sekali,Menikah,2 anak,Sarjana (S1),Tenaga Honorer,A2 : Rp. 3.000.001 - Rp. 4.500.000,Rp. 1.500.001 - Rp. 2.000.000,5.0,5.0,6.0,Detractor,5.111111111111111,1.7142857142857142,3.3968253968253963,Unknown,,,6.0,6.0,6.0,6.0,6.0,6.0,5.0,4.0,6.0,5.0,5.0,5.0,5.0,5.0,6.0,5.0,2.0,1.0,2.0,2.0,1.0,2.0,2.0
197808445,Jawa Barat,Bekasi,Bekasi 2,Teller (KUOTA 50%),Wanita,34,31 - 35 tahun,5 tahun atau lebih,1 minggu sekali,Menikah,2 anak,SLTP,Ibu Rumah Tangga,A1 : Rp. 4.500.000 - Rp 6.000.000,Di atas Rp 25.000.000,10.0,6.0,6.0,Promoter,6.0,1.0,5.0,Satisfied,4.0,,6.0,6.0,6.0,6.0,6.0,6.0,,6.0,6.0,6.0,6.0,6.0,6.0,6.0,6.0,6.0,1.0,1.0,1.0,1.0,1.0,1.0,1.0
197808541,Jawa Barat,Bandung,Bandung 8,CS (KUOTA 50%),Wanita,48,46 - 50 tahun,3 tahun s/d 4 tahun 11 bulan,1 bulan sekali,Menikah,1 anak,Akademi/D3,Ibu Rumah Tangga,A1 : Rp. 4.500.000 - Rp 6.000.000,Rp 6.000.001 - Rp 7.500.000,8.0,5.0,5.0,Passive,4.888888888888889,3.142857142857143,1.7460317460317465,Unknown,,,5.0,5.0,5.0,5.0,5.0,,5.0,5.0,5.0,5.0,5.0,6.0,4.0,5.0,4.0,5.0,2.0,4.0,4.0,4.0,2.0,4.0,2.0
197808654,Jawa Barat,Sumedang,Sumedang 1,CS (KUOTA 50%),Pria,27,26 - 30 tahun,5 tahun atau lebih,1 bulan sekali,Menikah,1 anak,Akademi/D3,Pegawai/Karyawan Swasta,A1 : Rp. 4.500.000 - Rp 6.000.000,Rp 10.500.0001 - Rp 15.000.000,9.0,6.0,6.0,Promoter,5.777777777777778,1.0,4.777777777777778,Satisfied,4.0,,6.0,6.0,6.0,6.0,6.0,,6.0,6.0,6.0,6.0,5.0,6.0,6.0,5.0,6.0,6.0,1.0,1.0,1.0,1.0,1.0,1.0,1.0
197808677,Jawa Barat,Banjar,Banjar 1,Teller (KUOTA 50%),Wanita,26,26 - 30 tahun,1 tahun s/d 2 tahun 11 bulan,1 minggu 2 kali atau lebih,Belum menikah,Tidak memiliki anak,SLTA,Pegawai/Karyawan Swasta,C2 : Rp. 1.000.001 - Rp. 1.500.000,Rp. 2.000.001 - Rp. 3.000.000,10.0,6.0,6.0,Promoter,6.0,1.0,5.0,Unknown,,3.0,6.0,6.0,6.0,6.0,6.0,6.0,6.0,6.0,6.0,6.0,6.0,6.0,6.0,6.0,6.0,6.0,1.0,1.0,1.0,1.0,1.0,1.0,1.0
197808685,Sumatera Selatan,Ogan Ilir,Ogan Ilir 1,CS (KUOTA 50%),Pria,27,26 - 30 tahun,1 tahun s/d 2 tahun 11 bulan,1 minggu sekali,Menikah,1 anak,SLTA,Pegawai/Karyawan Swasta,B : Rp. 2.000.001 - Rp. 3.000.000,Rp 6.000.001 - Rp 7.500.000,10.0,6.0,6.0,Promoter,6.0,1.0,5.0,Unknown,,,6.0,6.0,6.0,6.0,6.0,,6.0,6.0,6.0,6.0,6.0,6.0,6.0,6.0,6.0,6.0,1.0,1.0,1.0,1.0,1.0,1.0,1.0
197808754,Riau,Pekanbaru,Pekanbaru 1,Teller (KUOTA 50%),Pria,45,41 - 45 tahun,1 tahun s/d 2 tahun 11 bulan,1 minggu sekali,Menikah,2 anak,SLTA,Lainnya,B : Rp. 2.000.001 - Rp. 3.000.000,Rp. 3.000.001 - Rp. 4.500.000,9.0,6.0,6.0,Promoter,6.0,1.0,5.0,Unknown,,,6.0,6.0,6.0,6.0,6.0,6.0,,6.0,6.0,6.0,6.0,6.0,6.0,6.0,6.0,6.0,1.0,1.0,1.0,1.0,1.0,1.0,1.0
197808796,Banten,Serang,Serang 2,Teller (KUOTA 50%),Pria,27,26 - 30 tahun,5 tahun atau lebih,1 minggu 2 kali atau lebih,Menikah,1 anak,SLTA,Pegawai/Karyawan Swasta,A2 : Rp. 3.000.001 - Rp. 4.500.000,Rp 6.000.001 - Rp 7.500.000,9.0,6.0,6.0,Promoter,6.0,1.0,5.0,Loyal Champion,4.0,3.0,6.0,6.0,6.0,6.0,6.0,6.0,,6.0,6.0,6.0,6.0,6.0,6.0,6.0,6.0,6.0,1.0,1.0,1.0,1.0,1.0,1.0,1.0
197808866,Banten,Cilegon,Cilegon 1,CS (KUOTA 50%),Pria,35,31 - 35 tahun,5 tahun atau lebih,1 minggu 2 kali atau lebih,Menikah,2 anak,SLTA,Pegawai/Karyawan Swasta,B : Rp. 2.000.001 - Rp. 3.000.000,Rp 6.000.001 - Rp 7.500.000,10.0,6.0,6.0,Promoter,6.0,1.0,5.0,Loyal Champion,4.0,3.0,6.0,6.0,6.0,6.0,6.0,,6.0,6.0,6.0,6.0,6.0,6.0,6.0,6.0,6.0,6.0,1.0,1.0,1.0,1.0,1.0,1.0,1.0
197808874,Jawa Barat,Ciamis,Ciamis 1,Teller (KUOTA 50%),Wanita,24,20 - 25 tahun,1 tahun s/d 2 tahun 11 bulan,1 minggu 2 kali atau lebih,Belum menikah,Tidak memiliki anak,Sarjana (S1),Lainnya,A1 : Rp. 4.500.000 - Rp 6.000.000,Rp. 3.000.001 - Rp. 4.500.000,10.0,6.0,6.0,Promoter,6.0,1.0,5.0,Unknown,,3.0,6.0,6.0,6.0,6.0,6.0,6.0,6.0,6.0,6.0,6.0,6.0,6.0,6.0,6.0,6.0,6.0,1.0,1.0,1.0,1.0,1.0,1.0,1.0
197809026,Jawa Barat,Sumedang,Sumedang 1,Teller (KUOTA 50%),Pria,29,26 - 30 tahun,1 tahun s/d 2 tahun 11 bulan,1 bulan sekali,Menikah,1 anak,Sarjana (S1),Wiraswasta/Pengusaha/Pedagang,A2 : Rp. 3.000.001 - Rp. 4.500.000,Rp 6.000.001 - Rp 7.500.000,9.0,6.0,6.0,Promoter,6.0,1.7142857142857142,4.285714285714286,Unknown,,,6.0,6.0,6.0,6.0,6.0,6.0,,6.0,6.0,6.0,6.0,6.0,6.0,6.0,6.0,6.0,1.0,1.0,1.0,6.0,1.0,1.0,1.0
197809204,Kalimantan Selatan,Banjarmasin,Banjarmasin 1,CS (KUOTA 50%),Pria,25,20 - 25 tahun,3 tahun s/d 4 tahun 11 bulan,2 minggu sekali,Menikah,Tidak memiliki anak,SLTA,Pegawai/Karyawan Swasta,A2 : Rp. 3.000.001 - Rp. 4.500.000,Rp. 3.000.001 - Rp. 4.500.000,10.0,6.0,6.0,Promoter,6.0,1.5714285714285714,4.428571428571429,Unknown,,,6.0,6.0,6.0,6.0,6.0,,6.0,6.0,6.0,6.0,6.0,6.0,6.0,6.0,6.0,6.0,1.0,1.0,1.0,1.0,1.0,1.0,5.0
197809601,DKI Jakarta,Jakarta Timur,Jakarta Timur 1,CS (KUOTA 50%),Wanita,32,31 - 35 tahun,5 tahun atau lebih,1 bulan sekali,Menikah,2 anak,SLTA,Ibu Rumah Tangga,A1 : Rp. 4.500.000 - Rp 6.000.000,Rp 9.000.001- Rp 10.500.000,10.0,6.0,6.0,Promoter,6.0,1.7142857142857142,4.285714285714286,Satisfied,4.0,,6.0,6.0,6.0,6.0,6.0,6.0,6.0,6.0,6.0,6.0,6.0,6.0,6.0,6.0,6.0,6.0,1.0,6.0,1.0,1.0,1.0,1.0,1.0
197809604,Jawa Barat,Subang,Subang 1,CS (KUOTA 50%),Wanita,32,31 - 35 tahun,1 tahun s/d 2 tahun 11 bulan,1 bulan sekali,Menikah,2 anak,SLTA,Pegawai/Karyawan Swasta,A1 : Rp. 4.500.000 - Rp 6.000.000,Rp 7.500.001- Rp 9.000.000,10.0,6.0,6.0,Promoter,6.0,1.0,5.0,Unknown,,,6.0,6.0,6.0,6.0,6.0,,6.0,6.0,6.0,6.0,6.0,6.0,6.0,6.0,6.0,6.0,1.0,1.0,1.0,1.0,1.0,1.0,1.0
197809697,Jawa Barat,Ciamis,Ciamis 1,Teller (KUOTA 50%),Pria,41,41 - 45 tahun,5 tahun atau lebih,2 minggu sekali,Menikah,Tidak memiliki anak,SLTA,Tenaga Honorer,A2 : Rp. 3.000.001 - Rp. 4.500.000,Rp. 3.000.001 - Rp. 4.500.000,10.0,6.0,6.0,Promoter,6.0,1.0,5.0,Satisfied,4.0,,6.0,6.0,6.0,6.0,6.0,6.0,,6.0,6.0,6.0,6.0,6.0,6.0,6.0,6.0,6.0,1.0,1.0,1.0,1.0,1.0,1.0,1.0
197809707,Jawa Barat,Cirebon,Cirebon 2,CS (KUOTA 50%),Wanita,23,20 - 25 tahun,3 tahun s/d 4 tahun 11 bulan,1 bulan sekali,Menikah,Tidak memiliki anak,SLTA,Ibu Rumah Tangga,C1 : Rp. 1.500.001 - Rp. 2.000.000,Rp. 2.000.001 - Rp. 3.000.000,9.0,5.0,5.0,Promoter,5.444444444444445,1.0,4.444444444444445,Unknown,,,6.0,6.0,6.0,6.0,6.0,,6.0,6.0,5.0,6.0,5.0,6.0,5.0,5.0,6.0,5.0,1.0,1.0,1.0,1.0,1.0,1.0,1.0
197809794,Jawa Barat,Bandung,Bandung 7,CS (KUOTA 50%),Pria,24,20 - 25 tahun,1 tahun s/d 2 tahun 11 bulan,2 minggu sekali,Belum menikah,Tidak memiliki anak,SLTA,Wiraswasta/Pengusaha/Pedagang,A1 : Rp. 4.500.000 - Rp 6.000.000,Rp 6.000.001 - Rp 7.500.000,10.0,6.0,5.0,Promoter,5.0,2.0,3.0,Unknown,,,6.0,5.0,5.0,6.0,6.0,,6.0,5.0,5.0,5.0,5.0,5.0,5.0,5.0,5.0,5.0,2.0,2.0,2.0,2.0,2.0,2.0,2.0
197809807,Jawa Barat,Depok,Depok 1,CS (KUOTA 50%),Wanita,49,46 - 50 tahun,5 tahun atau lebih,1 minggu 2 kali atau lebih,Menikah,2 anak,Paska Sarjana (S2),Pegawai Negeri Sipil (Guru),A1.1 : Rp 6.000.001 - Rp 7.500.000,Rp 6.000.001 - Rp 7.500.000,9.0,6.0,6.0,Promoter,5.444444444444445,1.0,4.444444444444445,Loyal Champion,4.0,3.0,6.0,6.0,6.0,6.0,6.0,,6.0,6.0,6.0,6.0,6.0,6.0,6.0,6.0,1.0,6.0,1.0,1.0,1.0,1.0,1.0,1.0,1.0
197810020,DKI Jakarta,Jakarta Barat,Jakarta Barat 5,Teller (KUOTA 50%),Wanita,35,31 - 35 tahun,5 tahun atau lebih,1 minggu 2 kali atau lebih,Menikah,2 anak,Sarjana (S1),Pegawai/Karyawan Swasta,A1.5 : Rp 15.000.001- Rp 20.000.000,Rp 20.000.001 - Rp 25.000.000,10.0,6.0,6.0,Promoter,5.444444444444445,1.0,4.444444444444445,Loyal Champion,4.0,3.0,6.0,6.0,6.0,6.0,6.0,6.0,,6.0,6.0,6.0,6.0,6.0,6.0,6.0,1.0,6.0,1.0,1.0,1.0,1.0,1.0,1.0,1.0
197810063,Banten,Cilegon,Cilegon 2,CS (KUOTA 50%),Wanita,25,20 - 25 tahun,1 tahun s/d 2 tahun 11 bulan,1 minggu 2 kali atau lebih,Menikah,Tidak memiliki anak,Sarjana (S1),Pegawai/Karyawan Swasta,B : Rp. 2.000.001 - Rp. 3.000.000,Rp 6.000.001 - Rp 7.500.000,10.0,6.0,6.0,Promoter,6.0,1.0,5.0,Unknown,,3.0,6.0,6.0,6.0,6.0,6.0,,6.0,6.0,6.0,6.0,6.0,6.0,6.0,6.0,6.0,6.0,1.0,1.0,1.0,1.0,1.0,1.0,1.0
197810110,Jawa Barat,Subang,Subang 1,CS (KUOTA 50%),Wanita,29,26 - 30 tahun,1 tahun s/d 2 tahun 11 bulan,1 minggu sekali,Menikah,1 anak,SLTA,Pegawai/Karyawan Swasta,A2 : Rp. 3.000.001 - Rp. 4.500.000,Rp 6.000.001 - Rp 7.500.000,10.0,6.0,6.0,Promoter,6.0,1.0,5.0,Unknown,,,6.0,6.0,6.0,6.0,6.0,,6.0,6.0,6.0,6.0,6.0,6.0,6.0,6.0,6.0,6.0,1.0,1.0,1.0,1.0,1.0,1.0,1.0
197810123,Jawa Barat,Bekasi,Bekasi 1,CS (KUOTA 50%),Wanita,44,41 - 45 tahun,5 tahun atau lebih,2 minggu sekali,Belum menikah,4 anak,Akademi/D3,Pegawai/Karyawan Swasta,A1 : Rp. 4.500.000 - Rp 6.000.000,Rp 9.000.001- Rp 10.500.000,9.0,6.0,6.0,Promoter,6.0,1.0,5.0,Satisfied,4.0,,6.0,6.0,6.0,6.0,6.0,,6.0,6.0,6.0,6.0,6.0,6.0,6.0,6.0,6.0,6.0,1.0,1.0,1.0,1.0,1.0,1.0,1.0
197810141,Jawa Barat,Bandung,Bandung 8,CS (KUOTA 50%),Wanita,49,46 - 50 tahun,5 tahun atau lebih,1 minggu 2 kali atau lebih,Menikah,4 anak,Sarjana (S1),Pegawai Negeri Sipil (Guru),A2 : Rp. 3.000.001 - Rp. 4.500.000,Rp 7.500.001- Rp 9.000.000,9.0,6.0,6.0,Promoter,6.0,1.0,5.0,Loyal Champion,4.0,3.0,6.0,6.0,6.0,6.0,6.0,6.0,6.0,6.0,6.0,6.0,6.0,6.0,6.0,6.0,6.0,6.0,1.0,1.0,1.0,1.0,1.0,1.0,1.0
197810178,Banten,Tangerang,Tangerang 2,Teller (KUOTA 50%),Wanita,41,41 - 45 tahun,3 tahun s/d 4 tahun 11 bulan,1 bulan sekali,Duda / Janda,4 anak,SLTA,Tenaga Honorer,B : Rp. 2.000.001 - Rp. 3.000.000,Rp. 2.000.001 - Rp. 3.000.000,10.0,6.0,6.0,Promoter,5.888888888888889,1.0,4.888888888888889,Unknown,,,5.0,6.0,6.0,5.0,6.0,6.0,,6.0,6.0,6.0,6.0,6.0,6.0,5.0,6.0,6.0,1.0,1.0,1.0,1.0,1.0,1.0,1.0
197810234,Banten,Pandeglang,Pandeglang 2,Teller (KUOTA 50%),Pria,29,26 - 30 tahun,5 tahun atau lebih,1 minggu 2 kali atau lebih,Menikah,1 anak,Sarjana (S1),Lainnya,B : Rp. 2.000.001 - Rp. 3.000.000,Rp 10.500.0001 - Rp 15.000.000,10.0,6.0,6.0,Promoter,6.0,1.7142857142857142,4.285714285714286,Loyal Champion,4.0,3.0,6.0,6.0,6.0,6.0,6.0,6.0,,6.0,6.0,6.0,6.0,6.0,6.0,6.0,6.0,6.0,6.0,1.0,1.0,1.0,1.0,1.0,1.0
197810292,Kepulauan Riau,Batam,Batam 1,Teller (KUOTA 50%),Wanita,45,41 - 45 tahun,1 tahun s/d 2 tahun 11 bulan,1 bulan sekali,Menikah,2 anak,Paska Sarjana (S2),Pengacara/Advokat/Notaris,A1.4 : Rp 10.500.0001 - Rp 15.000.000,Rp 20.000.001 - Rp 25.000.000,9.0,6.0,6.0,Promoter,4.555555555555555,2.5714285714285716,1.9841269841269837,Unknown,,,6.0,6.0,6.0,6.0,6.0,6.0,,4.0,5.0,5.0,5.0,6.0,4.0,4.0,4.0,4.0,5.0,1.0,4.0,5.0,1.0,1.0,1.0
197810417,Banten,Pandeglang,Pandeglang 2,Teller (KUOTA 50%),Wanita,40,36 - 40 tahun,5 tahun atau lebih,1 minggu 2 kali atau lebih,Duda / Janda,2 anak,Sarjana (S1),Pegawai Negeri Sipil (Guru),A2 : Rp. 3.000.001 - Rp. 4.500.000,Rp. 3.000.001 - Rp. 4.500.000,9.0,6.0,6.0,Promoter,5.0,1.8571428571428572,3.142857142857143,Loyal Champion,4.0,3.0,6.0,5.0,6.0,5.0,6.0,6.0,,5.0,5.0,5.0,5.0,5.0,5.0,5.0,5.0,5.0,2.0,2.0,2.0,2.0,1.0,2.0,2.0
197810475,Jawa Barat,Depok,Depok 1,Teller (KUOTA 50%),Wanita,29,26 - 30 tahun,5 tahun atau lebih,2 minggu sekali,Belum menikah,Tidak memiliki anak,Akademi/D3,Tenaga Honorer,B : Rp. 2.000.001 - Rp. 3.000.000,Rp. 3.000.001 - Rp. 4.500.000,7.0,5.0,5.0,Passive,5.111111111111111,1.1428571428571428,3.968253968253968,Passive,4.0,,6.0,5.0,6.0,6.0,6.0,6.0,,5.0,6.0,5.0,5.0,5.0,5.0,5.0,5.0,5.0,2.0,1.0,1.0,1.0,1.0,1.0,1.0
197810600,Jawa Barat,Sumedang,Sumedang 1,CS (KUOTA 50%),Wanita,33,31 - 35 tahun,1 tahun s/d 2 tahun 11 bulan,1 bulan sekali,Menikah,2 anak,Paska Sarjana (S2),Pegawai/Karyawan Swasta,A1.1 : Rp 6.000.001 - Rp 7.500.000,Rp 10.500.0001 - Rp 15.000.000,9.0,5.0,5.0,Promoter,5.777777777777778,1.0,4.777777777777778,Unknown,,,6.0,6.0,6.0,6.0,6.0,,6.0,6.0,6.0,6.0,5.0,6.0,6.0,5.0,6.0,6.0,1.0,1.0,1.0,1.0,1.0,1.0,1.0
197810715,Jawa Barat,Subang,Subang 1,CS (KUOTA 50%),Wanita,30,26 - 30 tahun,3 tahun s/d 4 tahun 11 bulan,2 minggu sekali,Menikah,2 anak,Akademi/D3,Pegawai/Karyawan Swasta,B : Rp. 2.000.001 - Rp. 3.000.000,Rp 6.000.001 - Rp 7.500.000,7.0,6.0,6.0,Passive,6.0,1.0,5.0,Unknown,,,6.0,6.0,6.0,6.0,6.0,,6.0,6.0,6.0,6.0,6.0,6.0,6.0,6.0,6.0,6.0,1.0,1.0,1.0,1.0,1.0,1.0,1.0
197810793,Kepulauan Riau,Batam,Batam 1,Teller (KUOTA 50%),Wanita,24,20 - 25 tahun,3 tahun s/d 4 tahun 11 bulan,2 minggu sekali,Belum menikah,Tidak memiliki anak,Akademi/D3,Wiraswasta/Pengusaha/Pedagang,A1 : Rp. 4.500.000 - Rp 6.000.000,Rp 9.000.001- Rp 10.500.000,7.0,5.0,5.0,Passive,4.0,1.7142857142857142,2.2857142857142856,Unknown,,,5.0,5.0,5.0,5.0,6.0,5.0,,5.0,5.0,5.0,5.0,1.0,5.0,5.0,1.0,4.0,2.0,1.0,4.0,1.0,1.0,2.0,1.0
197810876,Jawa Barat,Bandung,Bandung 7,Teller (KUOTA 50%),Wanita,25,20 - 25 tahun,5 tahun atau lebih,2 minggu sekali,Menikah,Tidak memiliki anak,Paska Sarjana (S2),Dokter,A1.3 : Rp 9.000.001- Rp 10.500.000,Rp 15.000.001- Rp 20.000.000,10.0,6.0,6.0,Promoter,5.444444444444445,1.8571428571428572,3.5873015873015874,Satisfied,4.0,,6.0,6.0,6.0,6.0,6.0,6.0,6.0,5.0,5.0,6.0,6.0,5.0,6.0,5.0,6.0,5.0,2.0,2.0,1.0,2.0,2.0,2.0,2.0
197810883,Jawa Barat,Bandung,Bandung 1,CS (KUOTA 50%),Wanita,30,26 - 30 tahun,5 tahun atau lebih,1 minggu 2 kali atau lebih,Menikah,1 anak,Sarjana (S1),Wiraswasta/Pengusaha/Pedagang,A2 : Rp. 3.000.001 - Rp. 4.500.000,Rp 6.000.001 - Rp 7.500.000,8.0,5.0,6.0,Passive,5.0,1.0,4.0,Passive,4.0,3.0,5.0,5.0,5.0,5.0,5.0,,5.0,5.0,5.0,5.0,5.0,5.0,5.0,5.0,5.0,5.0,1.0,1.0,1.0,1.0,1.0,1.0,1.0
197810957,Jawa Barat,Karawang,Karawang 1,Teller (KUOTA 50%),Pria,44,41 - 45 tahun,5 tahun atau lebih,1 minggu sekali,Menikah,4 anak,Sarjana (S1),Pegawai Negeri Sipil (Guru),A1 : Rp. 4.500.000 - Rp 6.000.000,Rp 6.000.001 - Rp 7.500.000,10.0,6.0,6.0,Promoter,6.0,1.0,5.0,Satisfied,4.0,,6.0,6.0,6.0,6.0,6.0,6.0,,6.0,6.0,6.0,6.0,6.0,6.0,6.0,6.0,6.0,1.0,1.0,1.0,1.0,1.0,1.0,1.0
197811053,DKI Jakarta,Jakarta Barat,Jakarta Barat 4,Teller (KUOTA 50%),Pria,42,41 - 45 tahun,1 tahun s/d 2 tahun 11 bulan,1 bulan sekali,Menikah,1 anak,SLTA,Pegawai/Karyawan Swasta,A2 : Rp. 3.000.001 - Rp. 4.500.000,Rp. 4.500.000 - Rp 6.000.000,8.0,5.0,5.0,Passive,5.0,1.4285714285714286,3.571428571428571,Unknown,,,5.0,5.0,5.0,5.0,5.0,6.0,,5.0,6.0,5.0,6.0,5.0,4.0,5.0,5.0,4.0,1.0,1.0,1.0,2.0,2.0,1.0,2.0
197811190,Banten,Cilegon,Cilegon 1,Teller (KUOTA 50%),Wanita,43,41 - 45 tahun,5 tahun atau lebih,1 minggu sekali,Menikah,3 anak,SLTA,Pegawai/Karyawan Swasta,A1.3 : Rp 9.000.001- Rp 10.500.000,Rp 10.500.0001 - Rp 15.000.000,10.0,6.0,6.0,Promoter,5.888888888888889,1.0,4.888888888888889,Satisfied,4.0,,6.0,6.0,6.0,6.0,6.0,6.0,,5.0,6.0,6.0,6.0,6.0,6.0,6.0,6.0,6.0,1.0,1.0,1.0,1.0,1.0,1.0,1.0
197811255,Jawa Barat,Bekasi,Bekasi 1,Teller (KUOTA 50%),Wanita,50,46 - 50 tahun,5 tahun atau lebih,1 minggu 2 kali atau lebih,Menikah,3 anak,Akademi/D3,Pegawai/Karyawan Swasta,A2 : Rp. 3.000.001 - Rp. 4.500.000,Rp 7.500.001- Rp 9.000.000,9.0,6.0,6.0,Promoter,6.0,1.0,5.0,Loyal Champion,4.0,3.0,6.0,6.0,6.0,6.0,6.0,6.0,,6.0,6.0,6.0,6.0,6.0,6.0,6.0,6.0,6.0,1.0,1.0,1.0,1.0,1.0,1.0,1.0
197811301,Jawa Barat,Sumedang,Sumedang 1,Teller (KUOTA 50%),Wanita,49,46 - 50 tahun,5 tahun atau lebih,2 minggu sekali,Duda / Janda,1 anak,Sarjana (S1),Pegawai Negeri Sipil (Guru),A1 : Rp. 4.500.000 - Rp 6.000.000,Rp 7.500.001- Rp 9.000.000,10.0,6.0,6.0,Promoter,6.0,1.0,5.0,Satisfied,4.0,,6.0,6.0,6.0,6.0,6.0,6.0,,6.0,6.0,6.0,6.0,6.0,6.0,6.0,6.0,6.0,1.0,1.0,1.0,1.0,1.0,1.0,1.0
197811407,Jawa Barat,Bandung,Bandung 6,CS (KUOTA 50%),Pria,45,41 - 45 tahun,5 tahun atau lebih,1 bulan sekali,Menikah,2 anak,SLTA,Pegawai/Karyawan Swasta,A1 : Rp. 4.500.000 - Rp 6.000.000,Rp 9.000.001- Rp 10.500.000,10.0,6.0,6.0,Promoter,6.0,1.0,5.0,Satisfied,4.0,,6.0,6.0,6.0,6.0,6.0,,6.0,6.0,6.0,6.0,6.0,6.0,6.0,6.0,6.0,6.0,1.0,1.0,1.0,1.0,1.0,1.0,1.0
197811408,Jawa Barat,Bandung,Bandung 6,CS (KUOTA 50%),Pria,40,36 - 40 tahun,5 tahun atau lebih,2 minggu sekali,Menikah,2 anak,Sarjana (S1),Pegawai/Karyawan Swasta,A2 : Rp. 3.000.001 - Rp. 4.500.000,Rp. 4.500.000 - Rp 6.000.000,9.0,6.0,6.0,Promoter,6.0,1.0,5.0,Satisfied,4.0,,6.0,6.0,6.0,6.0,6.0,,6.0,6.0,6.0,6.0,6.0,6.0,6.0,6.0,6.0,6.0,1.0,1.0,1.0,1.0,1.0,1.0,1.0
197811603,Jawa Barat,Bandung,Bandung 2,CS (KUOTA 50%),Wanita,46,46 - 50 tahun,5 tahun atau lebih,2 minggu sekali,Duda / Janda,3 anak,Sarjana (S1),Lainnya,A1 : Rp. 4.500.000 - Rp 6.000.000,Rp 6.000.001 - Rp 7.500.000,10.0,6.0,6.0,Promoter,6.0,1.0,5.0,Satisfied,4.0,,6.0,6.0,6.0,6.0,6.0,6.0,6.0,6.0,6.0,6.0,6.0,6.0,6.0,6.0,6.0,6.0,1.0,1.0,1.0,1.0,1.0,1.0,1.0
197811649,Sumatera Utara,Medan,Medan 1,CS (KUOTA 50%),Pria,23,20 - 25 tahun,1 tahun s/d 2 tahun 11 bulan,1 bulan sekali,Belum menikah,Tidak memiliki anak,SLTA,Pegawai/Karyawan Swasta,A2 : Rp. 3.000.001 - Rp. 4.500.000,Rp. 4.500.000 - Rp 6.000.000,10.0,6.0,6.0,Promoter,6.0,1.0,5.0,Unknown,,,6.0,6.0,6.0,6.0,6.0,,6.0,6.0,6.0,6.0,6.0,6.0,6.0,6.0,6.0,6.0,1.0,1.0,1.0,1.0,1.0,1.0,1.0
197811650,Sumatera Utara,Medan,Medan 1,Teller (KUOTA 50%),Pria,40,36 - 40 tahun,1 tahun s/d 2 tahun 11 bulan,1 bulan sekali,Menikah,Tidak memiliki anak,Sarjana (S1),Pegawai Negeri Sipil (Bukan Guru),A1.1 : Rp 6.000.001 - Rp 7.500.000,Rp 7.500.001- Rp 9.000.000,9.0,6.0,6.0,Promoter,6.0,3.142857142857143,2.857142857142857,Unknown,,,6.0,6.0,6.0,6.0,6.0,6.0,,6.0,6.0,6.0,6.0,6.0,6.0,6.0,6.0,6.0,1.0,1.0,1.0,6.0,1.0,6.0,6.0
197811656,Jawa Barat,Cirebon,Cirebon 1,CS (KUOTA 50%),Wanita,36,36 - 40 tahun,5 tahun atau lebih,1 minggu 2 kali atau lebih,Menikah,2 anak,Sarjana (S1),Ibu Rumah Tangga,A1.4 : Rp 10.500.0001 - Rp 15.000.000,Rp 15.000.001- Rp 20.000.000,9.0,6.0,6.0,Promoter,6.0,1.0,5.0,Loyal Champion,4.0,3.0,6.0,6.0,6.0,6.0,6.0,,6.0,6.0,6.0,6.0,6.0,6.0,6.0,6.0,6.0,6.0,1.0,1.0,1.0,1.0,1.0,1.0,1.0
197811719,Jawa Barat,Bandung,Bandung 5,CS (KUOTA 50%),Pria,30,26 - 30 tahun,1 tahun s/d 2 tahun 11 bulan,1 bulan sekali,Menikah,1 anak,SLTA,Pegawai/Karyawan Swasta,A2 : Rp. 3.000.001 - Rp. 4.500.000,Rp. 3.000.001 - Rp. 4.500.000,10.0,6.0,6.0,Promoter,6.0,6.0,0.0,Unknown,,,6.0,6.0,6.0,6.0,6.0,6.0,6.0,6.0,6.0,6.0,6.0,6.0,6.0,6.0,6.0,6.0,6.0,6.0,6.0,6.0,6.0,6.0,6.0
197811736,Jawa Barat,Bandung Barat,Bandung Barat 1,Teller (KUOTA 50%),Pria,49,46 - 50 tahun,5 tahun atau lebih,1 minggu 2 kali atau lebih,Menikah,2 anak,Sarjana (S1),Pegawai/Karyawan Swasta,A1.1 : Rp 6.000.001 - Rp 7.500.000,Rp 7.500.001- Rp 9.000.000,10.0,6.0,6.0,Promoter,6.0,1.0,5.0,Loyal Champion,4.0,3.0,6.0,6.0,6.0,6.0,6.0,6.0,,6.0,6.0,6.0,6.0,6.0,6.0,6.0,6.0,6.0,1.0,1.0,1.0,1.0,1.0,1.0,1.0
197812033,Jawa Barat,Bandung,Bandung 7,Teller (KUOTA 50%),Wanita,25,20 - 25 tahun,1 tahun s/d 2 tahun 11 bulan,2 minggu sekali,Menikah,1 anak,Sarjana (S1),Guru (Non PNS),A2 : Rp. 3.000.001 - Rp. 4.500.000,Rp 7.500.001- Rp 9.000.000,10.0,6.0,6.0,Promoter,5.444444444444445,1.7142857142857142,3.7301587301587302,Unknown,,,5.0,5.0,5.0,5.0,6.0,6.0,,5.0,5.0,6.0,6.0,6.0,6.0,5.0,5.0,5.0,2.0,2.0,1.0,2.0,2.0,1.0,2.0
197812059,Jawa Barat,Bogor,Bogor 2,CS (KUOTA 50%),Wanita,40,36 - 40 tahun,5 tahun atau lebih,2 minggu sekali,Menikah,2 anak,SLTA,Ibu Rumah Tangga,A2 : Rp. 3.000.001 - Rp. 4.500.000,Rp. 4.500.000 - Rp 6.000.000,8.0,6.0,6.0,Passive,5.0,2.0,3.0,Passive,4.0,,6.0,6.0,6.0,6.0,6.0,,6.0,5.0,5.0,5.0,5.0,5.0,5.0,5.0,5.0,5.0,2.0,2.0,2.0,2.0,2.0,2.0,2.0
197812086,Jawa Barat,Bekasi,Bekasi 2,CS (KUOTA 50%),Pria,39,36 - 40 tahun,5 tahun atau lebih,2 minggu sekali,Menikah,2 anak,SLTA,Pegawai/Karyawan Swasta,A2 : Rp. 3.000.001 - Rp. 4.500.000,Rp 6.000.001 - Rp 7.500.000,10.0,6.0,6.0,Promoter,6.0,1.0,5.0,Satisfied,4.0,,6.0,6.0,6.0,6.0,6.0,6.0,6.0,6.0,6.0,6.0,6.0,6.0,6.0,6.0,6.0,6.0,1.0,1.0,1.0,1.0,1.0,1.0,1.0
197812456,Jawa Barat,Bekasi,Bekasi 1,CS (KUOTA 50%),Pria,27,26 - 30 tahun,3 tahun s/d 4 tahun 11 bulan,1 minggu 2 kali atau lebih,Menikah,Tidak memiliki anak,SLTA,Pegawai/Karyawan Swasta,A1 : Rp. 4.500.000 - Rp 6.000.000,Rp 6.000.001 - Rp 7.500.000,9.0,6.0,6.0,Promoter,6.0,1.0,5.0,Unknown,,3.0,6.0,6.0,6.0,6.0,6.0,6.0,6.0,6.0,6.0,6.0,6.0,6.0,6.0,6.0,6.0,6.0,1.0,1.0,1.0,1.0,1.0,1.0,1.0
197812479,Banten,Serang,Serang 2,CS (KUOTA 50%),Wanita,47,46 - 50 tahun,5 tahun atau lebih,1 minggu 2 kali atau lebih,Menikah,> 4 anak,Sarjana (S1),Pegawai Negeri Sipil (Bukan Guru),A1.2 : Rp 7.500.001- Rp 9.000.000,Rp 10.500.0001 - Rp 15.000.000,9.0,6.0,6.0,Promoter,6.0,1.0,5.0,Loyal Champion,4.0,3.0,6.0,5.0,6.0,6.0,6.0,,6.0,6.0,6.0,6.0,6.0,6.0,6.0,6.0,6.0,6.0,1.0,1.0,1.0,1.0,1.0,1.0,1.0
197812507,DKI Jakarta,Jakarta Timur,Jakarta Timur 1,Teller (KUOTA 50%),Pria,33,31 - 35 tahun,3 tahun s/d 4 tahun 11 bulan,1 bulan sekali,Menikah,Tidak memiliki anak,SLTA,Pegawai/Karyawan Swasta,A1.1 : Rp 6.000.001 - Rp 7.500.000,Rp 9.000.001- Rp 10.500.000,10.0,6.0,6.0,Promoter,6.0,1.0,5.0,Unknown,,,6.0,6.0,6.0,6.0,6.0,6.0,,6.0,6.0,6.0,6.0,6.0,6.0,6.0,6.0,6.0,1.0,1.0,1.0,1.0,1.0,1.0,1.0
197812624,Jawa Timur,Surabaya,Surabaya 1,Teller (KUOTA 50%),Wanita,24,20 - 25 tahun,1 tahun s/d 2 tahun 11 bulan,1 minggu 2 kali atau lebih,Belum menikah,Tidak memiliki anak,Sarjana (S1),Pegawai/Karyawan Swasta,A2 : Rp. 3.000.001 - Rp. 4.500.000,Rp. 4.500.000 - Rp 6.000.000,10.0,6.0,6.0,Promoter,6.0,1.0,5.0,Unknown,,3.0,6.0,6.0,6.0,6.0,6.0,6.0,6.0,6.0,6.0,6.0,6.0,6.0,6.0,6.0,6.0,6.0,1.0,1.0,1.0,1.0,1.0,1.0,1.0
197812824,Banten,Serang,Serang 2,Teller (KUOTA 50%),Pria,40,36 - 40 tahun,5 tahun atau lebih,1 minggu 2 kali atau lebih,Menikah,2 anak,SLTA,Pegawai/Karyawan Swasta,A2 : Rp. 3.000.001 - Rp. 4.500.000,Rp. 3.000.001 - Rp. 4.500.000,10.0,6.0,6.0,Promoter,6.0,2.4285714285714284,3.5714285714285716,Loyal Champion,4.0,3.0,6.0,6.0,6.0,6.0,6.0,6.0,,6.0,6.0,6.0,6.0,6.0,6.0,6.0,6.0,6.0,1.0,2.0,2.0,6.0,2.0,2.0,2.0
197812936,Jawa Barat,Cirebon,Cirebon 2,CS (KUOTA 50%),Wanita,31,31 - 35 tahun,5 tahun atau lebih,1 bulan sekali,Menikah,2 anak,SLTA,Pegawai/Karyawan Swasta,A2 : Rp. 3.000.001 - Rp. 4.500.000,Rp 6.000.001 - Rp 7.500.000,9.0,5.0,6.0,Promoter,4.888888888888889,1.2857142857142858,3.6031746031746037,Satisfied,4.0,,5.0,6.0,6.0,6.0,6.0,,6.0,6.0,5.0,5.0,6.0,6.0,1.0,5.0,5.0,5.0,1.0,1.0,3.0,1.0,1.0,1.0,1.0
197813017,Jawa Barat,Ciamis,Ciamis 1,Teller (KUOTA 50%),Wanita,20,20 - 25 tahun,1 tahun s/d 2 tahun 11 bulan,1 minggu 2 kali atau lebih,Belum menikah,Tidak memiliki anak,SLTA,Tenaga Honorer,A1 : Rp. 4.500.000 - Rp 6.000.000,Rp. 2.000.001 - Rp. 3.000.000,10.0,6.0,6.0,Promoter,6.0,1.0,5.0,Unknown,,3.0,6.0,6.0,6.0,6.0,6.0,6.0,6.0,6.0,6.0,6.0,6.0,6.0,6.0,6.0,6.0,6.0,1.0,1.0,1.0,1.0,1.0,1.0,1.0
197813140,Jawa Barat,Bogor,Bogor 1,CS (KUOTA 50%),Wanita,45,41 - 45 tahun,1 tahun s/d 2 tahun 11 bulan,1 bulan sekali,Duda / Janda,2 anak,SLTA,Ibu Rumah Tangga,C1 : Rp. 1.500.001 - Rp. 2.000.000,Rp. 3.000.001 - Rp. 4.500.000,5.0,5.0,5.0,Detractor,5.0,2.142857142857143,2.857142857142857,Unknown,,,5.0,5.0,5.0,5.0,5.0,,5.0,5.0,5.0,6.0,5.0,5.0,5.0,4.0,5.0,5.0,2.0,2.0,1.0,2.0,1.0,2.0,5.0
197813146,Jawa Barat,Bandung,Bandung 5,CS (KUOTA 50%),Wanita,26,26 - 30 tahun,5 tahun atau lebih,2 minggu sekali,Belum menikah,Tidak memiliki anak,Sarjana (S1),Tenaga Honorer,C1 : Rp. 1.500.001 - Rp. 2.000.000,Rp. 2.000.001 - Rp. 3.000.000,10.0,6.0,6.0,Promoter,6.0,1.0,5.0,Satisfied,4.0,,6.0,6.0,6.0,6.0,6.0,,6.0,6.0,6.0,6.0,6.0,6.0,6.0,6.0,6.0,6.0,1.0,1.0,1.0,1.0,1.0,1.0,1.0
197813681,Jawa Barat,Bekasi,Bekasi 3,Teller (KUOTA 50%),Wanita,36,36 - 40 tahun,5 tahun atau lebih,1 minggu 2 kali atau lebih,Menikah,2 anak,Sarjana (S1),Pegawai/Karyawan Swasta,A1 : Rp. 4.500.000 - Rp 6.000.000,Rp 6.000.001 - Rp 7.500.000,10.0,6.0,6.0,Promoter,6.0,1.0,5.0,Loyal Champion,4.0,3.0,6.0,6.0,6.0,6.0,6.0,6.0,6.0,6.0,6.0,6.0,6.0,6.0,6.0,6.0,6.0,6.0,1.0,1.0,1.0,1.0,1.0,1.0,1.0
197813778,Sumatera Selatan,Ogan Ilir,Ogan Ilir 1,CS (KUOTA 50%),Pria,32,31 - 35 tahun,1 tahun s/d 2 tahun 11 bulan,1 minggu sekali,Belum menikah,Tidak memiliki anak,SLTA,Pegawai/Karyawan Swasta,A2 : Rp. 3.000.001 - Rp. 4.500.000,Rp. 4.500.000 - Rp 6.000.000,10.0,6.0,6.0,Promoter,6.0,1.0,5.0,Unknown,,,6.0,6.0,6.0,6.0,6.0,,6.0,6.0,6.0,6.0,6.0,6.0,6.0,6.0,6.0,6.0,1.0,1.0,1.0,1.0,1.0,1.0,1.0
197814033,Jawa Barat,Cirebon,Cirebon 1,Teller (KUOTA 50%),Wanita,22,20 - 25 tahun,3 tahun s/d 4 tahun 11 bulan,2 minggu sekali,Belum menikah,Tidak memiliki anak,SLTA,Mahasiswa/i,A1 : Rp. 4.500.000 - Rp 6.000.000,Rp 6.000.001 - Rp 7.500.000,10.0,6.0,6.0,Promoter,6.0,1.0,5.0,Unknown,,,6.0,6.0,6.0,6.0,6.0,6.0,,6.0,6.0,6.0,6.0,6.0,6.0,6.0,6.0,6.0,1.0,1.0,1.0,1.0,1.0,1.0,1.0
197814115,Banten,Cilegon,Cilegon 1,Teller (KUOTA 50%),Wanita,35,31 - 35 tahun,5 tahun atau lebih,1 minggu 2 kali atau lebih,Menikah,2 anak,Sarjana (S1),Pegawai/Karyawan Swasta,A2 : Rp. 3.000.001 - Rp. 4.500.000,Rp 6.000.001 - Rp 7.500.000,10.0,6.0,6.0,Promoter,6.0,1.0,5.0,Loyal Champion,4.0,3.0,6.0,5.0,6.0,6.0,6.0,6.0,,6.0,6.0,6.0,6.0,6.0,6.0,6.0,6.0,6.0,1.0,1.0,1.0,1.0,1.0,1.0,1.0
197814136,Banten,Cilegon,Cilegon 2,Teller (KUOTA 50%),Pria,49,46 - 50 tahun,5 tahun atau lebih,1 minggu sekali,Menikah,> 4 anak,SLTA,Wiraswasta/Pengusaha/Pedagang,A1.1 : Rp 6.000.001 - Rp 7.500.000,Rp 7.500.001- Rp 9.000.000,10.0,6.0,6.0,Promoter,6.0,1.0,5.0,Satisfied,4.0,,6.0,6.0,6.0,6.0,6.0,6.0,,6.0,6.0,6.0,6.0,6.0,6.0,6.0,6.0,6.0,1.0,1.0,1.0,1.0,1.0,1.0,1.0
197814174,Banten,Serang,Serang 2,Teller (KUOTA 50%),Pria,27,26 - 30 tahun,1 tahun s/d 2 tahun 11 bulan,1 minggu 2 kali atau lebih,Menikah,1 anak,Sarjana (S1),Pegawai/Karyawan Swasta,B : Rp. 2.000.001 - Rp. 3.000.000,Rp. 2.000.001 - Rp. 3.000.000,9.0,6.0,5.0,Promoter,6.0,1.0,5.0,Unknown,,3.0,6.0,6.0,6.0,6.0,6.0,6.0,,6.0,6.0,6.0,6.0,6.0,6.0,6.0,6.0,6.0,1.0,1.0,1.0,1.0,1.0,1.0,1.0
197814266,Jawa Barat,Ciamis,Ciamis 1,Teller (KUOTA 50%),Wanita,18,17 -19 tahun,1 tahun s/d 2 tahun 11 bulan,1 bulan sekali,Belum menikah,Tidak memiliki anak,SLTA,Mahasiswa/i,C2 : Rp. 1.000.001 - Rp. 1.500.000,Rp. 1.000.001 - Rp. 1.500.000,10.0,6.0,6.0,Promoter,6.0,1.7142857142857142,4.285714285714286,Unknown,,,6.0,6.0,6.0,6.0,6.0,6.0,6.0,6.0,6.0,6.0,6.0,6.0,6.0,6.0,6.0,6.0,1.0,1.0,1.0,6.0,1.0,1.0,1.0
197814336,Jawa Barat,Sumedang,Sumedang 1,CS (KUOTA 50%),Wanita,23,20 - 25 tahun,1 tahun s/d 2 tahun 11 bulan,1 minggu 2 kali atau lebih,Belum menikah,Tidak memiliki anak,Sarjana (S1),Tenaga Honorer,A2 : Rp. 3.000.001 - Rp. 4.500.000,Rp 6.000.001 - Rp 7.500.000,8.0,6.0,6.0,Passive,6.0,1.0,5.0,Unknown,,3.0,6.0,6.0,6.0,6.0,6.0,,6.0,6.0,6.0,6.0,6.0,6.0,6.0,6.0,6.0,6.0,1.0,1.0,1.0,1.0,1.0,1.0,1.0
197814564,Jawa Barat,Bogor,Bogor 2,CS (KUOTA 50%),Pria,39,36 - 40 tahun,5 tahun atau lebih,1 bulan sekali,Menikah,3 anak,SLTA,Pegawai/Karyawan Swasta,A1 : Rp. 4.500.000 - Rp 6.000.000,Rp 7.500.001- Rp 9.000.000,10.0,6.0,6.0,Promoter,5.888888888888889,2.0,3.8888888888888893,Satisfied,4.0,,6.0,6.0,6.0,6.0,6.0,,6.0,6.0,6.0,6.0,6.0,6.0,6.0,5.0,6.0,6.0,2.0,2.0,2.0,2.0,2.0,2.0,2.0
197814587,Jawa Barat,Bogor,Bogor 2,Teller (KUOTA 50%),Pria,32,31 - 35 tahun,3 tahun s/d 4 tahun 11 bulan,2 minggu sekali,Belum menikah,Tidak memiliki anak,SLTA,Pegawai/Karyawan Swasta,A1 : Rp. 4.500.000 - Rp 6.000.000,Rp 6.000.001 - Rp 7.500.000,7.0,5.0,5.0,Passive,4.777777777777778,1.5714285714285714,3.2063492063492065,Unknown,,,6.0,6.0,5.0,5.0,6.0,6.0,,5.0,5.0,5.0,5.0,5.0,3.0,5.0,5.0,5.0,2.0,1.0,1.0,2.0,2.0,1.0,2.0
197814596,Banten,Pandeglang,Pandeglang 2,Teller (KUOTA 50%),Pria,23,20 - 25 tahun,3 tahun s/d 4 tahun 11 bulan,1 minggu 2 kali atau lebih,Belum menikah,Tidak memiliki anak,SLTA,Wiraswasta/Pengusaha/Pedagang,B : Rp. 2.000.001 - Rp. 3.000.000,Rp. 4.500.000 - Rp 6.000.000,10.0,6.0,6.0,Promoter,6.0,1.2857142857142858,4.714285714285714,Unknown,,3.0,6.0,5.0,6.0,5.0,6.0,6.0,,6.0,6.0,6.0,6.0,6.0,6.0,6.0,6.0,6.0,1.0,1.0,1.0,1.0,1.0,2.0,2.0
197814726,Jawa Barat,Sumedang,Sumedang 1,CS (KUOTA 50%),Wanita,49,46 - 50 tahun,5 tahun atau lebih,2 minggu sekali,Menikah,2 anak,Sarjana (S1),Pegawai Negeri Sipil (Guru),A2 : Rp. 3.000.001 - Rp. 4.500.000,Rp 9.000.001- Rp 10.500.000,10.0,6.0,5.0,Promoter,5.666666666666667,1.0,4.666666666666667,Satisfied,4.0,,6.0,5.0,6.0,6.0,6.0,,6.0,6.0,6.0,6.0,5.0,6.0,6.0,5.0,6.0,5.0,1.0,1.0,1.0,1.0,1.0,1.0,1.0
197814737,DKI Jakarta,Jakarta Barat,Jakarta Barat 4,CS (KUOTA 50%),Wanita,49,46 - 50 tahun,5 tahun atau lebih,1 bulan sekali,Menikah,4 anak,Sarjana (S1),Guru (Non PNS),B : Rp. 2.000.001 - Rp. 3.000.000,Rp. 3.000.001 - Rp. 4.500.000,8.0,5.0,5.0,Passive,5.222222222222222,3.4285714285714284,1.793650793650794,Passive,4.0,,5.0,5.0,6.0,6.0,6.0,,6.0,5.0,5.0,5.0,5.0,6.0,5.0,5.0,6.0,5.0,3.0,4.0,3.0,4.0,4.0,3.0,3.0
197814882,Jawa Barat,Bandung,Bandung 6,Teller (KUOTA 50%),Wanita,32,31 - 35 tahun,3 tahun s/d 4 tahun 11 bulan,1 bulan sekali,Menikah,2 anak,SLTA,Ibu Rumah Tangga,A2 : Rp. 3.000.001 - Rp. 4.500.000,Rp. 4.500.000 - Rp 6.000.000,9.0,6.0,6.0,Promoter,6.0,1.0,5.0,Unknown,,,6.0,6.0,6.0,6.0,6.0,6.0,,6.0,6.0,6.0,6.0,6.0,6.0,6.0,6.0,6.0,1.0,1.0,1.0,1.0,1.0,1.0,1.0
197814883,Jawa Barat,Bandung,Bandung 6,CS (KUOTA 50%),Pria,23,20 - 25 tahun,3 tahun s/d 4 tahun 11 bulan,2 minggu sekali,Menikah,1 anak,SLTA,Pegawai/Karyawan Swasta,B : Rp. 2.000.001 - Rp. 3.000.000,Rp. 3.000.001 - Rp. 4.500.000,9.0,6.0,6.0,Promoter,6.0,1.0,5.0,Unknown,,,6.0,6.0,6.0,6.0,6.0,,6.0,6.0,6.0,6.0,6.0,6.0,6.0,6.0,6.0,6.0,1.0,1.0,1.0,1.0,1.0,1.0,1.0
197814884,Jawa Barat,Bandung,Bandung 6,CS (KUOTA 50%),Pria,22,20 - 25 tahun,3 tahun s/d 4 tahun 11 bulan,2 minggu sekali,Belum menikah,Tidak memiliki anak,SLTA,Pegawai/Karyawan Swasta,A1 : Rp. 4.500.000 - Rp 6.000.000,Rp. 4.500.000 - Rp 6.000.000,10.0,6.0,6.0,Promoter,6.0,1.0,5.0,Unknown,,,6.0,6.0,6.0,6.0,6.0,,6.0,6.0,6.0,6.0,6.0,6.0,6.0,6.0,6.0,6.0,1.0,1.0,1.0,1.0,1.0,1.0,1.0
197814885,Jawa Barat,Bandung,Bandung 6,Teller (KUOTA 50%),Pria,23,20 - 25 tahun,3 tahun s/d 4 tahun 11 bulan,1 bulan sekali,Menikah,Tidak memiliki anak,SLTA,Pegawai/Karyawan Swasta,B : Rp. 2.000.001 - Rp. 3.000.000,Rp. 4.500.000 - Rp 6.000.000,9.0,6.0,6.0,Promoter,6.0,1.0,5.0,Unknown,,,6.0,6.0,6.0,6.0,6.0,6.0,,6.0,6.0,6.0,6.0,6.0,6.0,6.0,6.0,6.0,1.0,1.0,1.0,1.0,1.0,1.0,1.0
197814974,Jawa Barat,Bandung,Bandung 6,Teller (KUOTA 50%),Pria,39,36 - 40 tahun,5 tahun atau lebih,2 minggu sekali,Menikah,2 anak,SLTA,Pegawai/Karyawan Swasta,A1.5 : Rp 15.000.001- Rp 20.000.000,Rp 20.000.001 - Rp 25.000.000,10.0,6.0,6.0,Promoter,6.0,3.857142857142857,2.142857142857143,Satisfied,4.0,,6.0,6.0,6.0,6.0,6.0,6.0,,6.0,6.0,6.0,6.0,6.0,6.0,6.0,6.0,6.0,6.0,6.0,1.0,6.0,1.0,6.0,1.0
197814975,Jawa Barat,Bandung,Bandung 6,CS (KUOTA 50%),Pria,28,26 - 30 tahun,5 tahun atau lebih,2 minggu sekali,Menikah,1 anak,SLTA,Pegawai/Karyawan Swasta,A2 : Rp. 3.000.001 - Rp. 4.500.000,Rp. 4.500.000 - Rp 6.000.000,10.0,6.0,6.0,Promoter,6.0,1.0,5.0,Satisfied,4.0,,6.0,6.0,6.0,6.0,6.0,,6.0,6.0,6.0,6.0,6.0,6.0,6.0,6.0,6.0,6.0,1.0,1.0,1.0,1.0,1.0,1.0,1.0
197815141,Jawa Barat,Ciamis,Ciamis 1,CS (KUOTA 50%),Pria,20,20 - 25 tahun,1 tahun s/d 2 tahun 11 bulan,1 minggu 2 kali atau lebih,Belum menikah,Tidak memiliki anak,SLTA,Pegawai/Karyawan Swasta,A2 : Rp. 3.000.001 - Rp. 4.500.000,Rp. 3.000.001 - Rp. 4.500.000,10.0,6.0,6.0,Promoter,6.0,1.0,5.0,Unknown,,3.0,6.0,6.0,6.0,6.0,6.0,6.0,6.0,6.0,6.0,6.0,6.0,6.0,6.0,6.0,6.0,6.0,1.0,1.0,1.0,1.0,1.0,1.0,1.0
197815231,Banten,Tangerang,Tangerang 2,CS (KUOTA 50%),Wanita,38,36 - 40 tahun,5 tahun atau lebih,1 minggu sekali,Menikah,3 anak,Sarjana (S1),Pegawai Negeri Sipil (Guru),A1 : Rp. 4.500.000 - Rp 6.000.000,Rp 6.000.001 - Rp 7.500.000,8.0,6.0,6.0,Passive,5.666666666666667,1.7142857142857142,3.9523809523809526,Passive,4.0,,6.0,4.0,6.0,6.0,6.0,,6.0,6.0,6.0,6.0,6.0,6.0,5.0,5.0,6.0,5.0,2.0,1.0,1.0,1.0,5.0,1.0,1.0
197815256,Jawa Barat,Cirebon,Cirebon 1,Teller (KUOTA 50%),Pria,50,46 - 50 tahun,5 tahun atau lebih,1 minggu 2 kali atau lebih,Menikah,3 anak,SLTA,Pegawai/Karyawan Swasta,A1 : Rp. 4.500.000 - Rp 6.000.000,Rp. 4.500.000 - Rp 6.000.000,10.0,6.0,6.0,Promoter,6.0,1.0,5.0,Loyal Champion,4.0,3.0,6.0,6.0,6.0,6.0,6.0,6.0,,6.0,6.0,6.0,6.0,6.0,6.0,6.0,6.0,6.0,1.0,1.0,1.0,1.0,1.0,1.0,1.0
197815514,Jawa Barat,Bandung,Bandung 2,Teller (KUOTA 50%),Wanita,33,31 - 35 tahun,5 tahun atau lebih,1 bulan sekali,Menikah,2 anak,SLTA,Guru (Non PNS),A2 : Rp. 3.000.001 - Rp. 4.500.000,Rp. 3.000.001 - Rp. 4.500.000,9.0,6.0,6.0,Promoter,6.0,1.0,5.0,Satisfied,4.0,,6.0,6.0,6.0,6.0,6.0,6.0,,6.0,6.0,6.0,6.0,6.0,6.0,6.0,6.0,6.0,1.0,1.0,1.0,1.0,1.0,1.0,1.0
197815679,Jawa Barat,Banjar,Banjar 1,CS (KUOTA 50%),Wanita,49,46 - 50 tahun,1 tahun s/d 2 tahun 11 bulan,1 bulan sekali,Menikah,3 anak,SLTA,Wiraswasta/Pengusaha/Pedagang,C2 : Rp. 1.000.001 - Rp. 1.500.000,Rp. 1.500.001 - Rp. 2.000.000,10.0,6.0,6.0,Promoter,6.0,1.0,5.0,Unknown,,,6.0,6.0,6.0,6.0,6.0,6.0,6.0,6.0,6.0,6.0,6.0,6.0,6.0,6.0,6.0,6.0,1.0,1.0,1.0,1.0,1.0,1.0,1.0
197815785,Banten,Pandeglang,Pandeglang 2,CS (KUOTA 50%),Pria,24,20 - 25 tahun,1 tahun s/d 2 tahun 11 bulan,2 minggu sekali,Menikah,1 anak,Akademi/D3,Tenaga Honorer,A2 : Rp. 3.000.001 - Rp. 4.500.000,Rp. 4.500.000 - Rp 6.000.000,10.0,6.0,6.0,Promoter,6.0,1.0,5.0,Unknown,,,6.0,6.0,6.0,6.0,6.0,,6.0,6.0,6.0,6.0,6.0,6.0,6.0,6.0,6.0,6.0,1.0,1.0,1.0,1.0,1.0,1.0,1.0
197815825,Jawa Barat,Cirebon,Cirebon 2,CS (KUOTA 50%),Wanita,26,26 - 30 tahun,3 tahun s/d 4 tahun 11 bulan,1 minggu sekali,Belum menikah,Tidak memiliki anak,SLTA,Pegawai/Karyawan Swasta,C1 : Rp. 1.500.001 - Rp. 2.000.000,Rp. 2.000.001 - Rp. 3.000.000,9.0,6.0,6.0,Promoter,6.0,3.857142857142857,2.142857142857143,Unknown,,,5.0,6.0,5.0,6.0,5.0,,5.0,6.0,6.0,6.0,6.0,6.0,6.0,6.0,6.0,6.0,6.0,1.0,1.0,6.0,6.0,1.0,6.0
197815925,Jawa Barat,Bandung,Bandung 5,CS (KUOTA 50%),Pria,45,41 - 45 tahun,3 tahun s/d 4 tahun 11 bulan,1 bulan sekali,Menikah,1 anak,Akademi/D3,Pegawai/Karyawan Swasta,A1.4 : Rp 10.500.0001 - Rp 15.000.000,Rp 10.500.0001 - Rp 15.000.000,9.0,6.0,6.0,Promoter,5.888888888888889,1.1428571428571428,4.746031746031747,Unknown,,,6.0,6.0,6.0,6.0,6.0,,6.0,6.0,6.0,6.0,6.0,6.0,6.0,6.0,5.0,6.0,1.0,1.0,1.0,1.0,1.0,1.0,2.0
197816196,Banten,Cilegon,Cilegon 2,Teller (KUOTA 50%),Pria,46,46 - 50 tahun,5 tahun atau lebih,1 minggu 2 kali atau lebih,Menikah,2 anak,Sarjana (S1),Pegawai Negeri Sipil (Bukan Guru),A2 : Rp. 3.000.001 - Rp. 4.500.000,Rp 7.500.001- Rp 9.000.000,10.0,6.0,6.0,Promoter,6.0,2.142857142857143,3.857142857142857,Loyal Champion,4.0,3.0,6.0,6.0,6.0,6.0,6.0,6.0,,6.0,6.0,6.0,6.0,6.0,6.0,6.0,6.0,6.0,2.0,2.0,2.0,2.0,3.0,2.0,2.0
197816325,Kepulauan Riau,Batam,Batam 1,CS (KUOTA 50%),Pria,27,26 - 30 tahun,1 tahun s/d 2 tahun 11 bulan,2 minggu sekali,Belum menikah,Tidak memiliki anak,Sarjana (S1),Pegawai/Karyawan Swasta,B : Rp. 2.000.001 - Rp. 3.000.000,Rp. 4.500.000 - Rp 6.000.000,9.0,6.0,5.0,Promoter,4.444444444444445,1.4285714285714286,3.015873015873016,Unknown,,,6.0,6.0,6.0,6.0,6.0,6.0,6.0,4.0,4.0,5.0,4.0,5.0,4.0,4.0,5.0,5.0,1.0,1.0,1.0,1.0,4.0,1.0,1.0
197816586,Lampung,Bandar Lampung,Bandar Lampung 1,Teller (KUOTA 50%),Pria,28,26 - 30 tahun,1 tahun s/d 2 tahun 11 bulan,1 bulan sekali,Menikah,1 anak,Sarjana (S1),Pegawai/Karyawan Swasta,A2 : Rp. 3.000.001 - Rp. 4.500.000,Rp. 3.000.001 - Rp. 4.500.000,9.0,5.0,6.0,Promoter,4.666666666666667,2.2857142857142856,2.3809523809523814,Unknown,,,5.0,6.0,5.0,4.0,6.0,6.0,,6.0,1.0,5.0,5.0,5.0,5.0,5.0,5.0,5.0,1.0,1.0,1.0,6.0,5.0,1.0,1.0
197816630,Jawa Barat,Cimahi,Cimahi 1,Teller (KUOTA 50%),Pria,50,46 - 50 tahun,5 tahun atau lebih,2 minggu sekali,Menikah,1 anak,SLTA,Wiraswasta/Pengusaha/Pedagang,A1 : Rp. 4.500.000 - Rp 6.000.000,Rp. 4.500.000 - Rp 6.000.000,10.0,6.0,6.0,Promoter,6.0,3.857142857142857,2.142857142857143,Satisfied,4.0,,6.0,6.0,6.0,6.0,6.0,6.0,,6.0,6.0,6.0,6.0,6.0,6.0,6.0,6.0,6.0,6.0,1.0,6.0,1.0,1.0,6.0,6.0
197816631,Jawa Barat,Cimahi,Cimahi 1,Teller (KUOTA 50%),Wanita,21,20 - 25 tahun,1 tahun s/d 2 tahun 11 bulan,1 minggu 2 kali atau lebih,Belum menikah,Tidak memiliki anak,SLTA,Mahasiswa/i,C1 : Rp. 1.500.001 - Rp. 2.000.000,Menolak Memberikan Jawaban,9.0,6.0,6.0,Promoter,6.0,1.7142857142857142,4.285714285714286,Unknown,,3.0,5.0,5.0,5.0,5.0,6.0,6.0,,6.0,6.0,6.0,6.0,6.0,6.0,6.0,6.0,6.0,1.0,1.0,1.0,1.0,1.0,6.0,1.0
197816633,Jawa Barat,Cimahi,Cimahi 1,CS (KUOTA 50%),Wanita,41,41 - 45 tahun,1 tahun s/d 2 tahun 11 bulan,1 minggu sekali,Menikah,3 anak,Sarjana (S1),Ibu Rumah Tangga,A1.5 : Rp 15.000.001- Rp 20.000.000,Rp 20.000.001 - Rp 25.000.000,8.0,6.0,6.0,Passive,5.888888888888889,2.4285714285714284,3.460317460317461,Unknown,,,6.0,6.0,6.0,6.0,6.0,,6.0,5.0,6.0,6.0,6.0,6.0,6.0,6.0,6.0,6.0,1.0,6.0,1.0,1.0,1.0,6.0,1.0
197816634,Jawa Barat,Cimahi,Cimahi 1,CS (KUOTA 50%),Wanita,28,26 - 30 tahun,5 tahun atau lebih,1 minggu 2 kali atau lebih,Menikah,1 anak,Sarjana (S1),Pegawai Negeri Sipil (Guru),A2 : Rp. 3.000.001 - Rp. 4.500.000,Rp 10.500.0001 - Rp 15.000.000,7.0,5.0,5.0,Passive,5.0,1.2857142857142858,3.7142857142857144,Passive,4.0,3.0,3.0,5.0,5.0,5.0,5.0,4.0,5.0,5.0,5.0,5.0,5.0,5.0,5.0,5.0,5.0,5.0,1.0,1.0,1.0,1.0,1.0,1.0,3.0
197816867,Jawa Barat,Bogor,Bogor 2,Teller (KUOTA 50%),Wanita,27,26 - 30 tahun,3 tahun s/d 4 tahun 11 bulan,1 minggu 2 kali atau lebih,Menikah,Tidak memiliki anak,Sarjana (S1),Pegawai Negeri Sipil (Bukan Guru),A1.1 : Rp 6.000.001 - Rp 7.500.000,Rp 9.000.001- Rp 10.500.000,8.0,6.0,6.0,Passive,5.0,1.1428571428571428,3.857142857142857,Unknown,,3.0,6.0,6.0,6.0,6.0,6.0,6.0,,5.0,5.0,5.0,5.0,5.0,5.0,5.0,5.0,5.0,1.0,1.0,1.0,1.0,1.0,1.0,2.0
197816943,Jawa Tengah,Tegal,Tegal 1,CS (KUOTA 50%),Pria,31,31 - 35 tahun,5 tahun atau lebih,1 bulan sekali,Menikah,1 anak,SLTA,Lainnya,A1.1 : Rp 6.000.001 - Rp 7.500.000,Rp 9.000.001- Rp 10.500.000,9.0,5.0,5.0,Promoter,5.0,1.0,4.0,Satisfied,4.0,,5.0,5.0,5.0,5.0,5.0,,5.0,5.0,5.0,5.0,5.0,5.0,5.0,5.0,5.0,5.0,1.0,1.0,1.0,1.0,1.0,1.0,1.0
197816967,Riau,Pekanbaru,Pekanbaru 1,Teller (KUOTA 50%),Pria,41,41 - 45 tahun,1 tahun s/d 2 tahun 11 bulan,1 minggu sekali,Menikah,3 anak,Sarjana (S1),Pegawai/Karyawan Swasta,A2 : Rp. 3.000.001 - Rp. 4.500.000,Rp. 4.500.000 - Rp 6.000.000,8.0,6.0,6.0,Passive,5.333333333333333,2.142857142857143,3.1904761904761902,Unknown,,,5.0,5.0,6.0,6.0,6.0,6.0,,6.0,6.0,6.0,6.0,6.0,5.0,6.0,1.0,6.0,1.0,1.0,1.0,1.0,1.0,6.0,4.0
197817031,Jawa Barat,Ciamis,Ciamis 1,CS (KUOTA 50%),Pria,29,26 - 30 tahun,3 tahun s/d 4 tahun 11 bulan,2 minggu sekali,Menikah,1 anak,SLTA,Pegawai/Karyawan Swasta,B : Rp. 2.000.001 - Rp. 3.000.000,Rp. 3.000.001 - Rp. 4.500.000,10.0,6.0,6.0,Promoter,6.0,1.0,5.0,Unknown,,,6.0,6.0,6.0,6.0,5.0,,6.0,6.0,6.0,6.0,6.0,6.0,6.0,6.0,6.0,6.0,1.0,1.0,1.0,1.0,1.0,1.0,1.0
197817034,Jawa Barat,Bandung,Bandung 7,Teller (KUOTA 50%),Pria,33,31 - 35 tahun,3 tahun s/d 4 tahun 11 bulan,1 minggu sekali,Menikah,2 anak,SLTA,Wiraswasta/Pengusaha/Pedagang,A1 : Rp. 4.500.000 - Rp 6.000.000,Rp. 4.500.000 - Rp 6.000.000,10.0,6.0,6.0,Promoter,5.0,2.2857142857142856,2.7142857142857144,Unknown,,,5.0,5.0,6.0,5.0,6.0,6.0,,5.0,5.0,5.0,5.0,5.0,5.0,5.0,5.0,5.0,2.0,5.0,2.0,1.0,2.0,2.0,2.0
197817316,Jawa Barat,Cirebon,Cirebon 1,CS (KUOTA 50%),Pria,50,46 - 50 tahun,5 tahun atau lebih,1 minggu 2 kali atau lebih,Menikah,2 anak,Sarjana (S1),Pegawai Negeri Sipil (Bukan Guru),A1.2 : Rp 7.500.001- Rp 9.000.000,Rp 9.000.001- Rp 10.500.000,10.0,6.0,6.0,Promoter,6.0,1.0,5.0,Loyal Champion,4.0,3.0,6.0,6.0,6.0,6.0,6.0,,6.0,6.0,6.0,6.0,6.0,6.0,6.0,6.0,6.0,6.0,1.0,1.0,1.0,1.0,1.0,1.0,1.0
197817444,Jawa Barat,Bandung,Bandung 9,Teller (KUOTA 50%),Wanita,39,36 - 40 tahun,3 tahun s/d 4 tahun 11 bulan,1 bulan sekali,Menikah,2 anak,Akademi/D3,Pegawai/Karyawan Swasta,B : Rp. 2.000.001 - Rp. 3.000.000,Rp. 3.000.001 - Rp. 4.500.000,9.0,6.0,6.0,Promoter,6.0,1.0,5.0,Unknown,,,6.0,6.0,6.0,6.0,6.0,6.0,,6.0,6.0,6.0,6.0,6.0,6.0,6.0,6.0,6.0,1.0,1.0,1.0,1.0,1.0,1.0,1.0
197817445,Jawa Barat,Bandung,Bandung 9,Teller (KUOTA 50%),Wanita,50,46 - 50 tahun,5 tahun atau lebih,1 bulan sekali,Menikah,1 anak,Sarjana (S1),Pegawai Negeri Sipil (Guru),B : Rp. 2.000.001 - Rp. 3.000.000,Rp. 4.500.000 - Rp 6.000.000,9.0,6.0,6.0,Promoter,6.0,1.0,5.0,Satisfied,4.0,,6.0,5.0,6.0,6.0,6.0,6.0,,6.0,6.0,6.0,6.0,6.0,6.0,6.0,6.0,6.0,1.0,1.0,1.0,1.0,1.0,1.0,1.0
197817446,Jawa Barat,Bandung,Bandung 9,CS (KUOTA 50%),Wanita,30,26 - 30 tahun,3 tahun s/d 4 tahun 11 bulan,1 bulan sekali,Menikah,1 anak,Sarjana (S1),Wiraswasta/Pengusaha/Pedagang,A1 : Rp. 4.500.000 - Rp 6.000.000,Rp 9.000.001- Rp 10.500.000,10.0,6.0,6.0,Promoter,6.0,1.0,5.0,Unknown,,,6.0,6.0,6.0,6.0,6.0,,6.0,6.0,6.0,6.0,6.0,6.0,6.0,6.0,6.0,6.0,1.0,1.0,1.0,1.0,1.0,1.0,1.0
197817543,Jawa Barat,Bekasi,Bekasi 3,CS (KUOTA 50%),Pria,33,31 - 35 tahun,5 tahun atau lebih,1 minggu 2 kali atau lebih,Menikah,2 anak,Akademi/D3,Pegawai/Karyawan Swasta,A2 : Rp. 3.000.001 - Rp. 4.500.000,Rp. 4.500.000 - Rp 6.000.000,10.0,6.0,6.0,Promoter,6.0,1.0,5.0,Loyal Champion,4.0,3.0,6.0,6.0,6.0,6.0,6.0,6.0,6.0,6.0,6.0,6.0,6.0,6.0,6.0,6.0,6.0,6.0,1.0,1.0,1.0,1.0,1.0,1.0,1.0
197817876,Banten,Pandeglang,Pandeglang 2,CS (KUOTA 50%),Pria,32,31 - 35 tahun,5 tahun atau lebih,1 bulan sekali,Menikah,2 anak,SLTA,Pegawai/Karyawan Swasta,A1.1 : Rp 6.000.001 - Rp 7.500.000,Rp 6.000.001 - Rp 7.500.000,10.0,6.0,6.0,Promoter,5.555555555555555,3.0,2.5555555555555554,Satisfied,4.0,,6.0,6.0,5.0,6.0,6.0,,6.0,6.0,6.0,6.0,6.0,6.0,5.0,4.0,6.0,5.0,1.0,4.0,6.0,1.0,1.0,6.0,2.0
197818020,Jawa Barat,Depok,Depok 1,CS (KUOTA 50%),Wanita,20,20 - 25 tahun,1 tahun s/d 2 tahun 11 bulan,1 minggu sekali,Belum menikah,Tidak memiliki anak,SLTA,Wiraswasta/Pengusaha/Pedagang,C1 : Rp. 1.500.001 - Rp. 2.000.000,Rp. 2.000.001 - Rp. 3.000.000,10.0,6.0,6.0,Promoter,6.0,1.0,5.0,Unknown,,,6.0,6.0,6.0,6.0,6.0,6.0,6.0,6.0,6.0,6.0,6.0,6.0,6.0,6.0,6.0,6.0,1.0,1.0,1.0,1.0,1.0,1.0,1.0
197818187,Jawa Barat,Bandung,Bandung 2,Teller (KUOTA 50%),Pria,44,41 - 45 tahun,5 tahun atau lebih,1 bulan sekali,Menikah,3 anak,SLTA,Pegawai Negeri Sipil (Bukan Guru),A2 : Rp. 3.000.001 - Rp. 4.500.000,Rp 6.000.001 - Rp 7.500.000,10.0,6.0,6.0,Promoter,6.0,1.7142857142857142,4.285714285714286,Satisfied,4.0,,6.0,6.0,6.0,6.0,6.0,6.0,,6.0,6.0,6.0,6.0,6.0,6.0,6.0,6.0,6.0,1.0,1.0,1.0,1.0,6.0,1.0,1.0
197818324,Jawa Barat,Bekasi,Bekasi 3,Teller (KUOTA 50%),Wanita,20,20 - 25 tahun,1 tahun s/d 2 tahun 11 bulan,1 minggu 2 kali atau lebih,Belum menikah,Tidak memiliki anak,SLTA,Pegawai/Karyawan Swasta,C2 : Rp. 1.000.001 - Rp. 1.500.000,Rp. 3.000.001 - Rp. 4.500.000,10.0,6.0,6.0,Promoter,6.0,1.0,5.0,Unknown,,3.0,6.0,6.0,6.0,6.0,6.0,6.0,6.0,6.0,6.0,6.0,6.0,6.0,6.0,6.0,6.0,6.0,1.0,1.0,1.0,1.0,1.0,1.0,1.0
197818606,Jawa Barat,Banjar,Banjar 1,CS (KUOTA 50%),Pria,31,31 - 35 tahun,5 tahun atau lebih,1 minggu sekali,Menikah,2 anak,SLTA,Pegawai/Karyawan Swasta,A2 : Rp. 3.000.001 - Rp. 4.500.000,Rp. 4.500.000 - Rp 6.000.000,10.0,6.0,6.0,Promoter,6.0,1.0,5.0,Satisfied,4.0,,6.0,6.0,6.0,6.0,6.0,6.0,6.0,6.0,6.0,6.0,6.0,6.0,6.0,6.0,6.0,6.0,1.0,1.0,1.0,1.0,1.0,1.0,1.0
197818689,Jawa Barat,Purwakarta,Purwakarta 1,Teller (KUOTA 50%),Wanita,27,26 - 30 tahun,1 tahun s/d 2 tahun 11 bulan,1 bulan sekali,Menikah,2 anak,SLTA,Ibu Rumah Tangga,C2 : Rp. 1.000.001 - Rp. 1.500.000,Rp 10.500.0001 - Rp 15.000.000,10.0,6.0,6.0,Promoter,6.0,1.0,5.0,Unknown,,,6.0,6.0,6.0,6.0,6.0,6.0,,6.0,6.0,6.0,6.0,6.0,6.0,6.0,6.0,6.0,1.0,1.0,1.0,1.0,1.0,1.0,1.0
197818690,Jawa Barat,Purwakarta,Purwakarta 1,CS (KUOTA 50%),Wanita,31,31 - 35 tahun,1 tahun s/d 2 tahun 11 bulan,1 bulan sekali,Menikah,Tidak memiliki anak,Akademi/D3,Ibu Rumah Tangga,A2 : Rp. 3.000.001 - Rp. 4.500.000,Rp 10.500.0001 - Rp 15.000.000,8.0,6.0,6.0,Passive,5.777777777777778,1.0,4.777777777777778,Unknown,,,6.0,6.0,6.0,6.0,6.0,6.0,6.0,5.0,6.0,6.0,6.0,6.0,5.0,6.0,6.0,6.0,1.0,1.0,1.0,1.0,1.0,1.0,1.0
197818691,Jawa Barat,Purwakarta,Purwakarta 1,Teller (KUOTA 50%),Pria,28,26 - 30 tahun,1 tahun s/d 2 tahun 11 bulan,1 minggu 2 kali atau lebih,Belum menikah,Tidak memiliki anak,Sarjana (S1),Pegawai Negeri Sipil (Bukan Guru),B : Rp. 2.000.001 - Rp. 3.000.000,Rp 10.500.0001 - Rp 15.000.000,10.0,6.0,6.0,Promoter,6.0,1.0,5.0,Unknown,,3.0,6.0,6.0,6.0,6.0,6.0,6.0,,6.0,6.0,6.0,6.0,6.0,6.0,6.0,6.0,6.0,1.0,1.0,1.0,1.0,1.0,1.0,1.0
197818692,Jawa Barat,Purwakarta,Purwakarta 1,Teller (KUOTA 50%),Pria,43,41 - 45 tahun,3 tahun s/d 4 tahun 11 bulan,1 minggu 2 kali atau lebih,Menikah,2 anak,Sarjana (S1),Pegawai Negeri Sipil (Bukan Guru),A1.2 : Rp 7.500.001- Rp 9.000.000,Rp 15.000.001- Rp 20.000.000,10.0,6.0,6.0,Promoter,6.0,1.0,5.0,Unknown,,3.0,6.0,6.0,6.0,6.0,6.0,6.0,6.0,6.0,6.0,6.0,6.0,6.0,6.0,6.0,6.0,6.0,1.0,1.0,1.0,1.0,1.0,1.0,1.0
197818693,Jawa Barat,Purwakarta,Purwakarta 1,Teller (KUOTA 50%),Wanita,50,46 - 50 tahun,5 tahun atau lebih,2 minggu sekali,Menikah,3 anak,SLTA,Ibu Rumah Tangga,A1.3 : Rp 9.000.001- Rp 10.500.000,Rp 9.000.001- Rp 10.500.000,10.0,6.0,6.0,Promoter,6.0,1.0,5.0,Satisfied,4.0,,6.0,6.0,6.0,6.0,6.0,6.0,6.0,6.0,6.0,6.0,6.0,6.0,6.0,6.0,6.0,6.0,1.0,1.0,1.0,1.0,1.0,1.0,1.0
197818784,Banten,Serang,Serang 2,CS (KUOTA 50%),Pria,38,36 - 40 tahun,5 tahun atau lebih,1 minggu 2 kali atau lebih,Menikah,3 anak,SLTA,Pegawai/Karyawan Swasta,A2 : Rp. 3.000.001 - Rp. 4.500.000,Rp. 4.500.000 - Rp 6.000.000,8.0,6.0,6.0,Passive,6.0,1.0,5.0,Passive,4.0,3.0,5.0,5.0,6.0,6.0,6.0,,6.0,6.0,6.0,6.0,6.0,6.0,6.0,6.0,6.0,6.0,1.0,1.0,1.0,1.0,1.0,1.0,1.0
197819044,Jawa Barat,Cirebon,Cirebon 1,Teller (KUOTA 50%),Pria,43,41 - 45 tahun,5 tahun atau lebih,1 bulan sekali,Menikah,2 anak,Sarjana (S1),Pegawai Negeri Sipil (Bukan Guru),A1.2 : Rp 7.500.001- Rp 9.000.000,Rp 10.500.0001 - Rp 15.000.000,10.0,6.0,6.0,Promoter,6.0,1.0,5.0,Satisfied,4.0,,6.0,6.0,6.0,6.0,6.0,6.0,,6.0,6.0,6.0,6.0,6.0,6.0,6.0,6.0,6.0,1.0,1.0,1.0,1.0,1.0,1.0,1.0
197819072,Banten,Cilegon,Cilegon 1,CS (KUOTA 50%),Pria,42,41 - 45 tahun,3 tahun s/d 4 tahun 11 bulan,1 bulan sekali,Menikah,2 anak,SLTA,Pegawai/Karyawan Swasta,A2 : Rp. 3.000.001 - Rp. 4.500.000,Rp. 4.500.000 - Rp 6.000.000,10.0,6.0,6.0,Promoter,6.0,1.1428571428571428,4.857142857142858,Unknown,,,6.0,6.0,6.0,6.0,6.0,,6.0,6.0,6.0,6.0,6.0,6.0,6.0,6.0,6.0,6.0,1.0,1.0,1.0,1.0,1.0,1.0,2.0
197819119,Jawa Barat,Bandung Barat,Bandung Barat 1,CS (KUOTA 50%),Wanita,46,46 - 50 tahun,5 tahun atau lebih,2 minggu sekali,Menikah,1 anak,Sarjana (S1),Guru (Non PNS),C1 : Rp. 1.500.001 - Rp. 2.000.000,Rp. 2.000.001 - Rp. 3.000.000,10.0,6.0,6.0,Promoter,6.0,1.0,5.0,Satisfied,4.0,,6.0,6.0,6.0,6.0,6.0,,6.0,6.0,6.0,6.0,6.0,6.0,6.0,6.0,6.0,6.0,1.0,1.0,1.0,1.0,1.0,1.0,1.0
197819161,Jawa Barat,Bekasi,Bekasi 3,Teller (KUOTA 50%),Pria,31,31 - 35 tahun,5 tahun atau lebih,1 minggu 2 kali atau lebih,Belum menikah,2 anak,SLTA,Lainnya,A1.1 : Rp 6.000.001 - Rp 7.500.000,Rp 10.500.0001 - Rp 15.000.000,10.0,6.0,6.0,Promoter,6.0,1.0,5.0,Loyal Champion,4.0,3.0,6.0,6.0,6.0,6.0,6.0,6.0,6.0,6.0,6.0,6.0,6.0,6.0,6.0,6.0,6.0,6.0,1.0,1.0,1.0,1.0,1.0,1.0,1.0
197819197,DKI Jakarta,Jakarta Timur,Jakarta Timur 1,CS (KUOTA 50%),Pria,49,46 - 50 tahun,3 tahun s/d 4 tahun 11 bulan,1 bulan sekali,Menikah,2 anak,SLTP,Pegawai/Karyawan Swasta,A1.1 : Rp 6.000.001 - Rp 7.500.000,Rp 9.000.001- Rp 10.500.000,10.0,6.0,6.0,Promoter,6.0,1.0,5.0,Unknown,,,6.0,6.0,6.0,6.0,6.0,,6.0,6.0,6.0,6.0,6.0,6.0,6.0,6.0,6.0,6.0,1.0,1.0,1.0,1.0,1.0,1.0,1.0
197819205,Jawa Barat,Cirebon,Cirebon 2,Teller (KUOTA 50%),Pria,22,20 - 25 tahun,1 tahun s/d 2 tahun 11 bulan,1 minggu sekali,Belum menikah,Tidak memiliki anak,SLTA,Polisi / Tentara / Militer,A2 : Rp. 3.000.001 - Rp. 4.500.000,Rp. 3.000.001 - Rp. 4.500.000,9.0,6.0,6.0,Promoter,6.0,1.0,5.0,Unknown,,,6.0,6.0,6.0,6.0,6.0,6.0,6.0,6.0,6.0,6.0,6.0,6.0,6.0,6.0,6.0,6.0,1.0,1.0,1.0,1.0,1.0,1.0,1.0
197819206,Jawa Barat,Cirebon,Cirebon 2,CS (KUOTA 50%),Pria,36,36 - 40 tahun,5 tahun atau lebih,2 minggu sekali,Menikah,1 anak,Sarjana (S1),Tenaga Honorer,A2 : Rp. 3.000.001 - Rp. 4.500.000,Rp. 3.000.001 - Rp. 4.500.000,9.0,6.0,6.0,Promoter,6.0,1.0,5.0,Satisfied,4.0,,6.0,6.0,6.0,6.0,6.0,6.0,6.0,6.0,6.0,6.0,6.0,6.0,6.0,6.0,6.0,6.0,1.0,1.0,1.0,1.0,1.0,1.0,1.0
197819207,Jawa Barat,Cirebon,Cirebon 2,Teller (KUOTA 50%),Pria,39,36 - 40 tahun,5 tahun atau lebih,1 minggu 2 kali atau lebih,Menikah,1 anak,Paska Sarjana (S2),Pegawai/Karyawan Swasta,A1.1 : Rp 6.000.001 - Rp 7.500.000,Rp 6.000.001 - Rp 7.500.000,9.0,6.0,6.0,Promoter,6.0,1.0,5.0,Loyal Champion,4.0,3.0,6.0,6.0,6.0,6.0,6.0,6.0,6.0,6.0,6.0,6.0,6.0,6.0,6.0,6.0,6.0,6.0,1.0,1.0,1.0,1.0,1.0,1.0,1.0
197819208,Jawa Barat,Cirebon,Cirebon 2,CS (KUOTA 50%),Wanita,43,41 - 45 tahun,3 tahun s/d 4 tahun 11 bulan,1 bulan sekali,Menikah,Tidak memiliki anak,Akademi/D3,Lainnya,A2 : Rp. 3.000.001 - Rp. 4.500.000,Rp. 3.000.001 - Rp. 4.500.000,9.0,6.0,6.0,Promoter,6.0,6.0,0.0,Unknown,,,6.0,6.0,6.0,6.0,6.0,6.0,6.0,6.0,6.0,6.0,6.0,6.0,6.0,6.0,6.0,6.0,6.0,6.0,6.0,6.0,6.0,6.0,6.0
197819248,Jawa Barat,Depok,Depok 1,Teller (KUOTA 50%),Wanita,39,36 - 40 tahun,5 tahun atau lebih,1 minggu 2 kali atau lebih,Menikah,3 anak,Sarjana (S1),Pegawai Negeri Sipil (Bukan Guru),A2 : Rp. 3.000.001 - Rp. 4.500.000,Rp 6.000.001 - Rp 7.500.000,9.0,6.0,6.0,Promoter,5.888888888888889,1.0,4.888888888888889,Loyal Champion,4.0,3.0,6.0,6.0,6.0,6.0,6.0,6.0,,6.0,6.0,6.0,6.0,6.0,6.0,5.0,6.0,6.0,1.0,1.0,1.0,1.0,1.0,1.0,1.0
197819343,Banten,Pandeglang,Pandeglang 2,CS (KUOTA 50%),Pria,33,31 - 35 tahun,1 tahun s/d 2 tahun 11 bulan,1 minggu 2 kali atau lebih,Menikah,2 anak,Sarjana (S1),Lainnya,C1 : Rp. 1.500.001 - Rp. 2.000.000,Rp. 3.000.001 - Rp. 4.500.000,8.0,6.0,6.0,Passive,6.0,1.0,5.0,Unknown,,3.0,6.0,5.0,6.0,6.0,6.0,,6.0,6.0,6.0,6.0,6.0,6.0,6.0,6.0,6.0,6.0,1.0,1.0,1.0,1.0,1.0,1.0,1.0
197820355,Jawa Barat,Cirebon,Cirebon 1,CS (KUOTA 50%),Pria,50,46 - 50 tahun,5 tahun atau lebih,1 minggu 2 kali atau lebih,Menikah,2 anak,SLTA,Pegawai Negeri Sipil (Bukan Guru),A1.1 : Rp 6.000.001 - Rp 7.500.000,Rp 9.000.001- Rp 10.500.000,10.0,6.0,6.0,Promoter,6.0,1.0,5.0,Loyal Champion,4.0,3.0,6.0,6.0,6.0,6.0,6.0,,6.0,6.0,6.0,6.0,6.0,6.0,6.0,6.0,6.0,6.0,1.0,1.0,1.0,1.0,1.0,1.0,1.0
197821409,Jawa Barat,Cirebon,Cirebon 2,CS (KUOTA 50%),Pria,37,36 - 40 tahun,3 tahun s/d 4 tahun 11 bulan,1 bulan sekali,Menikah,1 anak,SLTA,Pegawai/Karyawan Swasta,A2 : Rp. 3.000.001 - Rp. 4.500.000,Rp. 4.500.000 - Rp 6.000.000,9.0,6.0,6.0,Promoter,5.444444444444445,1.7142857142857142,3.7301587301587302,Unknown,,,6.0,6.0,6.0,6.0,6.0,,6.0,5.0,6.0,6.0,6.0,6.0,5.0,5.0,5.0,5.0,1.0,1.0,1.0,1.0,1.0,6.0,1.0
197821812,Jawa Barat,Bekasi,Bekasi 3,CS (KUOTA 50%),Wanita,40,36 - 40 tahun,5 tahun atau lebih,1 minggu 2 kali atau lebih,Menikah,2 anak,SLTA,Pegawai/Karyawan Swasta,A2 : Rp. 3.000.001 - Rp. 4.500.000,Rp 7.500.001- Rp 9.000.000,10.0,6.0,6.0,Promoter,6.0,1.0,5.0,Loyal Champion,4.0,3.0,6.0,6.0,6.0,6.0,6.0,6.0,6.0,6.0,6.0,6.0,6.0,6.0,6.0,6.0,6.0,6.0,1.0,1.0,1.0,1.0,1.0,1.0,1.0
197822274,Sumatera Selatan,Ogan Ilir,Ogan Ilir 1,Teller (KUOTA 50%),Pria,25,20 - 25 tahun,1 tahun s/d 2 tahun 11 bulan,2 minggu sekali,Belum menikah,Tidak memiliki anak,SLTA,Pegawai/Karyawan Swasta,B : Rp. 2.000.001 - Rp. 3.000.000,Rp. 4.500.000 - Rp 6.000.000,10.0,6.0,6.0,Promoter,6.0,1.5714285714285714,4.428571428571429,Unknown,,,6.0,5.0,6.0,6.0,6.0,6.0,,6.0,6.0,6.0,6.0,6.0,6.0,6.0,6.0,6.0,1.0,2.0,2.0,2.0,1.0,2.0,1.0
197822275,Sumatera Selatan,Ogan Ilir,Ogan Ilir 1,CS (KUOTA 50%),Wanita,21,20 - 25 tahun,1 tahun s/d 2 tahun 11 bulan,2 minggu sekali,Belum menikah,Tidak memiliki anak,Sarjana (S1),Guru (Non PNS),A1 : Rp. 4.500.000 - Rp 6.000.000,Rp 9.000.001- Rp 10.500.000,10.0,6.0,5.0,Promoter,5.444444444444445,1.1428571428571428,4.301587301587302,Unknown,,,6.0,6.0,6.0,6.0,6.0,,6.0,5.0,5.0,6.0,6.0,6.0,5.0,5.0,5.0,6.0,1.0,1.0,1.0,2.0,1.0,1.0,1.0
197822276,Sumatera Selatan,Ogan Ilir,Ogan Ilir 1,Teller (KUOTA 50%),Wanita,19,17 -19 tahun,1 tahun s/d 2 tahun 11 bulan,2 minggu sekali,Belum menikah,Tidak memiliki anak,SLTA,Pegawai/Karyawan Swasta,C1 : Rp. 1.500.001 - Rp. 2.000.000,Rp. 2.000.001 - Rp. 3.000.000,10.0,6.0,6.0,Promoter,6.0,2.142857142857143,3.857142857142857,Unknown,,,6.0,6.0,6.0,6.0,6.0,6.0,,6.0,6.0,6.0,6.0,6.0,6.0,6.0,6.0,6.0,2.0,3.0,2.0,1.0,2.0,2.0,3.0
197823139,Jawa Tengah,Banyumas,Banyumas 1,CS (KUOTA 50%),Pria,30,26 - 30 tahun,3 bulan s/d 11 bulan,1 minggu sekali,Menikah,1 anak,Paska Sarjana (S2),Pegawai Negeri Sipil (Bukan Guru),A1.1 : Rp 6.000.001 - Rp 7.500.000,Rp 10.500.0001 - Rp 15.000.000,8.0,5.0,5.0,Passive,5.0,1.0,4.0,Unknown,,,5.0,4.0,5.0,5.0,5.0,5.0,5.0,5.0,5.0,6.0,5.0,5.0,5.0,5.0,5.0,4.0,1.0,1.0,1.0,1.0,1.0,1.0,1.0
197828108,Kalimantan Selatan,Banjarmasin,Banjarmasin 1,Teller (KUOTA 50%),Pria,22,20 - 25 tahun,1 tahun s/d 2 tahun 11 bulan,1 minggu 2 kali atau lebih,Belum menikah,Tidak memiliki anak,SLTA,Pegawai/Karyawan Swasta,A2 : Rp. 3.000.001 - Rp. 4.500.000,Rp 6.000.001 - Rp 7.500.000,10.0,6.0,6.0,Promoter,6.0,1.0,5.0,Unknown,,3.0,6.0,6.0,6.0,6.0,6.0,6.0,,6.0,6.0,6.0,6.0,6.0,6.0,6.0,6.0,6.0,1.0,1.0,1.0,1.0,1.0,1.0,1.0
197828109,Kalimantan Selatan,Banjarmasin,Banjarmasin 1,Teller (KUOTA 50%),Wanita,24,20 - 25 tahun,1 tahun s/d 2 tahun 11 bulan,2 minggu sekali,Belum menikah,Tidak memiliki anak,Sarjana (S1),Pegawai/Karyawan Swasta,A1.1 : Rp 6.000.001 - Rp 7.500.000,Rp 7.500.001- Rp 9.000.000,10.0,6.0,6.0,Promoter,6.0,1.0,5.0,Unknown,,,6.0,6.0,6.0,6.0,6.0,6.0,,6.0,6.0,6.0,6.0,6.0,6.0,6.0,6.0,6.0,1.0,1.0,1.0,1.0,1.0,1.0,1.0
197828967,Kalimantan Selatan,Banjarmasin,Banjarmasin 1,CS (KUOTA 50%),Pria,25,20 - 25 tahun,1 tahun s/d 2 tahun 11 bulan,1 minggu 2 kali atau lebih,Belum menikah,Tidak memiliki anak,SLTA,Pegawai/Karyawan Swasta,C1 : Rp. 1.500.001 - Rp. 2.000.000,Rp. 1.500.001 - Rp. 2.000.000,10.0,6.0,6.0,Promoter,6.0,1.0,5.0,Unknown,,3.0,6.0,6.0,6.0,6.0,6.0,,6.0,6.0,6.0,6.0,6.0,6.0,6.0,6.0,6.0,6.0,1.0,1.0,1.0,1.0,1.0,1.0,1.0
197831505,Sumatera Utara,Medan,Medan 1,CS (KUOTA 50%),Wanita,34,31 - 35 tahun,3 tahun s/d 4 tahun 11 bulan,1 bulan sekali,Belum menikah,Tidak memiliki anak,Sarjana (S1),Guru (Non PNS),C1 : Rp. 1.500.001 - Rp. 2.000.000,Rp. 1.500.001 - Rp. 2.000.000,5.0,5.0,5.0,Detractor,5.888888888888889,1.0,4.888888888888889,Unknown,,,6.0,6.0,5.0,6.0,6.0,,6.0,6.0,6.0,6.0,6.0,6.0,6.0,6.0,5.0,6.0,1.0,1.0,1.0,1.0,1.0,1.0,1.0
197837058,DKI Jakarta,Jakarta Barat,Jakarta Barat 1,CS (KUOTA 50%),Pria,50,46 - 50 tahun,5 tahun atau lebih,1 minggu 2 kali atau lebih,Menikah,2 anak,Akademi/D3,Pegawai/Karyawan Swasta,A1.3 : Rp 9.000.001- Rp 10.500.000,Rp 10.500.0001 - Rp 15.000.000,10.0,5.0,5.0,Promoter,5.444444444444445,5.428571428571429,0.015873015873015817,Loyal Champion,4.0,3.0,6.0,6.0,5.0,6.0,6.0,5.0,6.0,6.0,6.0,5.0,5.0,5.0,6.0,6.0,5.0,5.0,6.0,6.0,6.0,5.0,5.0,5.0,5.0
197840220,Lampung,Bandar Lampung,Bandar Lampung 1,Teller (KUOTA 50%),Pria,27,26 - 30 tahun,1 tahun s/d 2 tahun 11 bulan,2 minggu sekali,Menikah,2 anak,SLTA,Pegawai/Karyawan Swasta,B : Rp. 2.000.001 - Rp. 3.000.000,Rp. 3.000.001 - Rp. 4.500.000,9.0,5.0,6.0,Promoter,5.0,1.1428571428571428,3.857142857142857,Unknown,,,4.0,5.0,5.0,5.0,5.0,5.0,,5.0,5.0,5.0,5.0,5.0,5.0,5.0,5.0,5.0,1.0,1.0,1.0,1.0,1.0,1.0,2.0
197857567,Jawa Tengah,Semarang,Semarang 1,Teller (KUOTA 50%),Wanita,49,46 - 50 tahun,5 tahun atau lebih,2 minggu sekali,Menikah,2 anak,Sarjana (S1),Wiraswasta/Pengusaha/Pedagang,A2 : Rp. 3.000.001 - Rp. 4.500.000,Rp. 3.000.001 - Rp. 4.500.000,10.0,6.0,6.0,Promoter,6.0,6.0,0.0,Satisfied,4.0,,6.0,6.0,6.0,6.0,6.0,6.0,,6.0,6.0,6.0,6.0,6.0,6.0,6.0,6.0,6.0,6.0,6.0,6.0,6.0,6.0,6.0,6.0
197862713,Jawa Tengah,Semarang,Semarang 1,Teller (KUOTA 50%),Pria,24,20 - 25 tahun,1 tahun s/d 2 tahun 11 bulan,2 minggu sekali,Belum menikah,Tidak memiliki anak,Sarjana (S1),Wiraswasta/Pengusaha/Pedagang,A1.1 : Rp 6.000.001 - Rp 7.500.000,Rp 6.000.001 - Rp 7.500.000,10.0,6.0,6.0,Promoter,6.0,6.0,0.0,Unknown,,,6.0,6.0,6.0,6.0,6.0,6.0,,6.0,6.0,6.0,6.0,6.0,6.0,6.0,6.0,6.0,6.0,6.0,6.0,6.0,6.0,6.0,6.0
197862925,Jawa Tengah,Semarang,Semarang 1,CS (KUOTA 50%),Pria,24,20 - 25 tahun,1 tahun s/d 2 tahun 11 bulan,2 minggu sekali,Menikah,Tidak memiliki anak,SLTA,Pegawai/Karyawan Swasta,A1 : Rp. 4.500.000 - Rp 6.000.000,Rp. 4.500.000 - Rp 6.000.000,10.0,6.0,6.0,Promoter,6.0,6.0,0.0,Unknown,,,6.0,6.0,6.0,6.0,6.0,,6.0,6.0,6.0,6.0,6.0,6.0,6.0,6.0,6.0,6.0,6.0,6.0,6.0,6.0,6.0,6.0,6.0
197866931,Banten,Lebak,Lebak 1,CS (KUOTA 50%),Wanita,20,20 - 25 tahun,1 tahun s/d 2 tahun 11 bulan,1 minggu 2 kali atau lebih,Belum menikah,Tidak memiliki anak,Akademi/D3,Wiraswasta/Pengusaha/Pedagang,A2 : Rp. 3.000.001 - Rp. 4.500.000,Rp. 4.500.000 - Rp 6.000.000,10.0,6.0,6.0,Promoter,5.888888888888889,1.1428571428571428,4.746031746031747,Unknown,,3.0,6.0,6.0,6.0,6.0,6.0,,6.0,6.0,6.0,6.0,6.0,6.0,6.0,5.0,6.0,6.0,1.0,1.0,1.0,1.0,1.0,1.0,2.0
197867682,Jawa Barat,Cianjur,Cianjur 1,CS (KUOTA 50%),Pria,46,46 - 50 tahun,5 tahun atau lebih,2 minggu sekali,Menikah,2 anak,Paska Sarjana (S2),Pegawai Negeri Sipil (Guru),A1 : Rp. 4.500.000 - Rp 6.000.000,Rp 9.000.001- Rp 10.500.000,10.0,6.0,6.0,Promoter,6.0,1.7142857142857142,4.285714285714286,Satisfied,4.0,,6.0,6.0,6.0,6.0,6.0,,6.0,6.0,6.0,6.0,6.0,6.0,6.0,6.0,6.0,6.0,1.0,1.0,1.0,6.0,1.0,1.0,1.0
197867905,Kepulauan Riau,Batam,Batam 1,Teller (KUOTA 50%),Pria,50,46 - 50 tahun,5 tahun atau lebih,1 bulan sekali,Menikah,2 anak,SLTA,Wiraswasta/Pengusaha/Pedagang,A1 : Rp. 4.500.000 - Rp 6.000.000,Rp. 4.500.000 - Rp 6.000.000,9.0,6.0,6.0,Promoter,5.333333333333333,3.2857142857142856,2.0476190476190474,Satisfied,4.0,,6.0,6.0,6.0,6.0,6.0,6.0,,6.0,5.0,6.0,5.0,3.0,5.0,6.0,6.0,6.0,2.0,3.0,4.0,6.0,2.0,4.0,2.0
197868012,Jawa Barat,Banjar,Banjar 1,Teller (KUOTA 50%),Pria,41,41 - 45 tahun,5 tahun atau lebih,1 minggu 2 kali atau lebih,Menikah,2 anak,SLTA,Wiraswasta/Pengusaha/Pedagang,A2 : Rp. 3.000.001 - Rp. 4.500.000,Rp 7.500.001- Rp 9.000.000,10.0,6.0,6.0,Promoter,6.0,1.0,5.0,Loyal Champion,4.0,3.0,6.0,6.0,6.0,6.0,6.0,6.0,6.0,6.0,6.0,6.0,6.0,6.0,6.0,6.0,6.0,6.0,1.0,1.0,1.0,1.0,1.0,1.0,1.0
197868344,Jawa Barat,Bandung,Bandung 1,Teller (KUOTA 50%),Wanita,22,20 - 25 tahun,3 tahun s/d 4 tahun 11 bulan,1 minggu 2 kali atau lebih,Belum menikah,Tidak memiliki anak,SLTA,Mahasiswa/i,A1.1 : Rp 6.000.001 - Rp 7.500.000,Rp 9.000.001- Rp 10.500.000,9.0,5.0,5.0,Promoter,5.111111111111111,1.0,4.111111111111111,Unknown,,3.0,6.0,5.0,5.0,5.0,6.0,5.0,,5.0,5.0,6.0,5.0,5.0,5.0,5.0,5.0,5.0,1.0,1.0,1.0,1.0,1.0,1.0,1.0
197868357,Jawa Barat,Bogor,Bogor 1,CS (KUOTA 50%),Pria,40,36 - 40 tahun,3 tahun s/d 4 tahun 11 bulan,1 bulan sekali,Menikah,3 anak,Sarjana (S1),Pegawai Negeri Sipil (Guru),A1 : Rp. 4.500.000 - Rp 6.000.000,Rp 7.500.001- Rp 9.000.000,5.0,5.0,5.0,Detractor,4.777777777777778,1.8571428571428572,2.9206349206349205,Unknown,,,5.0,3.0,4.0,4.0,5.0,,5.0,4.0,5.0,5.0,5.0,5.0,5.0,4.0,5.0,5.0,3.0,1.0,1.0,1.0,2.0,3.0,2.0
197868400,Jawa Barat,Bandung,Bandung 10,CS (KUOTA 50%),Pria,45,41 - 45 tahun,5 tahun atau lebih,1 minggu 2 kali atau lebih,Menikah,2 anak,SLTA,Pegawai/Karyawan Swasta,B : Rp. 2.000.001 - Rp. 3.000.000,Rp 7.500.001- Rp 9.000.000,9.0,6.0,6.0,Promoter,5.777777777777778,1.7142857142857142,4.063492063492063,Loyal Champion,4.0,3.0,6.0,6.0,6.0,6.0,6.0,,6.0,5.0,6.0,6.0,6.0,6.0,6.0,6.0,6.0,5.0,1.0,1.0,1.0,1.0,1.0,6.0,1.0
197868732,Jawa Barat,Bandung,Bandung 2,Teller (KUOTA 50%),Pria,45,41 - 45 tahun,5 tahun atau lebih,1 minggu sekali,Menikah,3 anak,SLTA,Pegawai/Karyawan Swasta,A1.1 : Rp 6.000.001 - Rp 7.500.000,Rp 6.000.001 - Rp 7.500.000,10.0,6.0,6.0,Promoter,6.0,1.0,5.0,Satisfied,4.0,,6.0,6.0,6.0,6.0,6.0,6.0,,6.0,6.0,6.0,6.0,6.0,6.0,6.0,6.0,6.0,1.0,1.0,1.0,1.0,1.0,1.0,1.0
197868789,Jawa Barat,Sukabumi,Sukabumi 3,CS (KUOTA 50%),Pria,36,36 - 40 tahun,5 tahun atau lebih,1 minggu sekali,Menikah,2 anak,SLTA,Tenaga Honorer,B : Rp. 2.000.001 - Rp. 3.000.000,Rp. 2.000.001 - Rp. 3.000.000,10.0,6.0,6.0,Promoter,5.888888888888889,5.571428571428571,0.3174603174603181,Satisfied,4.0,,6.0,6.0,6.0,6.0,6.0,,6.0,6.0,6.0,6.0,6.0,6.0,6.0,6.0,6.0,5.0,5.0,6.0,6.0,5.0,6.0,6.0,5.0
197868830,Banten,Cilegon,Cilegon 2,CS (KUOTA 50%),Wanita,26,26 - 30 tahun,5 tahun atau lebih,1 minggu 2 kali atau lebih,Menikah,1 anak,Sarjana (S1),Tenaga Honorer,B : Rp. 2.000.001 - Rp. 3.000.000,Rp. 4.500.000 - Rp 6.000.000,10.0,6.0,6.0,Promoter,5.888888888888889,1.0,4.888888888888889,Loyal Champion,4.0,3.0,6.0,6.0,6.0,6.0,6.0,,6.0,6.0,6.0,6.0,6.0,6.0,6.0,5.0,6.0,6.0,1.0,1.0,1.0,1.0,1.0,1.0,1.0
197868847,Kalimantan Selatan,Banjarmasin,Banjarmasin 1,Teller (KUOTA 50%),Pria,20,20 - 25 tahun,3 tahun s/d 4 tahun 11 bulan,1 minggu sekali,Belum menikah,Tidak memiliki anak,SLTA,Pegawai/Karyawan Swasta,C1 : Rp. 1.500.001 - Rp. 2.000.000,Rp. 3.000.001 - Rp. 4.500.000,10.0,6.0,6.0,Promoter,6.0,1.0,5.0,Unknown,,,6.0,6.0,6.0,6.0,6.0,6.0,,6.0,6.0,6.0,6.0,6.0,6.0,6.0,6.0,6.0,1.0,1.0,1.0,1.0,1.0,1.0,1.0
197868901,Jawa Barat,Ciamis,Ciamis 2,CS (KUOTA 50%),Wanita,45,41 - 45 tahun,5 tahun atau lebih,2 minggu sekali,Menikah,1 anak,Sarjana (S1),Pegawai Negeri Sipil (Guru),A2 : Rp. 3.000.001 - Rp. 4.500.000,Rp 6.000.001 - Rp 7.500.000,10.0,6.0,6.0,Promoter,6.0,1.0,5.0,Satisfied,4.0,,6.0,6.0,6.0,6.0,6.0,6.0,6.0,6.0,6.0,6.0,6.0,6.0,6.0,6.0,6.0,6.0,1.0,1.0,1.0,1.0,1.0,1.0,1.0
197869089,Jawa Barat,Banjar,Banjar 1,CS (KUOTA 50%),Pria,28,26 - 30 tahun,5 tahun atau lebih,1 bulan sekali,Menikah,1 anak,SLTA,Pegawai/Karyawan Swasta,C2 : Rp. 1.000.001 - Rp. 1.500.000,Rp. 1.500.001 - Rp. 2.000.000,10.0,6.0,6.0,Promoter,6.0,1.0,5.0,Satisfied,4.0,,6.0,6.0,6.0,6.0,6.0,6.0,6.0,6.0,6.0,6.0,6.0,6.0,6.0,6.0,6.0,6.0,1.0,1.0,1.0,1.0,1.0,1.0,1.0
197869091,Jawa Barat,Bandung,Bandung 10,Teller (KUOTA 50%),Wanita,46,46 - 50 tahun,5 tahun atau lebih,1 minggu 2 kali atau lebih,Menikah,3 anak,Akademi/D3,Pegawai Negeri Sipil (Bukan Guru),A1 : Rp. 4.500.000 - Rp 6.000.000,Rp 9.000.001- Rp 10.500.000,9.0,6.0,6.0,Promoter,6.0,1.0,5.0,Loyal Champion,4.0,3.0,6.0,6.0,6.0,6.0,6.0,6.0,,6.0,6.0,6.0,6.0,6.0,6.0,6.0,6.0,6.0,1.0,1.0,1.0,1.0,1.0,1.0,1.0
197869114,Jawa Barat,Bandung,Bandung 10,Teller (KUOTA 50%),Wanita,49,46 - 50 tahun,5 tahun atau lebih,1 bulan sekali,Menikah,2 anak,Sarjana (S1),Ibu Rumah Tangga,A1 : Rp. 4.500.000 - Rp 6.000.000,Rp 9.000.001- Rp 10.500.000,9.0,6.0,6.0,Promoter,5.555555555555555,1.0,4.555555555555555,Satisfied,4.0,,6.0,6.0,6.0,6.0,6.0,6.0,,5.0,6.0,6.0,5.0,6.0,6.0,5.0,6.0,5.0,1.0,1.0,1.0,1.0,1.0,1.0,1.0
197869178,Jawa Barat,Bekasi,Bekasi 2,CS (KUOTA 50%),Pria,40,36 - 40 tahun,5 tahun atau lebih,1 bulan sekali,Menikah,2 anak,SLTA,Pegawai/Karyawan Swasta,A2 : Rp. 3.000.001 - Rp. 4.500.000,Rp 6.000.001 - Rp 7.500.000,10.0,6.0,6.0,Promoter,6.0,1.0,5.0,Satisfied,4.0,,6.0,6.0,6.0,6.0,6.0,6.0,6.0,6.0,6.0,6.0,6.0,6.0,6.0,6.0,6.0,6.0,1.0,1.0,1.0,1.0,1.0,1.0,1.0
197869289,Banten,Tangerang,Tangerang 1,CS (KUOTA 50%),Wanita,34,31 - 35 tahun,3 tahun s/d 4 tahun 11 bulan,1 minggu sekali,Menikah,2 anak,Sarjana (S1),Pegawai/Karyawan Swasta,A2 : Rp. 3.000.001 - Rp. 4.500.000,Rp. 4.500.000 - Rp 6.000.000,8.0,6.0,6.0,Passive,5.111111111111111,1.0,4.111111111111111,Unknown,,,6.0,5.0,6.0,6.0,6.0,6.0,6.0,1.0,6.0,6.0,6.0,6.0,6.0,5.0,5.0,5.0,1.0,1.0,1.0,1.0,1.0,1.0,1.0
197869456,Jawa Barat,Indramayu,Indramayu 3,Teller (KUOTA 50%),Pria,44,41 - 45 tahun,1 tahun s/d 2 tahun 11 bulan,1 minggu sekali,Menikah,2 anak,SLTP,Wiraswasta/Pengusaha/Pedagang,B : Rp. 2.000.001 - Rp. 3.000.000,Rp. 3.000.001 - Rp. 4.500.000,10.0,6.0,6.0,Promoter,6.0,1.0,5.0,Unknown,,,6.0,6.0,6.0,6.0,6.0,6.0,,6.0,6.0,6.0,6.0,6.0,6.0,6.0,6.0,6.0,1.0,1.0,1.0,1.0,1.0,1.0,1.0
197869485,Jawa Barat,Indramayu,Indramayu 3,Teller (KUOTA 50%),Pria,35,31 - 35 tahun,1 tahun s/d 2 tahun 11 bulan,1 minggu sekali,Menikah,2 anak,SLTA,Wiraswasta/Pengusaha/Pedagang,A1 : Rp. 4.500.000 - Rp 6.000.000,Rp. 3.000.001 - Rp. 4.500.000,10.0,6.0,6.0,Promoter,5.888888888888889,1.1428571428571428,4.746031746031747,Unknown,,,6.0,6.0,6.0,6.0,6.0,6.0,6.0,5.0,6.0,6.0,6.0,6.0,6.0,6.0,6.0,6.0,1.0,1.0,1.0,1.0,1.0,1.0,2.0
197869488,Jawa Barat,Bandung,Bandung 1,CS (KUOTA 50%),Wanita,20,20 - 25 tahun,1 tahun s/d 2 tahun 11 bulan,1 minggu sekali,Belum menikah,Tidak memiliki anak,SLTA,Mahasiswa/i,A1.1 : Rp 6.000.001 - Rp 7.500.000,Rp 9.000.001- Rp 10.500.000,8.0,5.0,5.0,Passive,4.777777777777778,2.0,2.7777777777777777,Unknown,,,5.0,4.0,5.0,5.0,5.0,,5.0,5.0,5.0,5.0,5.0,5.0,5.0,4.0,4.0,5.0,2.0,2.0,2.0,2.0,2.0,2.0,2.0
197869664,Jawa Barat,Cianjur,Cianjur 1,CS (KUOTA 50%),Pria,35,31 - 35 tahun,5 tahun atau lebih,1 bulan sekali,Menikah,Tidak memiliki anak,SLTA,Pegawai Negeri Sipil (Bukan Guru),B : Rp. 2.000.001 - Rp. 3.000.000,Rp. 3.000.001 - Rp. 4.500.000,10.0,6.0,6.0,Promoter,6.0,1.7142857142857142,4.285714285714286,Satisfied,4.0,,5.0,6.0,6.0,6.0,6.0,,6.0,6.0,6.0,6.0,6.0,6.0,6.0,6.0,6.0,6.0,1.0,1.0,1.0,1.0,6.0,1.0,1.0
197869679,Banten,Pandeglang,Pandeglang 1,Teller (KUOTA 50%),Pria,39,36 - 40 tahun,5 tahun atau lebih,1 minggu 2 kali atau lebih,Menikah,3 anak,SLTA,Wiraswasta/Pengusaha/Pedagang,B : Rp. 2.000.001 - Rp. 3.000.000,Rp. 3.000.001 - Rp. 4.500.000,10.0,6.0,6.0,Promoter,6.0,1.0,5.0,Loyal Champion,4.0,3.0,6.0,6.0,6.0,6.0,6.0,6.0,6.0,6.0,6.0,6.0,6.0,6.0,6.0,6.0,6.0,6.0,1.0,1.0,1.0,1.0,1.0,1.0,1.0
197869792,Jawa Barat,Bandung,Bandung 11,CS (KUOTA 50%),Wanita,30,26 - 30 tahun,5 tahun atau lebih,2 minggu sekali,Menikah,1 anak,Sarjana (S1),Guru (Non PNS),B : Rp. 2.000.001 - Rp. 3.000.000,Rp. 3.000.001 - Rp. 4.500.000,10.0,6.0,5.0,Promoter,5.0,2.857142857142857,2.142857142857143,Satisfied,4.0,,6.0,6.0,6.0,6.0,6.0,,6.0,5.0,5.0,5.0,5.0,5.0,5.0,5.0,5.0,5.0,2.0,2.0,2.0,2.0,2.0,5.0,5.0
197869808,Jawa Barat,Subang,Subang 2,Teller (KUOTA 50%),Pria,49,46 - 50 tahun,5 tahun atau lebih,1 bulan sekali,Menikah,4 anak,SLTA,Perangkat Desa (Camat/Lurah/RW),A2 : Rp. 3.000.001 - Rp. 4.500.000,Rp. 3.000.001 - Rp. 4.500.000,9.0,6.0,6.0,Promoter,6.0,1.0,5.0,Satisfied,4.0,,6.0,6.0,6.0,6.0,6.0,6.0,6.0,6.0,6.0,6.0,6.0,6.0,6.0,6.0,6.0,6.0,1.0,1.0,1.0,1.0,1.0,1.0,1.0
197869838,Jawa Barat,Subang,Subang 2,Teller (KUOTA 50%),Wanita,42,41 - 45 tahun,5 tahun atau lebih,1 minggu 2 kali atau lebih,Duda / Janda,2 anak,Akademi/D3,Pegawai Negeri Sipil (Bukan Guru),A2 : Rp. 3.000.001 - Rp. 4.500.000,Rp 7.500.001- Rp 9.000.000,10.0,6.0,6.0,Promoter,6.0,1.0,5.0,Loyal Champion,4.0,3.0,6.0,6.0,6.0,6.0,6.0,6.0,6.0,6.0,6.0,6.0,6.0,6.0,6.0,6.0,6.0,6.0,1.0,1.0,1.0,1.0,1.0,1.0,1.0
197869901,Jawa Barat,Sukabumi,Sukabumi 3,Teller (KUOTA 50%),Pria,30,26 - 30 tahun,5 tahun atau lebih,2 minggu sekali,Menikah,2 anak,Sarjana (S1),Pegawai Negeri Sipil (Guru),B : Rp. 2.000.001 - Rp. 3.000.000,Rp 6.000.001 - Rp 7.500.000,10.0,6.0,6.0,Promoter,6.0,1.0,5.0,Satisfied,4.0,,6.0,6.0,6.0,6.0,6.0,6.0,,6.0,6.0,6.0,6.0,6.0,6.0,6.0,6.0,6.0,1.0,1.0,1.0,1.0,1.0,1.0,1.0
197869915,Jawa Barat,Bandung,Bandung 12,Teller (KUOTA 50%),Wanita,47,46 - 50 tahun,5 tahun atau lebih,2 minggu sekali,Menikah,3 anak,Paska Sarjana (S2),Pegawai Negeri Sipil (Guru),A1 : Rp. 4.500.000 - Rp 6.000.000,Rp 6.000.001 - Rp 7.500.000,10.0,6.0,6.0,Promoter,6.0,1.0,5.0,Satisfied,4.0,,6.0,6.0,6.0,6.0,6.0,6.0,,6.0,6.0,6.0,6.0,6.0,6.0,6.0,6.0,6.0,1.0,1.0,1.0,1.0,1.0,1.0,1.0
197869932,Jawa Barat,Bandung,Bandung 10,Teller (KUOTA 50%),Wanita,22,20 - 25 tahun,5 tahun atau lebih,2 minggu sekali,Belum menikah,Tidak memiliki anak,SLTA,Mahasiswa/i,A1.2 : Rp 7.500.001- Rp 9.000.000,Rp 9.000.001- Rp 10.500.000,8.0,6.0,6.0,Passive,5.888888888888889,1.0,4.888888888888889,Passive,4.0,,6.0,5.0,5.0,6.0,6.0,6.0,,5.0,6.0,6.0,6.0,6.0,6.0,6.0,6.0,6.0,1.0,1.0,1.0,1.0,1.0,1.0,1.0
197869935,Banten,Pandeglang,Pandeglang 3,Teller (KUOTA 50%),Pria,43,41 - 45 tahun,3 tahun s/d 4 tahun 11 bulan,1 minggu 2 kali atau lebih,Menikah,2 anak,Sarjana (S1),Pegawai/Karyawan Swasta,A1 : Rp. 4.500.000 - Rp 6.000.000,Rp. 4.500.000 - Rp 6.000.000,10.0,6.0,6.0,Promoter,5.666666666666667,1.7142857142857142,3.9523809523809526,Unknown,,3.0,6.0,5.0,5.0,6.0,6.0,6.0,,5.0,6.0,6.0,6.0,6.0,5.0,5.0,6.0,6.0,2.0,2.0,2.0,2.0,1.0,1.0,2.0
197869940,Sumatera Selatan,Ogan Ilir,Ogan Ilir 1,Teller (KUOTA 50%),Pria,49,46 - 50 tahun,1 tahun s/d 2 tahun 11 bulan,1 minggu sekali,Menikah,3 anak,Sarjana (S1),Wiraswasta/Pengusaha/Pedagang,A1.5 : Rp 15.000.001- Rp 20.000.000,Di atas Rp 25.000.000,10.0,6.0,6.0,Promoter,6.0,1.0,5.0,Unknown,,,6.0,6.0,6.0,6.0,6.0,6.0,,6.0,6.0,6.0,6.0,6.0,6.0,6.0,6.0,6.0,1.0,1.0,1.0,1.0,1.0,1.0,1.0
197869956,Banten,Cilegon,Cilegon 2,CS (KUOTA 50%),Pria,41,41 - 45 tahun,5 tahun atau lebih,1 minggu 2 kali atau lebih,Menikah,3 anak,Paska Sarjana (S2),Wiraswasta/Pengusaha/Pedagang,A1.4 : Rp 10.500.0001 - Rp 15.000.000,Rp 20.000.001 - Rp 25.000.000,10.0,6.0,6.0,Promoter,6.0,1.0,5.0,Loyal Champion,4.0,3.0,6.0,6.0,6.0,6.0,6.0,,6.0,6.0,6.0,6.0,6.0,6.0,6.0,6.0,6.0,6.0,1.0,1.0,1.0,1.0,1.0,1.0,1.0
197870019,Jawa Barat,Garut,Garut 1,CS (KUOTA 50%),Wanita,33,31 - 35 tahun,5 tahun atau lebih,2 minggu sekali,Duda / Janda,1 anak,Sarjana (S1),Pegawai/Karyawan Swasta,C1 : Rp. 1.500.001 - Rp. 2.000.000,Rp. 3.000.001 - Rp. 4.500.000,9.0,6.0,6.0,Promoter,6.0,1.0,5.0,Satisfied,4.0,,6.0,6.0,6.0,6.0,6.0,,6.0,6.0,6.0,6.0,6.0,6.0,6.0,6.0,6.0,6.0,1.0,1.0,1.0,1.0,1.0,1.0,1.0
197870027,Jawa Barat,Ciamis,Ciamis 2,Teller (KUOTA 50%),Pria,43,41 - 45 tahun,5 tahun atau lebih,1 minggu 2 kali atau lebih,Menikah,2 anak,SLTA,Wiraswasta/Pengusaha/Pedagang,A2 : Rp. 3.000.001 - Rp. 4.500.000,Rp 6.000.001 - Rp 7.500.000,10.0,6.0,6.0,Promoter,6.0,1.0,5.0,Loyal Champion,4.0,3.0,6.0,6.0,6.0,6.0,6.0,6.0,6.0,6.0,6.0,6.0,6.0,6.0,6.0,6.0,6.0,6.0,1.0,1.0,1.0,1.0,1.0,1.0,1.0
197870046,Jawa Barat,Indramayu,Indramayu 3,Teller (KUOTA 50%),Pria,35,31 - 35 tahun,5 tahun atau lebih,1 minggu 2 kali atau lebih,Menikah,3 anak,Sarjana (S1),Pegawai/Karyawan Swasta,A1 : Rp. 4.500.000 - Rp 6.000.000,Rp 10.500.0001 - Rp 15.000.000,10.0,6.0,6.0,Promoter,6.0,1.7142857142857142,4.285714285714286,Loyal Champion,4.0,3.0,6.0,6.0,6.0,6.0,6.0,6.0,,6.0,6.0,6.0,6.0,6.0,6.0,6.0,6.0,6.0,1.0,1.0,1.0,6.0,1.0,1.0,1.0
197870063,Banten,Pandeglang,Pandeglang 3,Teller (KUOTA 50%),Wanita,35,31 - 35 tahun,5 tahun atau lebih,1 minggu 2 kali atau lebih,Menikah,3 anak,Sarjana (S1),Pegawai/Karyawan Swasta,B : Rp. 2.000.001 - Rp. 3.000.000,Rp. 3.000.001 - Rp. 4.500.000,10.0,6.0,6.0,Promoter,6.0,1.0,5.0,Loyal Champion,4.0,3.0,6.0,6.0,6.0,6.0,6.0,6.0,6.0,6.0,6.0,6.0,6.0,6.0,6.0,6.0,6.0,6.0,1.0,1.0,1.0,1.0,1.0,1.0,1.0
197870111,Jawa Barat,Bandung,Bandung 10,CS (KUOTA 50%),Pria,39,36 - 40 tahun,5 tahun atau lebih,1 bulan sekali,Menikah,1 anak,SLTA,Polisi / Tentara / Militer,A1.2 : Rp 7.500.001- Rp 9.000.000,Rp 10.500.0001 - Rp 15.000.000,10.0,6.0,6.0,Promoter,6.0,1.0,5.0,Satisfied,4.0,,6.0,6.0,6.0,6.0,6.0,,6.0,6.0,6.0,6.0,6.0,6.0,6.0,6.0,6.0,6.0,1.0,1.0,1.0,1.0,1.0,1.0,1.0
197870340,Jawa Barat,Banjar,Banjar 1,Teller (KUOTA 50%),Pria,37,36 - 40 tahun,5 tahun atau lebih,2 minggu sekali,Menikah,2 anak,SLTA,Wiraswasta/Pengusaha/Pedagang,C2 : Rp. 1.000.001 - Rp. 1.500.000,Rp. 3.000.001 - Rp. 4.500.000,10.0,6.0,6.0,Promoter,6.0,1.0,5.0,Satisfied,4.0,,6.0,6.0,6.0,6.0,6.0,6.0,6.0,6.0,6.0,6.0,6.0,6.0,6.0,6.0,6.0,6.0,1.0,1.0,1.0,1.0,1.0,1.0,1.0
197870434,Jawa Barat,Bandung,Bandung 5,Teller (KUOTA 50%),Pria,50,46 - 50 tahun,5 tahun atau lebih,1 bulan sekali,Menikah,1 anak,Sarjana (S1),Pegawai/Karyawan Swasta,A1 : Rp. 4.500.000 - Rp 6.000.000,Rp 6.000.001 - Rp 7.500.000,10.0,6.0,6.0,Promoter,6.0,1.0,5.0,Satisfied,4.0,,6.0,6.0,6.0,6.0,6.0,6.0,6.0,6.0,6.0,6.0,6.0,6.0,6.0,6.0,6.0,6.0,1.0,1.0,1.0,1.0,1.0,1.0,1.0
197870469,Jawa Barat,Bandung,Bandung 2,Teller (KUOTA 50%),Pria,43,41 - 45 tahun,5 tahun atau lebih,1 minggu 2 kali atau lebih,Menikah,2 anak,SLTP,Wiraswasta/Pengusaha/Pedagang,A1 : Rp. 4.500.000 - Rp 6.000.000,Rp 6.000.001 - Rp 7.500.000,10.0,6.0,6.0,Promoter,6.0,1.1428571428571428,4.857142857142858,Loyal Champion,4.0,3.0,6.0,6.0,6.0,6.0,6.0,6.0,,6.0,6.0,6.0,6.0,6.0,6.0,6.0,6.0,6.0,1.0,1.0,1.0,1.0,1.0,1.0,2.0
197870471,Jawa Barat,Cianjur,Cianjur 1,Teller (KUOTA 50%),Pria,30,26 - 30 tahun,5 tahun atau lebih,1 minggu 2 kali atau lebih,Menikah,1 anak,SLTA,Pegawai/Karyawan Swasta,B : Rp. 2.000.001 - Rp. 3.000.000,Rp. 3.000.001 - Rp. 4.500.000,10.0,6.0,6.0,Promoter,6.0,1.0,5.0,Loyal Champion,4.0,3.0,6.0,6.0,6.0,6.0,6.0,6.0,,6.0,6.0,6.0,6.0,6.0,6.0,6.0,6.0,6.0,1.0,1.0,1.0,1.0,1.0,1.0,1.0
197870475,Jawa Barat,Bandung,Bandung 10,CS (KUOTA 50%),Pria,34,31 - 35 tahun,5 tahun atau lebih,1 bulan sekali,Menikah,1 anak,Sarjana (S1),Pegawai/Karyawan Swasta,A1.1 : Rp 6.000.001 - Rp 7.500.000,Rp 10.500.0001 - Rp 15.000.000,9.0,6.0,6.0,Promoter,5.777777777777778,1.0,4.777777777777778,Satisfied,4.0,,6.0,5.0,5.0,6.0,6.0,,6.0,6.0,6.0,6.0,5.0,6.0,6.0,5.0,6.0,6.0,1.0,1.0,1.0,1.0,1.0,1.0,1.0
197870522,Jawa Barat,Cianjur,Cianjur 1,Teller (KUOTA 50%),Pria,39,36 - 40 tahun,5 tahun atau lebih,2 minggu sekali,Menikah,2 anak,Sarjana (S1),Tenaga Honorer,A1.3 : Rp 9.000.001- Rp 10.500.000,Rp 10.500.0001 - Rp 15.000.000,10.0,6.0,6.0,Promoter,5.888888888888889,1.7142857142857142,4.174603174603175,Satisfied,4.0,,6.0,6.0,6.0,6.0,6.0,6.0,,6.0,6.0,6.0,6.0,6.0,6.0,5.0,6.0,6.0,1.0,1.0,1.0,1.0,1.0,6.0,1.0
197870557,Jawa Barat,Subang,Subang 2,CS (KUOTA 50%),Pria,40,36 - 40 tahun,5 tahun atau lebih,1 bulan sekali,Menikah,1 anak,Sarjana (S1),Wiraswasta/Pengusaha/Pedagang,A2 : Rp. 3.000.001 - Rp. 4.500.000,Rp. 4.500.000 - Rp 6.000.000,10.0,6.0,6.0,Promoter,6.0,1.0,5.0,Satisfied,4.0,,6.0,6.0,6.0,6.0,6.0,,6.0,6.0,6.0,6.0,6.0,6.0,6.0,6.0,6.0,6.0,1.0,1.0,1.0,1.0,1.0,1.0,1.0
197870565,Jawa Barat,Bekasi,Bekasi 2,Teller (KUOTA 50%),Pria,30,26 - 30 tahun,5 tahun atau lebih,1 bulan sekali,Menikah,1 anak,SLTA,Pegawai/Karyawan Swasta,A2 : Rp. 3.000.001 - Rp. 4.500.000,Rp 6.000.001 - Rp 7.500.000,10.0,6.0,6.0,Promoter,6.0,1.0,5.0,Satisfied,4.0,,6.0,6.0,6.0,6.0,6.0,6.0,6.0,6.0,6.0,6.0,6.0,6.0,6.0,6.0,6.0,6.0,1.0,1.0,1.0,1.0,1.0,1.0,1.0
197870584,Jawa Barat,Majalengka,Majalengka 2,Teller (KUOTA 50%),Pria,37,36 - 40 tahun,5 tahun atau lebih,1 minggu 2 kali atau lebih,Menikah,3 anak,SLTA,Pegawai/Karyawan Swasta,A1.1 : Rp 6.000.001 - Rp 7.500.000,Rp 7.500.001- Rp 9.000.000,10.0,5.0,5.0,Promoter,4.888888888888889,2.4285714285714284,2.460317460317461,Loyal Champion,4.0,3.0,5.0,6.0,6.0,6.0,6.0,6.0,,5.0,5.0,5.0,5.0,4.0,5.0,5.0,5.0,5.0,2.0,3.0,2.0,2.0,2.0,2.0,4.0
197870634,Jawa Barat,Subang,Subang 2,Teller (KUOTA 50%),Wanita,36,36 - 40 tahun,5 tahun atau lebih,2 minggu sekali,Menikah,3 anak,Sarjana (S1),Pegawai Negeri Sipil (Guru),A2 : Rp. 3.000.001 - Rp. 4.500.000,Rp 7.500.001- Rp 9.000.000,10.0,6.0,6.0,Promoter,6.0,1.0,5.0,Satisfied,4.0,,6.0,6.0,6.0,6.0,6.0,6.0,6.0,6.0,6.0,6.0,6.0,6.0,6.0,6.0,6.0,6.0,1.0,1.0,1.0,1.0,1.0,1.0,1.0
197870639,Jawa Barat,Bogor,Bogor 2,CS (KUOTA 50%),Wanita,49,46 - 50 tahun,5 tahun atau lebih,1 minggu 2 kali atau lebih,Menikah,Tidak memiliki anak,Paska Sarjana (S2),Pegawai Negeri Sipil (Guru),A1 : Rp. 4.500.000 - Rp 6.000.000,Rp 7.500.001- Rp 9.000.000,7.0,5.0,5.0,Passive,5.111111111111111,1.7142857142857142,3.3968253968253963,Passive,4.0,3.0,6.0,6.0,6.0,6.0,6.0,,5.0,5.0,5.0,6.0,5.0,6.0,5.0,4.0,5.0,5.0,2.0,1.0,1.0,2.0,2.0,2.0,2.0
197870641,Kepulauan Riau,Batam,Batam 1,Teller (KUOTA 50%),Wanita,50,46 - 50 tahun,3 tahun s/d 4 tahun 11 bulan,1 bulan sekali,Belum menikah,Tidak memiliki anak,SLTA,Pegawai/Karyawan Swasta,A1.1 : Rp 6.000.001 - Rp 7.500.000,Rp 9.000.001- Rp 10.500.000,7.0,5.0,5.0,Passive,4.444444444444445,1.0,3.4444444444444446,Unknown,,,5.0,5.0,5.0,5.0,5.0,5.0,,4.0,5.0,4.0,4.0,5.0,5.0,4.0,5.0,4.0,1.0,1.0,1.0,1.0,1.0,1.0,1.0
197870655,Jawa Barat,Bandung,Bandung 11,Teller (KUOTA 50%),Pria,49,46 - 50 tahun,5 tahun atau lebih,2 minggu sekali,Menikah,2 anak,Akademi/D3,Wiraswasta/Pengusaha/Pedagang,A1.2 : Rp 7.500.001- Rp 9.000.000,Rp 10.500.0001 - Rp 15.000.000,10.0,6.0,6.0,Promoter,5.111111111111111,1.5714285714285714,3.5396825396825395,Satisfied,4.0,,6.0,6.0,6.0,6.0,6.0,6.0,,5.0,5.0,5.0,6.0,5.0,5.0,5.0,5.0,5.0,1.0,1.0,1.0,2.0,2.0,2.0,2.0
197870717,Jawa Barat,Bekasi,Bekasi 1,CS (KUOTA 50%),Wanita,21,20 - 25 tahun,1 tahun s/d 2 tahun 11 bulan,1 minggu sekali,Belum menikah,Tidak memiliki anak,Sarjana (S1),Pegawai/Karyawan Swasta,B : Rp. 2.000.001 - Rp. 3.000.000,Rp. 4.500.000 - Rp 6.000.000,9.0,6.0,6.0,Promoter,6.0,1.0,5.0,Unknown,,,6.0,6.0,6.0,6.0,6.0,6.0,6.0,6.0,6.0,6.0,6.0,6.0,6.0,6.0,6.0,6.0,1.0,1.0,1.0,1.0,1.0,1.0,1.0
197870729,Jawa Barat,Ciamis,Ciamis 2,Teller (KUOTA 50%),Pria,41,41 - 45 tahun,5 tahun atau lebih,2 minggu sekali,Menikah,2 anak,SLTA,Wiraswasta/Pengusaha/Pedagang,A2 : Rp. 3.000.001 - Rp. 4.500.000,Rp 6.000.001 - Rp 7.500.000,10.0,6.0,6.0,Promoter,6.0,1.0,5.0,Satisfied,4.0,,6.0,6.0,6.0,6.0,6.0,6.0,6.0,6.0,6.0,6.0,6.0,6.0,6.0,6.0,6.0,6.0,1.0,1.0,1.0,1.0,1.0,1.0,1.0
197870790,Jawa Barat,Majalengka,Majalengka 2,Teller (KUOTA 50%),Pria,31,31 - 35 tahun,5 tahun atau lebih,1 bulan sekali,Menikah,1 anak,Sarjana (S1),Pegawai/Karyawan Swasta,A2 : Rp. 3.000.001 - Rp. 4.500.000,Rp. 4.500.000 - Rp 6.000.000,10.0,6.0,6.0,Promoter,6.0,1.0,5.0,Satisfied,4.0,,6.0,6.0,6.0,6.0,6.0,6.0,,6.0,6.0,6.0,6.0,6.0,6.0,6.0,6.0,6.0,1.0,1.0,1.0,1.0,1.0,1.0,1.0
197870875,Banten,Pandeglang,Pandeglang 3,Teller (KUOTA 50%),Pria,42,41 - 45 tahun,5 tahun atau lebih,2 minggu sekali,Menikah,2 anak,Sarjana (S1),Pegawai/Karyawan Swasta,C1 : Rp. 1.500.001 - Rp. 2.000.000,Rp. 2.000.001 - Rp. 3.000.000,10.0,6.0,6.0,Promoter,6.0,1.0,5.0,Satisfied,4.0,,6.0,6.0,6.0,6.0,6.0,6.0,,6.0,6.0,6.0,6.0,6.0,6.0,6.0,6.0,6.0,1.0,1.0,1.0,1.0,1.0,1.0,1.0
197870897,Jawa Barat,Tasikmalaya,Tasikmalaya 3,CS (KUOTA 50%),Wanita,33,31 - 35 tahun,5 tahun atau lebih,1 minggu 2 kali atau lebih,Menikah,Tidak memiliki anak,SLTA,Ibu Rumah Tangga,A2 : Rp. 3.000.001 - Rp. 4.500.000,Rp. 4.500.000 - Rp 6.000.000,10.0,6.0,6.0,Promoter,6.0,1.0,5.0,Loyal Champion,4.0,3.0,6.0,6.0,6.0,6.0,6.0,6.0,6.0,6.0,6.0,6.0,6.0,6.0,6.0,6.0,6.0,6.0,1.0,1.0,1.0,1.0,1.0,1.0,1.0
197870904,Jawa Barat,Indramayu,Indramayu 3,CS (KUOTA 50%),Pria,34,31 - 35 tahun,5 tahun atau lebih,1 minggu 2 kali atau lebih,Menikah,2 anak,SLTA,Wiraswasta/Pengusaha/Pedagang,B : Rp. 2.000.001 - Rp. 3.000.000,Rp. 2.000.001 - Rp. 3.000.000,10.0,6.0,6.0,Promoter,6.0,1.0,5.0,Loyal Champion,4.0,3.0,6.0,6.0,6.0,6.0,6.0,,6.0,6.0,6.0,6.0,6.0,6.0,6.0,6.0,6.0,6.0,1.0,1.0,1.0,1.0,1.0,1.0,1.0
197870906,Jawa Barat,Bandung,Bandung 10,CS (KUOTA 50%),Wanita,29,26 - 30 tahun,1 tahun s/d 2 tahun 11 bulan,1 minggu 2 kali atau lebih,Belum menikah,Tidak memiliki anak,Sarjana (S1),Pegawai Negeri Sipil (Bukan Guru),B : Rp. 2.000.001 - Rp. 3.000.000,Rp 6.000.001 - Rp 7.500.000,10.0,6.0,6.0,Promoter,6.0,1.0,5.0,Unknown,,3.0,6.0,6.0,6.0,6.0,6.0,,6.0,6.0,6.0,6.0,6.0,6.0,6.0,6.0,6.0,6.0,1.0,1.0,1.0,1.0,1.0,1.0,1.0
197870974,Jawa Barat,Garut,Garut 1,Teller (KUOTA 50%),Pria,30,26 - 30 tahun,5 tahun atau lebih,1 bulan sekali,Belum menikah,Tidak memiliki anak,SLTA,Pegawai/Karyawan Swasta,C2 : Rp. 1.000.001 - Rp. 1.500.000,Rp. 2.000.001 - Rp. 3.000.000,10.0,6.0,6.0,Promoter,6.0,1.0,5.0,Satisfied,4.0,,6.0,6.0,6.0,6.0,6.0,6.0,,6.0,6.0,6.0,6.0,6.0,6.0,6.0,6.0,6.0,1.0,1.0,1.0,1.0,1.0,1.0,1.0
197871148,Jawa Barat,Bandung Barat,Bandung Barat 2,CS (KUOTA 50%),Wanita,42,41 - 45 tahun,5 tahun atau lebih,1 minggu 2 kali atau lebih,Menikah,2 anak,SLTP,Ibu Rumah Tangga,C1 : Rp. 1.500.001 - Rp. 2.000.000,Rp. 2.000.001 - Rp. 3.000.000,10.0,6.0,6.0,Promoter,5.444444444444445,1.5714285714285714,3.8730158730158735,Loyal Champion,4.0,3.0,6.0,6.0,6.0,6.0,5.0,,5.0,6.0,6.0,6.0,5.0,5.0,6.0,6.0,4.0,5.0,1.0,1.0,2.0,1.0,1.0,1.0,4.0
197871190,Riau,Pekanbaru,Pekanbaru 1,Teller (KUOTA 50%),Wanita,42,41 - 45 tahun,1 tahun s/d 2 tahun 11 bulan,1 minggu sekali,Menikah,3 anak,SLTA,Ibu Rumah Tangga,A2 : Rp. 3.000.001 - Rp. 4.500.000,Rp 7.500.001- Rp 9.000.000,10.0,6.0,6.0,Promoter,6.0,1.0,5.0,Unknown,,,6.0,6.0,6.0,6.0,6.0,6.0,,6.0,6.0,6.0,6.0,6.0,6.0,6.0,6.0,6.0,1.0,1.0,1.0,1.0,1.0,1.0,1.0
197871280,Banten,Pandeglang,Pandeglang 3,Teller (KUOTA 50%),Pria,36,36 - 40 tahun,5 tahun atau lebih,1 minggu sekali,Menikah,2 anak,SLTA,Tenaga Honorer,B : Rp. 2.000.001 - Rp. 3.000.000,Rp. 2.000.001 - Rp. 3.000.000,10.0,6.0,6.0,Promoter,6.0,1.0,5.0,Satisfied,4.0,,6.0,5.0,6.0,6.0,6.0,6.0,,6.0,6.0,6.0,6.0,6.0,6.0,6.0,6.0,6.0,1.0,1.0,1.0,1.0,1.0,1.0,1.0
197871385,Banten,Pandeglang,Pandeglang 1,CS (KUOTA 50%),Pria,28,26 - 30 tahun,5 tahun atau lebih,2 minggu sekali,Menikah,Tidak memiliki anak,Sarjana (S1),Wiraswasta/Pengusaha/Pedagang,A2 : Rp. 3.000.001 - Rp. 4.500.000,Rp. 4.500.000 - Rp 6.000.000,10.0,6.0,6.0,Promoter,6.0,1.7142857142857142,4.285714285714286,Satisfied,4.0,,6.0,6.0,6.0,6.0,6.0,,6.0,6.0,6.0,6.0,6.0,6.0,6.0,6.0,6.0,6.0,1.0,6.0,1.0,1.0,1.0,1.0,1.0
197871459,Jawa Barat,Bogor,Bogor 1,CS (KUOTA 50%),Wanita,49,46 - 50 tahun,1 tahun s/d 2 tahun 11 bulan,1 bulan sekali,Menikah,3 anak,SLTA,Ibu Rumah Tangga,A1 : Rp. 4.500.000 - Rp 6.000.000,Rp 6.000.001 - Rp 7.500.000,8.0,5.0,5.0,Passive,4.888888888888889,1.1428571428571428,3.7460317460317465,Unknown,,,4.0,5.0,3.0,2.0,5.0,,5.0,5.0,5.0,5.0,5.0,5.0,5.0,4.0,5.0,5.0,1.0,1.0,1.0,1.0,1.0,2.0,1.0
197871528,Jawa Barat,Banjar,Banjar 1,Teller (KUOTA 50%),Pria,27,26 - 30 tahun,5 tahun atau lebih,1 minggu 2 kali atau lebih,Menikah,Tidak memiliki anak,SLTA,Wiraswasta/Pengusaha/Pedagang,A1 : Rp. 4.500.000 - Rp 6.000.000,Rp 15.000.001- Rp 20.000.000,10.0,6.0,6.0,Promoter,6.0,1.0,5.0,Loyal Champion,4.0,3.0,6.0,6.0,6.0,6.0,6.0,6.0,6.0,6.0,6.0,6.0,6.0,6.0,6.0,6.0,6.0,6.0,1.0,1.0,1.0,1.0,1.0,1.0,1.0
197871535,Jawa Barat,Bandung,Bandung 12,Teller (KUOTA 50%),Wanita,48,46 - 50 tahun,5 tahun atau lebih,1 minggu sekali,Menikah,1 anak,SLTA,Pegawai Negeri Sipil (Bukan Guru),A1 : Rp. 4.500.000 - Rp 6.000.000,Rp 6.000.001 - Rp 7.500.000,10.0,6.0,6.0,Promoter,6.0,1.0,5.0,Satisfied,4.0,,6.0,6.0,6.0,6.0,6.0,6.0,,6.0,6.0,6.0,6.0,6.0,6.0,6.0,6.0,6.0,1.0,1.0,1.0,1.0,1.0,1.0,1.0
197871536,Jawa Barat,Bandung,Bandung 12,CS (KUOTA 50%),Wanita,22,20 - 25 tahun,3 tahun s/d 4 tahun 11 bulan,2 minggu sekali,Belum menikah,Tidak memiliki anak,Sarjana (S1),Mahasiswa/i,C1 : Rp. 1.500.001 - Rp. 2.000.000,Rp. 2.000.001 - Rp. 3.000.000,10.0,6.0,6.0,Promoter,5.888888888888889,1.0,4.888888888888889,Unknown,,,6.0,5.0,6.0,6.0,6.0,,6.0,6.0,6.0,6.0,6.0,6.0,6.0,6.0,6.0,5.0,1.0,1.0,1.0,1.0,1.0,1.0,1.0
197871586,Jawa Barat,Subang,Subang 2,CS (KUOTA 50%),Pria,40,36 - 40 tahun,5 tahun atau lebih,1 minggu 2 kali atau lebih,Menikah,2 anak,SLTA,Tenaga Honorer,A1.1 : Rp 6.000.001 - Rp 7.500.000,Rp 10.500.0001 - Rp 15.000.000,10.0,6.0,6.0,Promoter,6.0,1.7142857142857142,4.285714285714286,Loyal Champion,4.0,3.0,6.0,6.0,6.0,6.0,6.0,,6.0,6.0,6.0,6.0,6.0,6.0,6.0,6.0,6.0,6.0,1.0,1.0,6.0,1.0,1.0,1.0,1.0
197871590,Banten,Cilegon,Cilegon 2,CS (KUOTA 50%),Wanita,28,26 - 30 tahun,1 tahun s/d 2 tahun 11 bulan,1 minggu 2 kali atau lebih,Belum menikah,Tidak memiliki anak,Sarjana (S1),Sedang Tidak Bekerja,A1.1 : Rp 6.000.001 - Rp 7.500.000,Rp 10.500.0001 - Rp 15.000.000,10.0,6.0,6.0,Promoter,6.0,1.0,5.0,Unknown,,3.0,6.0,6.0,6.0,6.0,6.0,,6.0,6.0,6.0,6.0,6.0,6.0,6.0,6.0,6.0,6.0,1.0,1.0,1.0,1.0,1.0,1.0,1.0
197871705,Kepulauan Riau,Batam,Batam 1,Teller (KUOTA 50%),Pria,48,46 - 50 tahun,1 tahun s/d 2 tahun 11 bulan,2 minggu sekali,Menikah,2 anak,SLTA,Pegawai/Karyawan Swasta,A1.1 : Rp 6.000.001 - Rp 7.500.000,Rp 9.000.001- Rp 10.500.000,5.0,5.0,5.0,Detractor,4.222222222222222,1.0,3.2222222222222223,Unknown,,,5.0,5.0,5.0,5.0,5.0,5.0,,3.0,5.0,5.0,4.0,5.0,4.0,3.0,5.0,4.0,1.0,1.0,1.0,1.0,1.0,1.0,1.0
197871726,Jawa Barat,Majalengka,Majalengka 2,CS (KUOTA 50%),Pria,45,41 - 45 tahun,5 tahun atau lebih,2 minggu sekali,Menikah,2 anak,Akademi/D3,Wiraswasta/Pengusaha/Pedagang,C1 : Rp. 1.500.001 - Rp. 2.000.000,Rp. 2.000.001 - Rp. 3.000.000,10.0,5.0,5.0,Promoter,6.0,1.0,5.0,Satisfied,4.0,,6.0,6.0,6.0,6.0,6.0,,6.0,6.0,6.0,6.0,6.0,6.0,6.0,6.0,6.0,6.0,1.0,1.0,1.0,1.0,1.0,1.0,1.0
197871737,Jawa Barat,Bekasi,Bekasi 1,Teller (KUOTA 50%),Pria,23,20 - 25 tahun,1 tahun s/d 2 tahun 11 bulan,1 minggu 2 kali atau lebih,Belum menikah,Tidak memiliki anak,Sarjana (S1),Pegawai/Karyawan Swasta,A2 : Rp. 3.000.001 - Rp. 4.500.000,Rp 6.000.001 - Rp 7.500.000,10.0,6.0,6.0,Promoter,6.0,1.0,5.0,Unknown,,3.0,6.0,6.0,6.0,6.0,6.0,6.0,,6.0,6.0,6.0,6.0,6.0,6.0,6.0,6.0,6.0,1.0,1.0,1.0,1.0,1.0,1.0,1.0
197871810,Jawa Barat,Bandung,Bandung 2,Teller (KUOTA 50%),Pria,49,46 - 50 tahun,5 tahun atau lebih,1 minggu 2 kali atau lebih,Menikah,3 anak,SLTA,Pegawai Negeri Sipil (Bukan Guru),A1 : Rp. 4.500.000 - Rp 6.000.000,Rp 7.500.001- Rp 9.000.000,10.0,6.0,6.0,Promoter,6.0,1.0,5.0,Loyal Champion,4.0,3.0,6.0,6.0,6.0,6.0,6.0,6.0,,6.0,6.0,6.0,6.0,6.0,6.0,6.0,6.0,6.0,1.0,1.0,1.0,1.0,1.0,1.0,1.0
197871853,Jawa Barat,Ciamis,Ciamis 2,CS (KUOTA 50%),Pria,40,36 - 40 tahun,5 tahun atau lebih,1 minggu 2 kali atau lebih,Menikah,1 anak,Akademi/D3,Tenaga Honorer,A2 : Rp. 3.000.001 - Rp. 4.500.000,Rp 7.500.001- Rp 9.000.000,10.0,6.0,6.0,Promoter,6.0,1.0,5.0,Loyal Champion,4.0,3.0,6.0,6.0,6.0,6.0,6.0,6.0,6.0,6.0,6.0,6.0,6.0,6.0,6.0,6.0,6.0,6.0,1.0,1.0,1.0,1.0,1.0,1.0,1.0
197871913,DKI Jakarta,Jakarta Barat,Jakarta Barat 5,Teller (KUOTA 50%),Pria,28,26 - 30 tahun,5 tahun atau lebih,1 minggu 2 kali atau lebih,Belum menikah,Tidak memiliki anak,Akademi/D3,Pegawai/Karyawan Swasta,A1.3 : Rp 9.000.001- Rp 10.500.000,Rp 9.000.001- Rp 10.500.000,10.0,6.0,6.0,Promoter,6.0,1.0,5.0,Loyal Champion,4.0,3.0,6.0,6.0,6.0,6.0,6.0,6.0,,6.0,6.0,6.0,6.0,6.0,6.0,6.0,6.0,6.0,1.0,1.0,1.0,1.0,1.0,1.0,1.0
197871996,Jawa Barat,Bekasi,Bekasi 2,Teller (KUOTA 50%),Wanita,30,26 - 30 tahun,5 tahun atau lebih,2 minggu sekali,Menikah,3 anak,Sarjana (S1),Wiraswasta/Pengusaha/Pedagang,A1.1 : Rp 6.000.001 - Rp 7.500.000,Rp 15.000.001- Rp 20.000.000,10.0,6.0,6.0,Promoter,6.0,1.0,5.0,Satisfied,4.0,,6.0,6.0,6.0,6.0,6.0,6.0,6.0,6.0,6.0,6.0,6.0,6.0,6.0,6.0,6.0,6.0,1.0,1.0,1.0,1.0,1.0,1.0,1.0
197872005,Banten,Tangerang,Tangerang 2,CS (KUOTA 50%),Wanita,27,26 - 30 tahun,3 tahun s/d 4 tahun 11 bulan,1 bulan sekali,Menikah,Tidak memiliki anak,Sarjana (S1),Pegawai Negeri Sipil (Guru),A2 : Rp. 3.000.001 - Rp. 4.500.000,Rp 7.500.001- Rp 9.000.000,7.0,6.0,6.0,Passive,6.0,1.0,5.0,Unknown,,,6.0,5.0,5.0,6.0,6.0,,6.0,6.0,6.0,6.0,6.0,6.0,6.0,6.0,6.0,6.0,1.0,1.0,1.0,1.0,1.0,1.0,1.0
197872225,Jawa Tengah,Pekalongan,Pekalongan 1,CS (KUOTA 50%),Wanita,22,20 - 25 tahun,1 tahun s/d 2 tahun 11 bulan,1 bulan sekali,Belum menikah,Tidak memiliki anak,SLTA,Pegawai/Karyawan Swasta,A1.1 : Rp 6.000.001 - Rp 7.500.000,Rp 6.000.001 - Rp 7.500.000,9.0,6.0,6.0,Promoter,6.0,1.0,5.0,Unknown,,,6.0,6.0,6.0,6.0,6.0,,6.0,6.0,6.0,6.0,6.0,6.0,6.0,6.0,6.0,6.0,1.0,1.0,1.0,1.0,1.0,1.0,1.0
197872454,Jawa Barat,Bekasi,Bekasi 3,Teller (KUOTA 50%),Pria,26,26 - 30 tahun,5 tahun atau lebih,1 minggu 2 kali atau lebih,Menikah,Tidak memiliki anak,Sarjana (S1),Pegawai/Karyawan Swasta,B : Rp. 2.000.001 - Rp. 3.000.000,Rp. 4.500.000 - Rp 6.000.000,10.0,6.0,6.0,Promoter,6.0,1.0,5.0,Loyal Champion,4.0,3.0,6.0,6.0,6.0,6.0,6.0,6.0,6.0,6.0,6.0,6.0,6.0,6.0,6.0,6.0,6.0,6.0,1.0,1.0,1.0,1.0,1.0,1.0,1.0
197872461,Jawa Barat,Bogor,Bogor 2,Teller (KUOTA 50%),Wanita,50,46 - 50 tahun,5 tahun atau lebih,1 minggu 2 kali atau lebih,Menikah,1 anak,Paska Sarjana (S2),Pegawai Negeri Sipil (Guru),A1.1 : Rp 6.000.001 - Rp 7.500.000,Rp 9.000.001- Rp 10.500.000,10.0,6.0,6.0,Promoter,5.333333333333333,2.2857142857142856,3.0476190476190474,Loyal Champion,4.0,3.0,6.0,6.0,6.0,6.0,6.0,6.0,,6.0,6.0,5.0,6.0,5.0,5.0,5.0,5.0,5.0,1.0,2.0,5.0,2.0,2.0,2.0,2.0
197872609,Jawa Barat,Cianjur,Cianjur 1,Teller (KUOTA 50%),Pria,30,26 - 30 tahun,5 tahun atau lebih,1 minggu sekali,Menikah,1 anak,Sarjana (S1),Tenaga Honorer,A1 : Rp. 4.500.000 - Rp 6.000.000,Rp. 4.500.000 - Rp 6.000.000,9.0,6.0,6.0,Promoter,5.222222222222222,1.0,4.222222222222222,Satisfied,4.0,,5.0,6.0,5.0,6.0,6.0,6.0,,5.0,6.0,5.0,6.0,6.0,5.0,5.0,5.0,4.0,1.0,1.0,1.0,1.0,1.0,1.0,1.0
197872659,Jawa Barat,Tasikmalaya,Tasikmalaya 4,Teller (KUOTA 50%),Pria,47,46 - 50 tahun,5 tahun atau lebih,1 minggu 2 kali atau lebih,Menikah,3 anak,SLTA,Tenaga Honorer,A2 : Rp. 3.000.001 - Rp. 4.500.000,Rp. 3.000.001 - Rp. 4.500.000,10.0,6.0,6.0,Promoter,6.0,1.0,5.0,Loyal Champion,4.0,3.0,6.0,6.0,6.0,6.0,6.0,6.0,6.0,6.0,6.0,6.0,6.0,6.0,6.0,6.0,6.0,6.0,1.0,1.0,1.0,1.0,1.0,1.0,1.0
197872672,Jawa Barat,Majalengka,Majalengka 2,Teller (KUOTA 50%),Pria,34,31 - 35 tahun,5 tahun atau lebih,1 bulan sekali,Menikah,1 anak,SLTA,Wiraswasta/Pengusaha/Pedagang,B : Rp. 2.000.001 - Rp. 3.000.000,Rp. 4.500.000 - Rp 6.000.000,10.0,6.0,6.0,Promoter,6.0,1.0,5.0,Satisfied,4.0,,6.0,6.0,6.0,6.0,6.0,6.0,,6.0,6.0,6.0,6.0,6.0,6.0,6.0,6.0,6.0,1.0,1.0,1.0,1.0,1.0,1.0,1.0
197872710,Jawa Barat,Cianjur,Cianjur 1,CS (KUOTA 50%),Pria,22,20 - 25 tahun,3 tahun s/d 4 tahun 11 bulan,2 minggu sekali,Belum menikah,Tidak memiliki anak,Sarjana (S1),Mahasiswa/i,B : Rp. 2.000.001 - Rp. 3.000.000,Rp. 2.000.001 - Rp. 3.000.000,7.0,5.0,4.0,Passive,4.666666666666667,3.2857142857142856,1.3809523809523814,Unknown,,,6.0,5.0,6.0,6.0,6.0,,5.0,4.0,6.0,5.0,5.0,5.0,4.0,5.0,4.0,4.0,5.0,1.0,4.0,1.0,4.0,4.0,4.0
197872836,Sumatera Selatan,Ogan Ilir,Ogan Ilir 1,Teller (KUOTA 50%),Wanita,22,20 - 25 tahun,1 tahun s/d 2 tahun 11 bulan,2 minggu sekali,Belum menikah,Tidak memiliki anak,SLTA,Pegawai/Karyawan Swasta,A1 : Rp. 4.500.000 - Rp 6.000.000,Rp 6.000.001 - Rp 7.500.000,10.0,6.0,6.0,Promoter,6.0,1.0,5.0,Unknown,,,6.0,6.0,6.0,6.0,6.0,6.0,,6.0,6.0,6.0,6.0,6.0,6.0,6.0,6.0,6.0,1.0,1.0,1.0,1.0,1.0,1.0,1.0
197872886,Jawa Barat,Majalengka,Majalengka 2,CS (KUOTA 50%),Wanita,32,31 - 35 tahun,5 tahun atau lebih,1 minggu 2 kali atau lebih,Menikah,1 anak,Sarjana (S1),Pegawai/Karyawan Swasta,A1 : Rp. 4.500.000 - Rp 6.000.000,Rp 6.000.001 - Rp 7.500.000,10.0,6.0,6.0,Promoter,6.0,1.0,5.0,Loyal Champion,4.0,3.0,6.0,6.0,6.0,6.0,6.0,,6.0,6.0,6.0,6.0,6.0,6.0,6.0,6.0,6.0,6.0,1.0,1.0,1.0,1.0,1.0,1.0,1.0
197873048,Jawa Barat,Bekasi,Bekasi 1,Teller (KUOTA 50%),Wanita,28,26 - 30 tahun,1 tahun s/d 2 tahun 11 bulan,1 minggu sekali,Belum menikah,Tidak memiliki anak,Sarjana (S1),Pegawai/Karyawan Swasta,A1 : Rp. 4.500.000 - Rp 6.000.000,Rp. 4.500.000 - Rp 6.000.000,10.0,6.0,6.0,Promoter,6.0,1.0,5.0,Unknown,,,6.0,6.0,6.0,6.0,6.0,6.0,,6.0,6.0,6.0,6.0,6.0,6.0,6.0,6.0,6.0,1.0,1.0,1.0,1.0,1.0,1.0,1.0
197873091,DKI Jakarta,Jakarta Barat,Jakarta Barat 5,Teller (KUOTA 50%),Pria,23,20 - 25 tahun,3 tahun s/d 4 tahun 11 bulan,1 minggu 2 kali atau lebih,Menikah,1 anak,Akademi/D3,Pegawai/Karyawan Swasta,A1.4 : Rp 10.500.0001 - Rp 15.000.000,Rp 10.500.0001 - Rp 15.000.000,10.0,6.0,6.0,Promoter,5.222222222222222,5.857142857142857,-0.6349206349206344,Unknown,,3.0,6.0,6.0,6.0,6.0,6.0,6.0,6.0,5.0,5.0,5.0,6.0,5.0,5.0,5.0,5.0,6.0,6.0,6.0,6.0,6.0,6.0,5.0,6.0
197873131,Jawa Barat,Subang,Subang 2,CS (KUOTA 50%),Wanita,18,17 -19 tahun,1 tahun s/d 2 tahun 11 bulan,1 minggu sekali,Belum menikah,Tidak memiliki anak,SLTA,Mahasiswa/i,A2 : Rp. 3.000.001 - Rp. 4.500.000,Rp. 1.500.001 - Rp. 2.000.000,10.0,6.0,6.0,Promoter,6.0,1.0,5.0,Unknown,,,6.0,6.0,6.0,6.0,6.0,,6.0,6.0,6.0,6.0,6.0,6.0,6.0,6.0,6.0,6.0,1.0,1.0,1.0,1.0,1.0,1.0,1.0
197873156,Jawa Barat,Indramayu,Indramayu 3,CS (KUOTA 50%),Wanita,40,36 - 40 tahun,5 tahun atau lebih,2 minggu sekali,Menikah,2 anak,Akademi/D3,Tenaga Honorer,B : Rp. 2.000.001 - Rp. 3.000.000,Rp. 3.000.001 - Rp. 4.500.000,9.0,6.0,6.0,Promoter,5.444444444444445,1.0,4.444444444444445,Satisfied,4.0,,6.0,6.0,6.0,6.0,6.0,,6.0,6.0,6.0,1.0,6.0,6.0,6.0,6.0,6.0,6.0,1.0,1.0,1.0,1.0,1.0,1.0,1.0
197873172,Jawa Barat,Bandung,Bandung 12,Teller (KUOTA 50%),Pria,43,41 - 45 tahun,5 tahun atau lebih,1 minggu sekali,Menikah,2 anak,Sarjana (S1),Pegawai Negeri Sipil (Guru),A1 : Rp. 4.500.000 - Rp 6.000.000,Rp 6.000.001 - Rp 7.500.000,10.0,6.0,6.0,Promoter,6.0,1.0,5.0,Satisfied,4.0,,6.0,5.0,6.0,6.0,6.0,6.0,,6.0,6.0,6.0,6.0,6.0,6.0,6.0,6.0,6.0,1.0,1.0,1.0,1.0,1.0,1.0,1.0
197873173,Jawa Barat,Bandung,Bandung 12,Teller (KUOTA 50%),Wanita,41,41 - 45 tahun,5 tahun atau lebih,1 minggu sekali,Menikah,2 anak,Sarjana (S1),Pegawai Negeri Sipil (Guru),A1 : Rp. 4.500.000 - Rp 6.000.000,Rp 9.000.001- Rp 10.500.000,10.0,6.0,6.0,Promoter,6.0,1.0,5.0,Satisfied,4.0,,6.0,6.0,6.0,6.0,6.0,6.0,,6.0,6.0,6.0,6.0,6.0,6.0,6.0,6.0,6.0,1.0,1.0,1.0,1.0,1.0,1.0,1.0
197873174,Jawa Barat,Bandung,Bandung 12,CS (KUOTA 50%),Wanita,41,41 - 45 tahun,5 tahun atau lebih,1 bulan sekali,Menikah,2 anak,Sarjana (S1),Ibu Rumah Tangga,A1.5 : Rp 15.000.001- Rp 20.000.000,Di atas Rp 25.000.000,10.0,6.0,6.0,Promoter,6.0,1.0,5.0,Satisfied,4.0,,6.0,6.0,6.0,6.0,6.0,,6.0,6.0,6.0,6.0,6.0,6.0,6.0,6.0,6.0,6.0,1.0,1.0,1.0,1.0,1.0,1.0,1.0
197873236,Jawa Barat,Subang,Subang 2,CS (KUOTA 50%),Wanita,17,17 -19 tahun,1 tahun s/d 2 tahun 11 bulan,1 bulan sekali,Belum menikah,Tidak memiliki anak,SLTP,Lainnya,C1 : Rp. 1.500.001 - Rp. 2.000.000,Rp. 2.000.001 - Rp. 3.000.000,10.0,6.0,6.0,Promoter,6.0,1.0,5.0,Unknown,,,6.0,6.0,6.0,6.0,6.0,,6.0,6.0,6.0,6.0,6.0,6.0,6.0,6.0,6.0,6.0,1.0,1.0,1.0,1.0,1.0,1.0,1.0
197873340,Jawa Barat,Purwakarta,Purwakarta 1,CS (KUOTA 50%),Wanita,26,26 - 30 tahun,5 tahun atau lebih,1 minggu 2 kali atau lebih,Belum menikah,Tidak memiliki anak,SLTA,Tenaga Honorer,C1 : Rp. 1.500.001 - Rp. 2.000.000,Rp 10.500.0001 - Rp 15.000.000,10.0,6.0,6.0,Promoter,6.0,1.1428571428571428,4.857142857142858,Loyal Champion,4.0,3.0,6.0,6.0,6.0,6.0,6.0,6.0,6.0,6.0,6.0,6.0,6.0,6.0,6.0,6.0,6.0,6.0,1.0,1.0,1.0,1.0,1.0,1.0,2.0
197873341,Jawa Barat,Purwakarta,Purwakarta 1,CS (KUOTA 50%),Wanita,29,26 - 30 tahun,5 tahun atau lebih,1 minggu sekali,Menikah,2 anak,Sarjana (S1),Tenaga Honorer,B : Rp. 2.000.001 - Rp. 3.000.000,Rp. 4.500.000 - Rp 6.000.000,10.0,6.0,6.0,Promoter,6.0,1.0,5.0,Satisfied,4.0,,6.0,6.0,6.0,6.0,6.0,,6.0,6.0,6.0,6.0,6.0,6.0,6.0,6.0,6.0,6.0,1.0,1.0,1.0,1.0,1.0,1.0,1.0
197873342,Jawa Barat,Purwakarta,Purwakarta 1,CS (KUOTA 50%),Wanita,43,41 - 45 tahun,5 tahun atau lebih,1 minggu 2 kali atau lebih,Duda / Janda,1 anak,Akademi/D3,Ibu Rumah Tangga,C1 : Rp. 1.500.001 - Rp. 2.000.000,Rp. 3.000.001 - Rp. 4.500.000,10.0,6.0,6.0,Promoter,6.0,1.0,5.0,Loyal Champion,4.0,3.0,6.0,6.0,6.0,6.0,6.0,,6.0,6.0,6.0,6.0,6.0,6.0,6.0,6.0,6.0,6.0,1.0,1.0,1.0,1.0,1.0,1.0,1.0
197873472,Jawa Barat,Majalengka,Majalengka 2,CS (KUOTA 50%),Pria,34,31 - 35 tahun,3 tahun s/d 4 tahun 11 bulan,1 bulan sekali,Menikah,1 anak,Sarjana (S1),Pegawai Negeri Sipil (Guru),A2 : Rp. 3.000.001 - Rp. 4.500.000,Rp 7.500.001- Rp 9.000.000,10.0,6.0,6.0,Promoter,6.0,1.0,5.0,Unknown,,,6.0,6.0,6.0,5.0,6.0,,6.0,6.0,6.0,6.0,6.0,6.0,6.0,6.0,6.0,6.0,1.0,1.0,1.0,1.0,1.0,1.0,1.0
197873566,Jawa Barat,Bekasi,Bekasi 3,Teller (KUOTA 50%),Pria,38,36 - 40 tahun,1 tahun s/d 2 tahun 11 bulan,1 minggu 2 kali atau lebih,Menikah,2 anak,SLTA,Pegawai/Karyawan Swasta,B : Rp. 2.000.001 - Rp. 3.000.000,Rp 6.000.001 - Rp 7.500.000,10.0,6.0,6.0,Promoter,6.0,1.0,5.0,Unknown,,3.0,6.0,6.0,6.0,6.0,6.0,6.0,6.0,6.0,6.0,6.0,6.0,6.0,6.0,6.0,6.0,6.0,1.0,1.0,1.0,1.0,1.0,1.0,1.0
197873635,Jawa Barat,Bandung Barat,Bandung Barat 2,CS (KUOTA 50%),Wanita,42,41 - 45 tahun,3 tahun s/d 4 tahun 11 bulan,1 bulan sekali,Menikah,2 anak,Sarjana (S1),Guru (Non PNS),A2 : Rp. 3.000.001 - Rp. 4.500.000,Rp. 2.000.001 - Rp. 3.000.000,10.0,6.0,6.0,Promoter,5.444444444444445,1.0,4.444444444444445,Unknown,,,6.0,6.0,5.0,6.0,5.0,,6.0,6.0,5.0,6.0,6.0,4.0,6.0,5.0,5.0,6.0,1.0,1.0,1.0,1.0,1.0,1.0,1.0
197873777,DKI Jakarta,Jakarta Selatan,Jakarta Selatan 2,Teller (KUOTA 50%),Pria,28,26 - 30 tahun,1 tahun s/d 2 tahun 11 bulan,2 minggu sekali,Belum menikah,Tidak memiliki anak,Sarjana (S1),Pegawai/Karyawan Swasta,A1.3 : Rp 9.000.001- Rp 10.500.000,Di atas Rp 25.000.000,7.0,5.0,5.0,Passive,4.888888888888889,2.0,2.8888888888888893,Unknown,,,5.0,4.0,6.0,4.0,5.0,6.0,,4.0,5.0,5.0,5.0,5.0,5.0,5.0,5.0,5.0,2.0,2.0,2.0,2.0,2.0,2.0,2.0
197873794,Jawa Barat,Indramayu,Indramayu 3,Teller (KUOTA 50%),Wanita,48,46 - 50 tahun,5 tahun atau lebih,1 minggu 2 kali atau lebih,Menikah,Tidak memiliki anak,Akademi/D3,Ibu Rumah Tangga,A1 : Rp. 4.500.000 - Rp 6.000.000,Rp 9.000.001- Rp 10.500.000,10.0,6.0,6.0,Promoter,6.0,1.0,5.0,Loyal Champion,4.0,3.0,6.0,6.0,6.0,6.0,6.0,6.0,,6.0,6.0,6.0,6.0,6.0,6.0,6.0,6.0,6.0,1.0,1.0,1.0,1.0,1.0,1.0,1.0
197873819,Jawa Tengah,Pekalongan,Pekalongan 1,CS (KUOTA 50%),Wanita,21,20 - 25 tahun,1 tahun s/d 2 tahun 11 bulan,1 bulan sekali,Belum menikah,Tidak memiliki anak,SLTA,Mahasiswa/i,A1.1 : Rp 6.000.001 - Rp 7.500.000,Rp 6.000.001 - Rp 7.500.000,10.0,6.0,6.0,Promoter,6.0,1.1428571428571428,4.857142857142858,Unknown,,,6.0,6.0,6.0,6.0,6.0,,6.0,6.0,6.0,6.0,6.0,6.0,6.0,6.0,6.0,6.0,1.0,1.0,1.0,1.0,2.0,1.0,1.0
197873872,Jawa Barat,Bandung,Bandung 8,CS (KUOTA 50%),Wanita,49,46 - 50 tahun,5 tahun atau lebih,2 minggu sekali,Menikah,> 4 anak,Sarjana (S1),Pegawai Negeri Sipil (Guru),A1.1 : Rp 6.000.001 - Rp 7.500.000,Rp 6.000.001 - Rp 7.500.000,10.0,6.0,6.0,Promoter,6.0,1.1428571428571428,4.857142857142858,Satisfied,4.0,,6.0,6.0,6.0,6.0,6.0,,6.0,6.0,6.0,6.0,6.0,6.0,6.0,6.0,6.0,6.0,2.0,1.0,1.0,1.0,1.0,1.0,1.0
197873873,Jawa Barat,Bandung,Bandung 8,CS (KUOTA 50%),Pria,50,46 - 50 tahun,5 tahun atau lebih,1 bulan sekali,Menikah,2 anak,SLTA,Perangkat Desa (Camat/Lurah/RW),C1 : Rp. 1.500.001 - Rp. 2.000.000,Rp. 3.000.001 - Rp. 4.500.000,8.0,6.0,6.0,Passive,6.0,1.0,5.0,Passive,4.0,,6.0,6.0,6.0,6.0,6.0,,6.0,6.0,6.0,6.0,6.0,6.0,6.0,6.0,6.0,6.0,1.0,1.0,1.0,1.0,1.0,1.0,1.0
197873874,Jawa Barat,Bandung,Bandung 8,Teller (KUOTA 50%),Wanita,34,31 - 35 tahun,3 tahun s/d 4 tahun 11 bulan,2 minggu sekali,Menikah,2 anak,SLTA,Pegawai/Karyawan Swasta,A2 : Rp. 3.000.001 - Rp. 4.500.000,Rp 7.500.001- Rp 9.000.000,9.0,6.0,6.0,Promoter,6.0,1.7142857142857142,4.285714285714286,Unknown,,,6.0,6.0,6.0,6.0,6.0,6.0,,6.0,6.0,6.0,6.0,6.0,6.0,6.0,6.0,6.0,1.0,1.0,1.0,1.0,1.0,1.0,6.0
197873889,Jawa Barat,Bandung,Bandung 11,Teller (KUOTA 50%),Pria,46,46 - 50 tahun,5 tahun atau lebih,2 minggu sekali,Menikah,Tidak memiliki anak,SLTA,Pegawai/Karyawan Swasta,A1.1 : Rp 6.000.001 - Rp 7.500.000,Rp 7.500.001- Rp 9.000.000,9.0,6.0,5.0,Promoter,5.222222222222222,1.0,4.222222222222222,Satisfied,4.0,,6.0,6.0,6.0,6.0,6.0,6.0,,6.0,5.0,5.0,5.0,5.0,5.0,6.0,5.0,5.0,1.0,1.0,1.0,1.0,1.0,1.0,1.0
197874270,Jawa Barat,Sukabumi,Sukabumi 3,Teller (KUOTA 50%),Pria,39,36 - 40 tahun,5 tahun atau lebih,1 minggu 2 kali atau lebih,Menikah,3 anak,SLTA,Pegawai/Karyawan Swasta,A2 : Rp. 3.000.001 - Rp. 4.500.000,Rp. 4.500.000 - Rp 6.000.000,8.0,6.0,6.0,Passive,6.0,1.0,5.0,Passive,4.0,3.0,6.0,6.0,6.0,6.0,6.0,6.0,,6.0,6.0,6.0,6.0,6.0,6.0,6.0,6.0,6.0,1.0,1.0,1.0,1.0,1.0,1.0,1.0
197874452,Jawa Barat,Tasikmalaya,Tasikmalaya 4,CS (KUOTA 50%),Pria,45,41 - 45 tahun,5 tahun atau lebih,2 minggu sekali,Menikah,1 anak,SLTA,Pegawai Negeri Sipil (Bukan Guru),A1 : Rp. 4.500.000 - Rp 6.000.000,Rp. 4.500.000 - Rp 6.000.000,10.0,6.0,6.0,Promoter,5.777777777777778,1.1428571428571428,4.634920634920634,Satisfied,4.0,,6.0,6.0,6.0,6.0,6.0,,5.0,6.0,6.0,6.0,6.0,5.0,5.0,6.0,6.0,6.0,1.0,1.0,2.0,1.0,1.0,1.0,1.0
197874472,Jawa Barat,Ciamis,Ciamis 2,CS (KUOTA 50%),Pria,48,46 - 50 tahun,5 tahun atau lebih,1 minggu 2 kali atau lebih,Menikah,2 anak,Akademi/D3,Pegawai Negeri Sipil (Bukan Guru),A2 : Rp. 3.000.001 - Rp. 4.500.000,Rp 7.500.001- Rp 9.000.000,10.0,6.0,6.0,Promoter,6.0,1.7142857142857142,4.285714285714286,Loyal Champion,4.0,3.0,6.0,6.0,6.0,6.0,6.0,,6.0,6.0,6.0,6.0,6.0,6.0,6.0,6.0,6.0,6.0,1.0,1.0,1.0,1.0,1.0,6.0,1.0
197874478,Jawa Barat,Bekasi,Bekasi 1,CS (KUOTA 50%),Pria,39,36 - 40 tahun,1 tahun s/d 2 tahun 11 bulan,2 minggu sekali,Menikah,4 anak,SLTA,Pegawai/Karyawan Swasta,A1 : Rp. 4.500.000 - Rp 6.000.000,Rp 6.000.001 - Rp 7.500.000,9.0,6.0,6.0,Promoter,6.0,1.0,5.0,Unknown,,,6.0,6.0,6.0,6.0,6.0,,6.0,6.0,6.0,6.0,6.0,6.0,6.0,6.0,6.0,6.0,1.0,1.0,1.0,1.0,1.0,1.0,1.0
197874533,Jawa Barat,Bandung,Bandung 12,CS (KUOTA 50%),Pria,35,31 - 35 tahun,5 tahun atau lebih,1 minggu 2 kali atau lebih,Menikah,1 anak,Sarjana (S1),Pegawai/Karyawan Swasta,A1.1 : Rp 6.000.001 - Rp 7.500.000,Rp 10.500.0001 - Rp 15.000.000,10.0,6.0,6.0,Promoter,6.0,1.0,5.0,Loyal Champion,4.0,3.0,6.0,6.0,6.0,6.0,6.0,,6.0,6.0,6.0,6.0,6.0,6.0,6.0,6.0,6.0,6.0,1.0,1.0,1.0,1.0,1.0,1.0,1.0
197874632,Kalimantan Selatan,Banjarmasin,Banjarmasin 1,CS (KUOTA 50%),Pria,28,26 - 30 tahun,5 tahun atau lebih,1 minggu 2 kali atau lebih,Menikah,2 anak,SLTA,Polisi / Tentara / Militer,A1.3 : Rp 9.000.001- Rp 10.500.000,Rp 15.000.001- Rp 20.000.000,10.0,6.0,6.0,Promoter,6.0,1.0,5.0,Loyal Champion,4.0,3.0,6.0,6.0,6.0,6.0,6.0,,6.0,6.0,6.0,6.0,6.0,6.0,6.0,6.0,6.0,6.0,1.0,1.0,1.0,1.0,1.0,1.0,1.0
197874633,Kalimantan Selatan,Banjarmasin,Banjarmasin 1,CS (KUOTA 50%),Pria,28,26 - 30 tahun,5 tahun atau lebih,2 minggu sekali,Menikah,1 anak,Sarjana (S1),Pegawai Negeri Sipil (Bukan Guru),B : Rp. 2.000.001 - Rp. 3.000.000,Rp 10.500.0001 - Rp 15.000.000,10.0,6.0,6.0,Promoter,6.0,1.0,5.0,Satisfied,4.0,,6.0,6.0,6.0,6.0,6.0,,6.0,6.0,6.0,6.0,6.0,6.0,6.0,6.0,6.0,6.0,1.0,1.0,1.0,1.0,1.0,1.0,1.0
197874634,Kalimantan Selatan,Banjarmasin,Banjarmasin 1,Teller (KUOTA 50%),Wanita,41,41 - 45 tahun,5 tahun atau lebih,1 minggu sekali,Menikah,4 anak,SLTA,Pegawai/Karyawan Swasta,A2 : Rp. 3.000.001 - Rp. 4.500.000,Rp. 3.000.001 - Rp. 4.500.000,7.0,6.0,6.0,Passive,6.0,1.0,5.0,Passive,4.0,,6.0,6.0,5.0,6.0,6.0,6.0,,6.0,6.0,6.0,6.0,6.0,6.0,6.0,6.0,6.0,1.0,1.0,1.0,1.0,1.0,1.0,1.0
197874635,Kalimantan Selatan,Banjarbaru,Banjarbaru 1,Teller (KUOTA 50%),Pria,25,20 - 25 tahun,3 tahun s/d 4 tahun 11 bulan,1 bulan sekali,Belum menikah,Tidak memiliki anak,SLTA,Wiraswasta/Pengusaha/Pedagang,B : Rp. 2.000.001 - Rp. 3.000.000,Rp. 4.500.000 - Rp 6.000.000,10.0,6.0,6.0,Promoter,6.0,1.0,5.0,Unknown,,,6.0,6.0,6.0,6.0,6.0,6.0,,6.0,6.0,6.0,6.0,6.0,6.0,6.0,6.0,6.0,1.0,1.0,1.0,1.0,1.0,1.0,1.0
197874740,Jawa Barat,Indramayu,Indramayu 3,CS (KUOTA 50%),Pria,26,26 - 30 tahun,5 tahun atau lebih,1 minggu 2 kali atau lebih,Menikah,1 anak,Sarjana (S1),Pegawai/Karyawan Swasta,A1 : Rp. 4.500.000 - Rp 6.000.000,Rp 7.500.001- Rp 9.000.000,9.0,6.0,6.0,Promoter,6.0,1.0,5.0,Loyal Champion,4.0,3.0,6.0,6.0,6.0,6.0,6.0,6.0,6.0,6.0,6.0,6.0,6.0,6.0,6.0,6.0,6.0,6.0,1.0,1.0,1.0,1.0,1.0,1.0,1.0
197874751,Jawa Barat,Bandung,Bandung 5,Teller (KUOTA 50%),Pria,31,31 - 35 tahun,5 tahun atau lebih,1 bulan sekali,Menikah,2 anak,SLTA,Pegawai/Karyawan Swasta,A1 : Rp. 4.500.000 - Rp 6.000.000,Rp 6.000.001 - Rp 7.500.000,10.0,6.0,6.0,Promoter,5.888888888888889,1.0,4.888888888888889,Satisfied,4.0,,6.0,6.0,6.0,6.0,6.0,6.0,6.0,6.0,6.0,6.0,6.0,6.0,6.0,5.0,6.0,6.0,1.0,1.0,1.0,1.0,1.0,1.0,1.0
197874765,Jawa Barat,Majalengka,Majalengka 2,CS (KUOTA 50%),Wanita,34,31 - 35 tahun,5 tahun atau lebih,1 bulan sekali,Menikah,2 anak,Sarjana (S1),Tenaga Honorer,A2 : Rp. 3.000.001 - Rp. 4.500.000,Rp. 3.000.001 - Rp. 4.500.000,10.0,6.0,6.0,Promoter,6.0,1.0,5.0,Satisfied,4.0,,6.0,6.0,6.0,6.0,6.0,,6.0,6.0,6.0,6.0,6.0,6.0,6.0,6.0,6.0,6.0,1.0,1.0,1.0,1.0,1.0,1.0,1.0
197874937,Jawa Barat,Indramayu,Indramayu 3,CS (KUOTA 50%),Pria,26,26 - 30 tahun,5 tahun atau lebih,1 minggu sekali,Menikah,1 anak,SLTA,Pegawai/Karyawan Swasta,B : Rp. 2.000.001 - Rp. 3.000.000,Rp. 3.000.001 - Rp. 4.500.000,10.0,6.0,6.0,Promoter,6.0,1.7142857142857142,4.285714285714286,Satisfied,4.0,,6.0,6.0,6.0,6.0,6.0,,6.0,6.0,6.0,6.0,6.0,6.0,6.0,6.0,6.0,6.0,1.0,1.0,1.0,1.0,1.0,6.0,1.0
197875020,Jawa Barat,Bandung,Bandung 8,Teller (KUOTA 50%),Pria,25,20 - 25 tahun,1 tahun s/d 2 tahun 11 bulan,2 minggu sekali,Menikah,1 anak,SLTA,Wiraswasta/Pengusaha/Pedagang,A1.1 : Rp 6.000.001 - Rp 7.500.000,Rp 10.500.0001 - Rp 15.000.000,10.0,6.0,6.0,Promoter,6.0,1.0,5.0,Unknown,,,6.0,6.0,6.0,6.0,6.0,6.0,,6.0,6.0,6.0,6.0,6.0,6.0,6.0,6.0,6.0,1.0,1.0,1.0,1.0,1.0,1.0,1.0
197875177,Jawa Barat,Majalengka,Majalengka 2,CS (KUOTA 50%),Pria,44,41 - 45 tahun,3 tahun s/d 4 tahun 11 bulan,1 minggu sekali,Menikah,3 anak,Sarjana (S1),Wiraswasta/Pengusaha/Pedagang,A2 : Rp. 3.000.001 - Rp. 4.500.000,Rp. 4.500.000 - Rp 6.000.000,9.0,5.0,5.0,Promoter,5.222222222222222,1.1428571428571428,4.079365079365079,Unknown,,,6.0,5.0,5.0,5.0,6.0,,5.0,6.0,5.0,6.0,5.0,5.0,5.0,5.0,5.0,5.0,1.0,2.0,1.0,1.0,1.0,1.0,1.0
197875261,Jawa Barat,Bekasi,Bekasi 2,CS (KUOTA 50%),Pria,27,26 - 30 tahun,5 tahun atau lebih,2 minggu sekali,Menikah,Tidak memiliki anak,SLTA,Pegawai/Karyawan Swasta,B : Rp. 2.000.001 - Rp. 3.000.000,Rp 9.000.001- Rp 10.500.000,10.0,6.0,6.0,Promoter,6.0,1.0,5.0,Satisfied,4.0,,6.0,6.0,6.0,6.0,6.0,6.0,6.0,6.0,6.0,6.0,6.0,6.0,6.0,6.0,6.0,6.0,1.0,1.0,1.0,1.0,1.0,1.0,1.0
197875269,Jawa Barat,Bandung,Bandung 12,CS (KUOTA 50%),Wanita,34,31 - 35 tahun,5 tahun atau lebih,1 minggu 2 kali atau lebih,Menikah,1 anak,Sarjana (S1),Pegawai/Karyawan Swasta,A1.3 : Rp 9.000.001- Rp 10.500.000,Rp 20.000.001 - Rp 25.000.000,10.0,6.0,6.0,Promoter,6.0,1.0,5.0,Loyal Champion,4.0,3.0,6.0,6.0,6.0,6.0,6.0,,6.0,6.0,6.0,6.0,6.0,6.0,6.0,6.0,6.0,6.0,1.0,1.0,1.0,1.0,1.0,1.0,1.0
197875346,Kepulauan Riau,Batam,Batam 1,CS (KUOTA 50%),Pria,25,20 - 25 tahun,5 tahun atau lebih,1 bulan sekali,Belum menikah,Tidak memiliki anak,SLTA,Pegawai Negeri Sipil (Bukan Guru),A2 : Rp. 3.000.001 - Rp. 4.500.000,Rp. 4.500.000 - Rp 6.000.000,9.0,6.0,6.0,Promoter,5.555555555555555,1.0,4.555555555555555,Satisfied,4.0,,6.0,6.0,6.0,6.0,6.0,,6.0,6.0,6.0,5.0,6.0,6.0,6.0,5.0,6.0,4.0,1.0,1.0,1.0,1.0,1.0,1.0,1.0
197875426,DKI Jakarta,Jakarta Barat,Jakarta Barat 2,CS (KUOTA 50%),Pria,27,26 - 30 tahun,3 tahun s/d 4 tahun 11 bulan,1 minggu 2 kali atau lebih,Menikah,1 anak,Sarjana (S1),Wiraswasta/Pengusaha/Pedagang,A1.2 : Rp 7.500.001- Rp 9.000.000,Rp 15.000.001- Rp 20.000.000,9.0,5.0,5.0,Promoter,5.555555555555555,5.142857142857143,0.4126984126984121,Unknown,,3.0,5.0,5.0,6.0,6.0,5.0,,6.0,6.0,5.0,6.0,6.0,5.0,5.0,5.0,6.0,6.0,5.0,5.0,5.0,6.0,5.0,5.0,5.0
197875524,Jawa Barat,Bekasi,Bekasi 1,Teller (KUOTA 50%),Pria,35,31 - 35 tahun,1 tahun s/d 2 tahun 11 bulan,1 bulan sekali,Menikah,2 anak,SLTA,Pegawai/Karyawan Swasta,A2 : Rp. 3.000.001 - Rp. 4.500.000,Rp 7.500.001- Rp 9.000.000,9.0,6.0,6.0,Promoter,6.0,1.0,5.0,Unknown,,,6.0,6.0,6.0,6.0,6.0,6.0,,6.0,6.0,6.0,6.0,6.0,6.0,6.0,6.0,6.0,1.0,1.0,1.0,1.0,1.0,1.0,1.0
197875537,Jawa Barat,Cianjur,Cianjur 1,Teller (KUOTA 50%),Pria,32,31 - 35 tahun,5 tahun atau lebih,1 minggu 2 kali atau lebih,Menikah,2 anak,Paska Sarjana (S2),Pegawai/Karyawan Swasta,B : Rp. 2.000.001 - Rp. 3.000.000,Rp. 3.000.001 - Rp. 4.500.000,8.0,6.0,6.0,Passive,5.444444444444445,5.571428571428571,-0.12698412698412653,Passive,4.0,3.0,5.0,5.0,5.0,6.0,6.0,6.0,,5.0,5.0,5.0,5.0,5.0,6.0,6.0,6.0,6.0,6.0,6.0,6.0,6.0,6.0,4.0,5.0
197875541,Jawa Barat,Cianjur,Cianjur 1,Teller (KUOTA 50%),Pria,34,31 - 35 tahun,5 tahun atau lebih,2 minggu sekali,Menikah,3 anak,Paska Sarjana (S2),Pegawai/Karyawan Swasta,A1.3 : Rp 9.000.001- Rp 10.500.000,Rp 10.500.0001 - Rp 15.000.000,10.0,6.0,6.0,Promoter,4.555555555555555,3.2857142857142856,1.2698412698412698,Satisfied,4.0,,6.0,6.0,6.0,6.0,6.0,6.0,,5.0,5.0,3.0,3.0,5.0,5.0,5.0,5.0,5.0,5.0,2.0,4.0,2.0,5.0,4.0,1.0
197875566,Banten,Pandeglang,Pandeglang 3,CS (KUOTA 50%),Pria,42,41 - 45 tahun,5 tahun atau lebih,2 minggu sekali,Menikah,1 anak,Paska Sarjana (S2),Pegawai Negeri Sipil (Guru),A2 : Rp. 3.000.001 - Rp. 4.500.000,Rp. 3.000.001 - Rp. 4.500.000,9.0,6.0,6.0,Promoter,6.0,1.7142857142857142,4.285714285714286,Satisfied,4.0,,6.0,6.0,6.0,6.0,6.0,,6.0,6.0,6.0,6.0,6.0,6.0,6.0,6.0,6.0,6.0,1.0,1.0,1.0,6.0,1.0,1.0,1.0
197875604,Jawa Barat,Bandung,Bandung 12,CS (KUOTA 50%),Pria,49,46 - 50 tahun,5 tahun atau lebih,2 minggu sekali,Menikah,2 anak,Paska Sarjana (S2),Pegawai Negeri Sipil (Guru),A1.4 : Rp 10.500.0001 - Rp 15.000.000,Rp 15.000.001- Rp 20.000.000,8.0,6.0,6.0,Passive,6.0,1.0,5.0,Passive,4.0,,6.0,6.0,6.0,6.0,6.0,,6.0,6.0,6.0,6.0,6.0,6.0,6.0,6.0,6.0,6.0,1.0,1.0,1.0,1.0,1.0,1.0,1.0
197875621,Jawa Barat,Majalengka,Majalengka 2,CS (KUOTA 50%),Pria,33,31 - 35 tahun,5 tahun atau lebih,1 minggu 2 kali atau lebih,Duda / Janda,2 anak,SLTA,Tenaga Honorer,C2 : Rp. 1.000.001 - Rp. 1.500.000,Rp. 2.000.001 - Rp. 3.000.000,10.0,6.0,6.0,Promoter,6.0,1.0,5.0,Loyal Champion,4.0,3.0,6.0,6.0,6.0,6.0,6.0,,6.0,6.0,6.0,6.0,6.0,6.0,6.0,6.0,6.0,6.0,1.0,1.0,1.0,1.0,1.0,1.0,1.0
197875670,Jawa Barat,Bandung,Bandung 11,CS (KUOTA 50%),Wanita,24,20 - 25 tahun,5 tahun atau lebih,1 bulan sekali,Belum menikah,Tidak memiliki anak,SLTA,Pegawai/Karyawan Swasta,C1 : Rp. 1.500.001 - Rp. 2.000.000,Rp. 2.000.001 - Rp. 3.000.000,10.0,6.0,6.0,Promoter,5.111111111111111,1.8571428571428572,3.2539682539682535,Satisfied,4.0,,6.0,6.0,6.0,6.0,6.0,,6.0,5.0,5.0,5.0,5.0,5.0,5.0,6.0,5.0,5.0,2.0,2.0,2.0,2.0,2.0,1.0,2.0
197875717,Banten,Tangerang,Tangerang 1,CS (KUOTA 50%),Pria,49,46 - 50 tahun,5 tahun atau lebih,1 bulan sekali,Menikah,2 anak,Sarjana (S1),Pegawai Negeri Sipil (Guru),B : Rp. 2.000.001 - Rp. 3.000.000,Rp. 4.500.000 - Rp 6.000.000,9.0,6.0,6.0,Promoter,5.444444444444445,2.4285714285714284,3.0158730158730163,Satisfied,4.0,,6.0,6.0,6.0,6.0,6.0,6.0,6.0,6.0,5.0,6.0,5.0,6.0,5.0,6.0,5.0,5.0,1.0,2.0,1.0,1.0,6.0,1.0,5.0
197875782,Jawa Barat,Bandung,Bandung 2,Teller (KUOTA 50%),Wanita,41,41 - 45 tahun,5 tahun atau lebih,1 minggu 2 kali atau lebih,Menikah,2 anak,SLTA,Ibu Rumah Tangga,A2 : Rp. 3.000.001 - Rp. 4.500.000,Rp. 4.500.000 - Rp 6.000.000,9.0,5.0,5.0,Promoter,5.444444444444445,1.4285714285714286,4.015873015873016,Loyal Champion,4.0,3.0,5.0,6.0,5.0,5.0,6.0,5.0,,5.0,6.0,6.0,6.0,6.0,4.0,5.0,5.0,6.0,1.0,1.0,2.0,1.0,2.0,1.0,2.0
197875829,Banten,Cilegon,Cilegon 2,CS (KUOTA 50%),Pria,50,46 - 50 tahun,5 tahun atau lebih,1 minggu sekali,Menikah,2 anak,SLTA,Pensiunan,A2 : Rp. 3.000.001 - Rp. 4.500.000,Rp 7.500.001- Rp 9.000.000,8.0,6.0,5.0,Passive,5.555555555555555,3.0,2.5555555555555554,Passive,4.0,,6.0,6.0,6.0,5.0,6.0,,6.0,5.0,6.0,6.0,6.0,6.0,5.0,5.0,5.0,6.0,3.0,3.0,3.0,3.0,3.0,2.0,4.0
197875880,Jawa Barat,Subang,Subang 2,Teller (KUOTA 50%),Pria,29,26 - 30 tahun,5 tahun atau lebih,2 minggu sekali,Menikah,2 anak,Sarjana (S1),Pegawai Negeri Sipil (Guru),A2 : Rp. 3.000.001 - Rp. 4.500.000,Rp. 4.500.000 - Rp 6.000.000,10.0,6.0,6.0,Promoter,6.0,1.0,5.0,Satisfied,4.0,,6.0,5.0,5.0,6.0,6.0,6.0,,6.0,6.0,6.0,6.0,6.0,6.0,6.0,6.0,6.0,1.0,1.0,1.0,1.0,1.0,1.0,1.0
197875892,Banten,Pandeglang,Pandeglang 3,Teller (KUOTA 50%),Pria,50,46 - 50 tahun,5 tahun atau lebih,1 minggu 2 kali atau lebih,Menikah,> 4 anak,Sarjana (S1),Pegawai Negeri Sipil (Guru),A2 : Rp. 3.000.001 - Rp. 4.500.000,Rp 6.000.001 - Rp 7.500.000,10.0,6.0,6.0,Promoter,6.0,1.1428571428571428,4.857142857142858,Loyal Champion,4.0,3.0,6.0,6.0,5.0,6.0,6.0,6.0,6.0,6.0,6.0,6.0,6.0,6.0,6.0,6.0,6.0,6.0,1.0,1.0,1.0,1.0,1.0,1.0,2.0
197875940,Jawa Barat,Bekasi,Bekasi 3,CS (KUOTA 50%),Pria,35,31 - 35 tahun,5 tahun atau lebih,1 minggu 2 kali atau lebih,Menikah,2 anak,Akademi/D3,Pegawai/Karyawan Swasta,A2 : Rp. 3.000.001 - Rp. 4.500.000,Rp 10.500.0001 - Rp 15.000.000,10.0,6.0,6.0,Promoter,6.0,1.0,5.0,Loyal Champion,4.0,3.0,6.0,6.0,6.0,6.0,6.0,,6.0,6.0,6.0,6.0,6.0,6.0,6.0,6.0,6.0,6.0,1.0,1.0,1.0,1.0,1.0,1.0,1.0
197876029,Jawa Barat,Subang,Subang 2,Teller (KUOTA 50%),Pria,34,31 - 35 tahun,5 tahun atau lebih,2 minggu sekali,Menikah,2 anak,Sarjana (S1),Tenaga Honorer,C2 : Rp. 1.000.001 - Rp. 1.500.000,Rp. 1.500.001 - Rp. 2.000.000,10.0,6.0,6.0,Promoter,6.0,1.0,5.0,Satisfied,4.0,,6.0,6.0,6.0,6.0,6.0,6.0,6.0,6.0,6.0,6.0,6.0,6.0,6.0,6.0,6.0,6.0,1.0,1.0,1.0,1.0,1.0,1.0,1.0
197876080,Jawa Barat,Banjar,Banjar 1,Teller (KUOTA 50%),Pria,23,20 - 25 tahun,1 tahun s/d 2 tahun 11 bulan,1 bulan sekali,Belum menikah,Tidak memiliki anak,SLTA,Pegawai/Karyawan Swasta,C2 : Rp. 1.000.001 - Rp. 1.500.000,Rp. 3.000.001 - Rp. 4.500.000,10.0,6.0,6.0,Promoter,6.0,1.0,5.0,Unknown,,,6.0,6.0,6.0,6.0,6.0,6.0,6.0,6.0,6.0,6.0,6.0,6.0,6.0,6.0,6.0,6.0,1.0,1.0,1.0,1.0,1.0,1.0,1.0
197876125,Jawa Barat,Majalengka,Majalengka 2,CS (KUOTA 50%),Pria,50,46 - 50 tahun,5 tahun atau lebih,1 bulan sekali,Menikah,2 anak,Sarjana (S1),Pegawai Negeri Sipil (Bukan Guru),A2 : Rp. 3.000.001 - Rp. 4.500.000,Rp. 4.500.000 - Rp 6.000.000,10.0,6.0,6.0,Promoter,6.0,1.0,5.0,Satisfied,4.0,,6.0,5.0,5.0,5.0,6.0,,6.0,6.0,6.0,6.0,6.0,6.0,6.0,6.0,6.0,6.0,1.0,1.0,1.0,1.0,1.0,1.0,1.0
197876171,Jawa Barat,Ciamis,Ciamis 2,CS (KUOTA 50%),Wanita,43,41 - 45 tahun,5 tahun atau lebih,1 minggu 2 kali atau lebih,Menikah,2 anak,Sarjana (S1),Pegawai Negeri Sipil (Bukan Guru),A2 : Rp. 3.000.001 - Rp. 4.500.000,Rp 7.500.001- Rp 9.000.000,10.0,6.0,6.0,Promoter,6.0,1.0,5.0,Loyal Champion,4.0,3.0,6.0,6.0,6.0,6.0,6.0,,6.0,6.0,6.0,6.0,6.0,6.0,6.0,6.0,6.0,6.0,1.0,1.0,1.0,1.0,1.0,1.0,1.0
197876293,Jawa Barat,Tasikmalaya,Tasikmalaya 4,CS (KUOTA 50%),Pria,40,36 - 40 tahun,5 tahun atau lebih,1 minggu 2 kali atau lebih,Menikah,1 anak,Sarjana (S1),Tenaga Honorer,A2 : Rp. 3.000.001 - Rp. 4.500.000,Rp. 3.000.001 - Rp. 4.500.000,10.0,6.0,6.0,Promoter,6.0,1.0,5.0,Loyal Champion,4.0,3.0,6.0,6.0,6.0,6.0,6.0,6.0,6.0,6.0,6.0,6.0,6.0,6.0,6.0,6.0,6.0,6.0,1.0,1.0,1.0,1.0,1.0,1.0,1.0
197876337,Banten,Cilegon,Cilegon 2,CS (KUOTA 50%),Pria,44,41 - 45 tahun,5 tahun atau lebih,1 minggu 2 kali atau lebih,Menikah,2 anak,Sarjana (S1),Wiraswasta/Pengusaha/Pedagang,A1.4 : Rp 10.500.0001 - Rp 15.000.000,Di atas Rp 25.000.000,10.0,6.0,6.0,Promoter,6.0,1.0,5.0,Loyal Champion,4.0,3.0,6.0,6.0,6.0,6.0,6.0,,6.0,6.0,6.0,6.0,6.0,6.0,6.0,6.0,6.0,6.0,1.0,1.0,1.0,1.0,1.0,1.0,1.0
197876491,Jawa Barat,Majalengka,Majalengka 2,CS (KUOTA 50%),Pria,24,20 - 25 tahun,1 tahun s/d 2 tahun 11 bulan,1 bulan sekali,Belum menikah,Tidak memiliki anak,SLTA,Tenaga Honorer,C2 : Rp. 1.000.001 - Rp. 1.500.000,Rp. 1.500.001 - Rp. 2.000.000,8.0,6.0,6.0,Passive,6.0,1.0,5.0,Unknown,,,6.0,5.0,6.0,6.0,6.0,,6.0,6.0,6.0,6.0,6.0,6.0,6.0,6.0,6.0,6.0,1.0,1.0,1.0,1.0,1.0,1.0,1.0
197876498,Jawa Barat,Bekasi,Bekasi 2,Teller (KUOTA 50%),Wanita,31,31 - 35 tahun,5 tahun atau lebih,2 minggu sekali,Menikah,1 anak,Sarjana (S1),Pegawai/Karyawan Swasta,A1 : Rp. 4.500.000 - Rp 6.000.000,Rp 10.500.0001 - Rp 15.000.000,10.0,6.0,6.0,Promoter,6.0,1.0,5.0,Satisfied,4.0,,6.0,6.0,6.0,6.0,6.0,6.0,6.0,6.0,6.0,6.0,6.0,6.0,6.0,6.0,6.0,6.0,1.0,1.0,1.0,1.0,1.0,1.0,1.0
197876507,Jawa Barat,Bandung,Bandung 11,Teller (KUOTA 50%),Wanita,49,46 - 50 tahun,5 tahun atau lebih,2 minggu sekali,Menikah,2 anak,Sarjana (S1),Pegawai Negeri Sipil (Guru),A1.1 : Rp 6.000.001 - Rp 7.500.000,Rp 6.000.001 - Rp 7.500.000,10.0,6.0,6.0,Promoter,5.0,2.142857142857143,2.857142857142857,Satisfied,4.0,,6.0,6.0,6.0,6.0,6.0,6.0,,5.0,5.0,5.0,5.0,5.0,5.0,5.0,5.0,5.0,2.0,1.0,5.0,2.0,2.0,1.0,2.0
197876558,Jawa Barat,Sukabumi,Sukabumi 3,CS (KUOTA 50%),Pria,42,41 - 45 tahun,5 tahun atau lebih,1 minggu 2 kali atau lebih,Menikah,4 anak,SLTA,Tenaga Honorer,A2 : Rp. 3.000.001 - Rp. 4.500.000,Rp. 3.000.001 - Rp. 4.500.000,10.0,6.0,6.0,Promoter,6.0,1.0,5.0,Loyal Champion,4.0,3.0,6.0,6.0,6.0,6.0,6.0,,6.0,6.0,6.0,6.0,6.0,6.0,6.0,6.0,6.0,6.0,1.0,1.0,1.0,1.0,1.0,1.0,1.0
197876569,Kepulauan Riau,Batam,Batam 1,CS (KUOTA 50%),Wanita,24,20 - 25 tahun,5 tahun atau lebih,1 bulan sekali,Menikah,Tidak memiliki anak,SLTA,Pegawai/Karyawan Swasta,A1 : Rp. 4.500.000 - Rp 6.000.000,Rp 9.000.001- Rp 10.500.000,8.0,6.0,6.0,Passive,5.111111111111111,1.1428571428571428,3.968253968253968,Passive,4.0,,6.0,6.0,6.0,6.0,6.0,,6.0,5.0,5.0,5.0,5.0,6.0,5.0,5.0,5.0,5.0,1.0,1.0,1.0,1.0,1.0,1.0,2.0
197876608,Jawa Barat,Garut,Garut 1,Teller (KUOTA 50%),Wanita,23,20 - 25 tahun,1 tahun s/d 2 tahun 11 bulan,1 bulan sekali,Belum menikah,Tidak memiliki anak,SLTA,Mahasiswa/i,A1 : Rp. 4.500.000 - Rp 6.000.000,Rp. 1.500.001 - Rp. 2.000.000,10.0,6.0,6.0,Promoter,6.0,1.0,5.0,Unknown,,,6.0,6.0,6.0,5.0,6.0,6.0,6.0,6.0,6.0,6.0,6.0,6.0,6.0,6.0,6.0,6.0,1.0,1.0,1.0,1.0,1.0,1.0,1.0
197876629,Jawa Barat,Bandung,Bandung 5,Teller (KUOTA 50%),Pria,38,36 - 40 tahun,5 tahun atau lebih,1 bulan sekali,Menikah,2 anak,SLTA,Lainnya,A1 : Rp. 4.500.000 - Rp 6.000.000,Rp. 4.500.000 - Rp 6.000.000,10.0,6.0,6.0,Promoter,6.0,1.0,5.0,Satisfied,4.0,,6.0,6.0,6.0,6.0,6.0,6.0,6.0,6.0,6.0,6.0,6.0,6.0,6.0,6.0,6.0,6.0,1.0,1.0,1.0,1.0,1.0,1.0,1.0
197876726,Sumatera Selatan,Ogan Ilir,Ogan Ilir 1,CS (KUOTA 50%),Wanita,20,20 - 25 tahun,1 tahun s/d 2 tahun 11 bulan,1 minggu sekali,Belum menikah,Tidak memiliki anak,SLTA,Pegawai/Karyawan Swasta,A2 : Rp. 3.000.001 - Rp. 4.500.000,Rp. 4.500.000 - Rp 6.000.000,10.0,6.0,6.0,Promoter,6.0,1.0,5.0,Unknown,,,6.0,6.0,6.0,6.0,6.0,,6.0,6.0,6.0,6.0,6.0,6.0,6.0,6.0,6.0,6.0,1.0,1.0,1.0,1.0,1.0,1.0,1.0
197876740,Jawa Barat,Bandung,Bandung 8,Teller (KUOTA 50%),Pria,38,36 - 40 tahun,5 tahun atau lebih,1 minggu sekali,Menikah,3 anak,SLTA,Pegawai/Karyawan Swasta,A1.5 : Rp 15.000.001- Rp 20.000.000,Di atas Rp 25.000.000,8.0,6.0,6.0,Passive,6.0,1.0,5.0,Passive,4.0,,6.0,6.0,6.0,6.0,6.0,6.0,,6.0,6.0,6.0,6.0,6.0,6.0,6.0,6.0,6.0,1.0,1.0,1.0,1.0,1.0,1.0,1.0
197876820,Jawa Tengah,Pekalongan,Pekalongan 1,Teller (KUOTA 50%),Pria,32,31 - 35 tahun,3 tahun s/d 4 tahun 11 bulan,1 minggu sekali,Menikah,2 anak,SLTA,Pegawai Negeri Sipil (Bukan Guru),A1.1 : Rp 6.000.001 - Rp 7.500.000,Rp 7.500.001- Rp 9.000.000,9.0,6.0,6.0,Promoter,6.0,1.0,5.0,Unknown,,,6.0,6.0,6.0,6.0,6.0,6.0,,6.0,6.0,6.0,6.0,6.0,6.0,6.0,6.0,6.0,1.0,1.0,1.0,1.0,1.0,1.0,1.0
197877007,Banten,Pandeglang,Pandeglang 3,CS (KUOTA 50%),Wanita,39,36 - 40 tahun,5 tahun atau lebih,1 minggu sekali,Menikah,3 anak,Sarjana (S1),Pegawai Negeri Sipil (Guru),A2 : Rp. 3.000.001 - Rp. 4.500.000,Rp. 3.000.001 - Rp. 4.500.000,10.0,6.0,6.0,Promoter,6.0,1.0,5.0,Satisfied,4.0,,6.0,6.0,6.0,6.0,6.0,,6.0,6.0,6.0,6.0,6.0,6.0,6.0,6.0,6.0,6.0,1.0,1.0,1.0,1.0,1.0,1.0,1.0
197877020,Banten,Pandeglang,Pandeglang 3,CS (KUOTA 50%),Pria,48,46 - 50 tahun,5 tahun atau lebih,1 minggu sekali,Menikah,4 anak,Sarjana (S1),Pegawai Negeri Sipil (Guru),A2 : Rp. 3.000.001 - Rp. 4.500.000,Rp. 4.500.000 - Rp 6.000.000,10.0,6.0,6.0,Promoter,5.888888888888889,1.0,4.888888888888889,Satisfied,4.0,,6.0,6.0,6.0,6.0,6.0,,6.0,6.0,6.0,6.0,6.0,6.0,6.0,6.0,6.0,5.0,1.0,1.0,1.0,1.0,1.0,1.0,1.0
197877061,Jawa Barat,Bogor,Bogor 2,Teller (KUOTA 50%),Wanita,33,31 - 35 tahun,5 tahun atau lebih,2 minggu sekali,Menikah,2 anak,Sarjana (S1),Pegawai Negeri Sipil (Bukan Guru),A1.1 : Rp 6.000.001 - Rp 7.500.000,Rp 7.500.001- Rp 9.000.000,8.0,6.0,6.0,Passive,4.888888888888889,2.2857142857142856,2.6031746031746037,Passive,4.0,,5.0,5.0,5.0,5.0,5.0,6.0,,5.0,5.0,5.0,5.0,5.0,5.0,4.0,5.0,5.0,2.0,1.0,2.0,5.0,2.0,2.0,2.0
197877062,Jawa Barat,Bogor,Bogor 2,CS (KUOTA 50%),Pria,49,46 - 50 tahun,5 tahun atau lebih,1 minggu 2 kali atau lebih,Menikah,4 anak,SLTA,Sedang Tidak Bekerja,A1.1 : Rp 6.000.001 - Rp 7.500.000,Rp 7.500.001- Rp 9.000.000,9.0,6.0,6.0,Promoter,5.0,2.0,3.0,Loyal Champion,4.0,3.0,6.0,6.0,6.0,6.0,6.0,,6.0,5.0,5.0,5.0,5.0,5.0,5.0,5.0,5.0,5.0,2.0,2.0,2.0,2.0,2.0,2.0,2.0
197877080,Jawa Barat,Cianjur,Cianjur 1,CS (KUOTA 50%),Wanita,45,41 - 45 tahun,5 tahun atau lebih,1 minggu sekali,Menikah,2 anak,Sarjana (S1),Pegawai Negeri Sipil (Bukan Guru),A1 : Rp. 4.500.000 - Rp 6.000.000,Rp 6.000.001 - Rp 7.500.000,7.0,5.0,6.0,Passive,5.111111111111111,4.571428571428571,0.5396825396825395,Passive,4.0,,5.0,4.0,4.0,5.0,5.0,,4.0,5.0,6.0,5.0,5.0,6.0,6.0,4.0,5.0,4.0,4.0,5.0,4.0,5.0,5.0,3.0,6.0
197877084,Jawa Barat,Majalengka,Majalengka 2,Teller (KUOTA 50%),Pria,29,26 - 30 tahun,3 tahun s/d 4 tahun 11 bulan,1 minggu sekali,Menikah,Tidak memiliki anak,SLTA,Wiraswasta/Pengusaha/Pedagang,B : Rp. 2.000.001 - Rp. 3.000.000,Rp. 3.000.001 - Rp. 4.500.000,10.0,6.0,5.0,Promoter,6.0,1.0,5.0,Unknown,,,6.0,6.0,6.0,6.0,6.0,6.0,,6.0,6.0,6.0,6.0,6.0,6.0,6.0,6.0,6.0,1.0,1.0,1.0,1.0,1.0,1.0,1.0
197877146,DKI Jakarta,Jakarta Barat,Jakarta Barat 1,Teller (KUOTA 50%),Pria,29,26 - 30 tahun,3 tahun s/d 4 tahun 11 bulan,1 minggu 2 kali atau lebih,Menikah,2 anak,Akademi/D3,Wiraswasta/Pengusaha/Pedagang,A1.4 : Rp 10.500.0001 - Rp 15.000.000,Rp 15.000.001- Rp 20.000.000,9.0,6.0,6.0,Promoter,5.888888888888889,5.857142857142857,0.03174603174603252,Unknown,,3.0,5.0,5.0,5.0,5.0,6.0,6.0,,5.0,6.0,6.0,6.0,6.0,6.0,6.0,6.0,6.0,6.0,6.0,6.0,6.0,6.0,6.0,5.0
197877147,DKI Jakarta,Jakarta Barat,Jakarta Barat 5,Teller (KUOTA 50%),Wanita,25,20 - 25 tahun,3 tahun s/d 4 tahun 11 bulan,1 minggu 2 kali atau lebih,Menikah,1 anak,Sarjana (S1),Pegawai/Karyawan Swasta,A1.4 : Rp 10.500.0001 - Rp 15.000.000,Rp 15.000.001- Rp 20.000.000,10.0,6.0,6.0,Promoter,5.666666666666667,5.571428571428571,0.09523809523809579,Unknown,,3.0,5.0,6.0,6.0,6.0,6.0,6.0,,6.0,6.0,5.0,6.0,6.0,6.0,5.0,6.0,5.0,5.0,5.0,6.0,5.0,6.0,6.0,6.0
197877255,Banten,Cilegon,Cilegon 2,CS (KUOTA 50%),Pria,33,31 - 35 tahun,5 tahun atau lebih,1 minggu sekali,Menikah,2 anak,SLTA,Wiraswasta/Pengusaha/Pedagang,A1.4 : Rp 10.500.0001 - Rp 15.000.000,Di atas Rp 25.000.000,10.0,6.0,6.0,Promoter,6.0,1.0,5.0,Satisfied,4.0,,6.0,6.0,6.0,6.0,6.0,,6.0,6.0,6.0,6.0,6.0,6.0,6.0,6.0,6.0,6.0,1.0,1.0,1.0,1.0,1.0,1.0,1.0
197877453,Jawa Barat,Bandung,Bandung 13,Teller (KUOTA 50%),Wanita,33,31 - 35 tahun,5 tahun atau lebih,1 bulan sekali,Menikah,Tidak memiliki anak,Sarjana (S1),Tenaga Honorer,B : Rp. 2.000.001 - Rp. 3.000.000,Rp 7.500.001- Rp 9.000.000,9.0,6.0,6.0,Promoter,5.444444444444445,1.0,4.444444444444445,Satisfied,4.0,,6.0,6.0,6.0,6.0,6.0,6.0,,6.0,6.0,6.0,6.0,6.0,6.0,6.0,1.0,6.0,1.0,1.0,1.0,1.0,1.0,1.0,1.0
197877454,Jawa Barat,Bandung,Bandung 13,CS (KUOTA 50%),Pria,44,41 - 45 tahun,3 tahun s/d 4 tahun 11 bulan,1 bulan sekali,Menikah,2 anak,SLTA,Pegawai/Karyawan Swasta,A1.1 : Rp 6.000.001 - Rp 7.500.000,Rp 9.000.001- Rp 10.500.000,10.0,6.0,6.0,Promoter,6.0,1.0,5.0,Unknown,,,6.0,6.0,6.0,6.0,6.0,,6.0,6.0,6.0,6.0,6.0,6.0,6.0,6.0,6.0,6.0,1.0,1.0,1.0,1.0,1.0,1.0,1.0
197877455,Jawa Barat,Bandung,Bandung 13,CS (KUOTA 50%),Pria,42,41 - 45 tahun,5 tahun atau lebih,1 bulan sekali,Menikah,> 4 anak,SLTA,Pegawai Negeri Sipil (Bukan Guru),A1 : Rp. 4.500.000 - Rp 6.000.000,Rp 6.000.001 - Rp 7.500.000,10.0,6.0,6.0,Promoter,6.0,1.0,5.0,Satisfied,4.0,,6.0,6.0,6.0,6.0,6.0,,6.0,6.0,6.0,6.0,6.0,6.0,6.0,6.0,6.0,6.0,1.0,1.0,1.0,1.0,1.0,1.0,1.0
197877456,Jawa Barat,Bandung,Bandung 13,Teller (KUOTA 50%),Wanita,35,31 - 35 tahun,5 tahun atau lebih,2 minggu sekali,Menikah,2 anak,Sarjana (S1),Pegawai Negeri Sipil (Guru),C1 : Rp. 1.500.001 - Rp. 2.000.000,Rp 6.000.001 - Rp 7.500.000,10.0,6.0,6.0,Promoter,5.444444444444445,1.0,4.444444444444445,Satisfied,4.0,,6.0,6.0,6.0,6.0,6.0,6.0,,6.0,6.0,6.0,6.0,6.0,6.0,6.0,1.0,6.0,1.0,1.0,1.0,1.0,1.0,1.0,1.0
197877457,Jawa Barat,Bandung,Bandung 13,CS (KUOTA 50%),Pria,50,46 - 50 tahun,5 tahun atau lebih,1 minggu sekali,Menikah,3 anak,SLTA,Pegawai Negeri Sipil (Bukan Guru),A2 : Rp. 3.000.001 - Rp. 4.500.000,Rp 9.000.001- Rp 10.500.000,10.0,6.0,6.0,Promoter,5.444444444444445,1.0,4.444444444444445,Satisfied,4.0,,6.0,6.0,6.0,6.0,6.0,,6.0,6.0,6.0,6.0,6.0,6.0,6.0,6.0,1.0,6.0,1.0,1.0,1.0,1.0,1.0,1.0,1.0
197877458,Jawa Barat,Bandung,Bandung 13,Teller (KUOTA 50%),Wanita,50,46 - 50 tahun,5 tahun atau lebih,2 minggu sekali,Menikah,2 anak,Sarjana (S1),Pegawai Negeri Sipil (Guru),A1.5 : Rp 15.000.001- Rp 20.000.000,Rp 20.000.001 - Rp 25.000.000,10.0,6.0,6.0,Promoter,6.0,1.0,5.0,Satisfied,4.0,,6.0,6.0,6.0,6.0,6.0,6.0,,6.0,6.0,6.0,6.0,6.0,6.0,6.0,6.0,6.0,1.0,1.0,1.0,1.0,1.0,1.0,1.0
197877459,Jawa Barat,Bandung,Bandung 13,CS (KUOTA 50%),Wanita,37,36 - 40 tahun,5 tahun atau lebih,1 bulan sekali,Menikah,Tidak memiliki anak,Sarjana (S1),Guru (Non PNS),B : Rp. 2.000.001 - Rp. 3.000.000,Rp. 3.000.001 - Rp. 4.500.000,8.0,6.0,6.0,Passive,6.0,1.0,5.0,Passive,4.0,,6.0,6.0,6.0,6.0,6.0,6.0,6.0,6.0,6.0,6.0,6.0,6.0,6.0,6.0,6.0,6.0,1.0,1.0,1.0,1.0,1.0,1.0,1.0
197877472,Jawa Barat,Cianjur,Cianjur 1,CS (KUOTA 50%),Pria,26,26 - 30 tahun,5 tahun atau lebih,1 bulan sekali,Menikah,1 anak,SLTA,Pegawai Negeri Sipil (Bukan Guru),A1 : Rp. 4.500.000 - Rp 6.000.000,Rp 9.000.001- Rp 10.500.000,10.0,6.0,6.0,Promoter,6.0,2.2857142857142856,3.7142857142857144,Satisfied,4.0,,6.0,6.0,6.0,5.0,6.0,,5.0,6.0,6.0,6.0,6.0,6.0,6.0,6.0,6.0,6.0,1.0,6.0,5.0,1.0,1.0,1.0,1.0
197877517,Jawa Barat,Bandung,Bandung 11,Teller (KUOTA 50%),Wanita,50,46 - 50 tahun,5 tahun atau lebih,2 minggu sekali,Menikah,2 anak,Paska Sarjana (S2),Pegawai Negeri Sipil (Guru),A1.5 : Rp 15.000.001- Rp 20.000.000,Di atas Rp 25.000.000,10.0,6.0,6.0,Promoter,5.0,2.0,3.0,Satisfied,4.0,,5.0,5.0,5.0,6.0,6.0,6.0,,5.0,5.0,5.0,5.0,5.0,5.0,5.0,5.0,5.0,2.0,2.0,2.0,2.0,2.0,2.0,2.0
197877621,Jawa Tengah,Tegal,Tegal 1,CS (KUOTA 50%),Pria,30,26 - 30 tahun,1 tahun s/d 2 tahun 11 bulan,1 bulan sekali,Menikah,3 anak,SLTA,Pegawai/Karyawan Swasta,B : Rp. 2.000.001 - Rp. 3.000.000,Rp. 3.000.001 - Rp. 4.500.000,8.0,6.0,6.0,Passive,5.777777777777778,1.0,4.777777777777778,Unknown,,,6.0,6.0,6.0,6.0,6.0,,6.0,6.0,6.0,6.0,6.0,6.0,4.0,6.0,6.0,6.0,1.0,1.0,1.0,1.0,1.0,1.0,1.0
197877639,Jawa Barat,Bekasi,Bekasi 3,Teller (KUOTA 50%),Wanita,37,36 - 40 tahun,3 tahun s/d 4 tahun 11 bulan,1 minggu 2 kali atau lebih,Menikah,1 anak,Sarjana (S1),Pegawai/Karyawan Swasta,C1 : Rp. 1.500.001 - Rp. 2.000.000,Rp. 4.500.000 - Rp 6.000.000,10.0,6.0,6.0,Promoter,6.0,1.0,5.0,Unknown,,3.0,6.0,6.0,6.0,6.0,6.0,6.0,6.0,6.0,6.0,6.0,6.0,6.0,6.0,6.0,6.0,6.0,1.0,1.0,1.0,1.0,1.0,1.0,1.0
197877741,Banten,Tangerang,Tangerang 2,CS (KUOTA 50%),Wanita,29,26 - 30 tahun,1 tahun s/d 2 tahun 11 bulan,1 bulan sekali,Belum menikah,Tidak memiliki anak,Sarjana (S1),Pegawai Negeri Sipil (Guru),B : Rp. 2.000.001 - Rp. 3.000.000,Rp. 3.000.001 - Rp. 4.500.000,8.0,5.0,6.0,Passive,5.444444444444445,1.8571428571428572,3.5873015873015874,Unknown,,,4.0,5.0,5.0,5.0,5.0,,5.0,6.0,6.0,6.0,6.0,5.0,6.0,6.0,2.0,6.0,2.0,1.0,1.0,6.0,1.0,1.0,1.0
197877809,Jawa Barat,Banjar,Banjar 1,Teller (KUOTA 50%),Pria,25,20 - 25 tahun,5 tahun atau lebih,1 minggu sekali,Belum menikah,Tidak memiliki anak,SLTA,Pegawai/Karyawan Swasta,C1 : Rp. 1.500.001 - Rp. 2.000.000,Rp. 3.000.001 - Rp. 4.500.000,10.0,6.0,6.0,Promoter,6.0,1.0,5.0,Satisfied,4.0,,6.0,6.0,6.0,6.0,6.0,6.0,6.0,6.0,6.0,6.0,6.0,6.0,6.0,6.0,6.0,6.0,1.0,1.0,1.0,1.0,1.0,1.0,1.0
197877948,Jawa Barat,Majalengka,Majalengka 2,Teller (KUOTA 50%),Wanita,41,41 - 45 tahun,3 tahun s/d 4 tahun 11 bulan,1 bulan sekali,Menikah,2 anak,Sarjana (S1),Guru (Non PNS),A2 : Rp. 3.000.001 - Rp. 4.500.000,Rp. 4.500.000 - Rp 6.000.000,10.0,6.0,6.0,Promoter,6.0,1.0,5.0,Unknown,,,6.0,6.0,6.0,6.0,6.0,6.0,,6.0,6.0,6.0,6.0,6.0,6.0,6.0,6.0,6.0,1.0,1.0,1.0,1.0,1.0,1.0,1.0
197878168,Jawa Barat,Bogor,Bogor 2,Teller (KUOTA 50%),Wanita,33,31 - 35 tahun,5 tahun atau lebih,1 minggu sekali,Menikah,Tidak memiliki anak,SLTA,Lainnya,C1 : Rp. 1.500.001 - Rp. 2.000.000,Rp. 3.000.001 - Rp. 4.500.000,10.0,6.0,6.0,Promoter,6.0,1.1428571428571428,4.857142857142858,Satisfied,4.0,,6.0,6.0,6.0,6.0,6.0,6.0,,6.0,6.0,6.0,6.0,6.0,6.0,6.0,6.0,6.0,1.0,1.0,1.0,1.0,2.0,1.0,1.0
197878169,Jawa Barat,Bogor,Bogor 2,CS (KUOTA 50%),Wanita,26,26 - 30 tahun,5 tahun atau lebih,1 minggu 2 kali atau lebih,Menikah,Tidak memiliki anak,SLTA,Pegawai/Karyawan Swasta,A2 : Rp. 3.000.001 - Rp. 4.500.000,Rp 9.000.001- Rp 10.500.000,8.0,6.0,6.0,Passive,5.111111111111111,2.0,3.1111111111111107,Passive,4.0,3.0,6.0,6.0,6.0,6.0,6.0,,6.0,6.0,5.0,5.0,5.0,5.0,6.0,4.0,5.0,5.0,2.0,2.0,2.0,2.0,2.0,2.0,2.0
197878170,Jawa Barat,Bogor,Bogor 2,CS (KUOTA 50%),Pria,24,20 - 25 tahun,5 tahun atau lebih,1 minggu 2 kali atau lebih,Belum menikah,Tidak memiliki anak,SLTA,Pegawai/Karyawan Swasta,C1 : Rp. 1.500.001 - Rp. 2.000.000,Rp. 4.500.000 - Rp 6.000.000,9.0,6.0,6.0,Promoter,5.888888888888889,2.0,3.8888888888888893,Loyal Champion,4.0,3.0,6.0,6.0,6.0,6.0,6.0,,6.0,6.0,6.0,6.0,6.0,6.0,6.0,5.0,6.0,6.0,2.0,2.0,2.0,2.0,2.0,2.0,2.0
197878171,Jawa Barat,Bogor,Bogor 2,CS (KUOTA 50%),Pria,42,41 - 45 tahun,5 tahun atau lebih,1 minggu 2 kali atau lebih,Menikah,1 anak,SLTA,Pegawai/Karyawan Swasta,A2 : Rp. 3.000.001 - Rp. 4.500.000,Rp 7.500.001- Rp 9.000.000,9.0,6.0,6.0,Promoter,5.888888888888889,1.0,4.888888888888889,Loyal Champion,4.0,3.0,6.0,6.0,6.0,6.0,6.0,,6.0,6.0,6.0,6.0,6.0,6.0,6.0,5.0,6.0,6.0,1.0,1.0,1.0,1.0,1.0,1.0,1.0
197878283,Banten,Tangerang,Tangerang 1,Teller (KUOTA 50%),Wanita,39,36 - 40 tahun,1 tahun s/d 2 tahun 11 bulan,1 minggu 2 kali atau lebih,Menikah,3 anak,Akademi/D3,Pegawai/Karyawan Swasta,A2 : Rp. 3.000.001 - Rp. 4.500.000,Rp 6.000.001 - Rp 7.500.000,9.0,6.0,6.0,Promoter,5.777777777777778,1.0,4.777777777777778,Unknown,,3.0,6.0,6.0,6.0,6.0,6.0,6.0,6.0,6.0,6.0,6.0,6.0,6.0,5.0,6.0,5.0,6.0,1.0,1.0,1.0,1.0,1.0,1.0,1.0
197878395,Jawa Barat,Bogor,Bogor 2,CS (KUOTA 50%),Pria,25,20 - 25 tahun,5 tahun atau lebih,1 minggu 2 kali atau lebih,Belum menikah,Tidak memiliki anak,SLTA,Pegawai/Karyawan Swasta,A2 : Rp. 3.000.001 - Rp. 4.500.000,Rp. 4.500.000 - Rp 6.000.000,8.0,6.0,6.0,Passive,5.0,2.0,3.0,Passive,4.0,3.0,6.0,6.0,6.0,6.0,6.0,,6.0,5.0,5.0,5.0,5.0,5.0,5.0,5.0,5.0,5.0,2.0,2.0,2.0,2.0,2.0,2.0,2.0
197878789,Banten,Pandeglang,Pandeglang 3,CS (KUOTA 50%),Pria,45,41 - 45 tahun,5 tahun atau lebih,1 minggu sekali,Menikah,> 4 anak,Sarjana (S1),Pegawai Negeri Sipil (Guru),B : Rp. 2.000.001 - Rp. 3.000.000,Rp. 2.000.001 - Rp. 3.000.000,10.0,6.0,6.0,Promoter,6.0,1.7142857142857142,4.285714285714286,Satisfied,4.0,,6.0,5.0,5.0,5.0,6.0,,6.0,6.0,6.0,6.0,6.0,6.0,6.0,6.0,6.0,6.0,1.0,1.0,1.0,6.0,1.0,1.0,1.0
197879072,Jawa Barat,Purwakarta,Purwakarta 1,CS (KUOTA 50%),Wanita,20,20 - 25 tahun,3 tahun s/d 4 tahun 11 bulan,1 bulan sekali,Belum menikah,Tidak memiliki anak,SLTA,Mahasiswa/i,B : Rp. 2.000.001 - Rp. 3.000.000,Rp. 3.000.001 - Rp. 4.500.000,10.0,6.0,6.0,Promoter,6.0,1.0,5.0,Unknown,,,6.0,6.0,6.0,6.0,6.0,,6.0,6.0,6.0,6.0,6.0,6.0,6.0,6.0,6.0,6.0,1.0,1.0,1.0,1.0,1.0,1.0,1.0
197879073,Jawa Barat,Purwakarta,Purwakarta 1,Teller (KUOTA 50%),Wanita,43,41 - 45 tahun,5 tahun atau lebih,1 minggu sekali,Belum menikah,Tidak memiliki anak,Sarjana (S1),Pegawai Negeri Sipil (Guru),A1 : Rp. 4.500.000 - Rp 6.000.000,Rp. 4.500.000 - Rp 6.000.000,10.0,6.0,6.0,Promoter,6.0,1.0,5.0,Satisfied,4.0,,6.0,6.0,6.0,6.0,6.0,6.0,,6.0,6.0,6.0,6.0,6.0,6.0,6.0,6.0,6.0,1.0,1.0,1.0,1.0,1.0,1.0,1.0
197879074,Jawa Barat,Purwakarta,Purwakarta 1,Teller (KUOTA 50%),Wanita,39,36 - 40 tahun,5 tahun atau lebih,1 minggu sekali,Menikah,Tidak memiliki anak,Sarjana (S1),Pegawai Negeri Sipil (Guru),B : Rp. 2.000.001 - Rp. 3.000.000,Rp. 4.500.000 - Rp 6.000.000,10.0,6.0,6.0,Promoter,6.0,1.0,5.0,Satisfied,4.0,,6.0,6.0,6.0,6.0,6.0,6.0,,6.0,6.0,6.0,6.0,6.0,6.0,6.0,6.0,6.0,1.0,1.0,1.0,1.0,1.0,1.0,1.0
197879429,Jawa Barat,Majalengka,Majalengka 2,Teller (KUOTA 50%),Pria,22,20 - 25 tahun,1 tahun s/d 2 tahun 11 bulan,1 minggu sekali,Belum menikah,Tidak memiliki anak,SLTA,Pegawai Negeri Sipil (Bukan Guru),A1 : Rp. 4.500.000 - Rp 6.000.000,Rp 9.000.001- Rp 10.500.000,10.0,6.0,6.0,Promoter,6.0,1.0,5.0,Unknown,,,6.0,6.0,6.0,6.0,6.0,6.0,,6.0,6.0,6.0,6.0,6.0,6.0,6.0,6.0,6.0,1.0,1.0,1.0,1.0,1.0,1.0,1.0
197879430,Jawa Barat,Majalengka,Majalengka 2,Teller (KUOTA 50%),Pria,24,20 - 25 tahun,3 tahun s/d 4 tahun 11 bulan,1 minggu sekali,Belum menikah,Tidak memiliki anak,SLTA,Pegawai/Karyawan Swasta,B : Rp. 2.000.001 - Rp. 3.000.000,Rp. 2.000.001 - Rp. 3.000.000,10.0,6.0,6.0,Promoter,6.0,1.7142857142857142,4.285714285714286,Unknown,,,6.0,6.0,6.0,6.0,6.0,6.0,,6.0,6.0,6.0,6.0,6.0,6.0,6.0,6.0,6.0,1.0,1.0,1.0,1.0,1.0,6.0,1.0
197879444,Jawa Barat,Majalengka,Majalengka 2,Teller (KUOTA 50%),Pria,28,26 - 30 tahun,5 tahun atau lebih,1 minggu sekali,Belum menikah,Tidak memiliki anak,SLTA,Wiraswasta/Pengusaha/Pedagang,B : Rp. 2.000.001 - Rp. 3.000.000,Rp. 2.000.001 - Rp. 3.000.000,9.0,6.0,6.0,Promoter,6.0,1.2857142857142858,4.714285714285714,Satisfied,4.0,,6.0,6.0,6.0,6.0,6.0,6.0,,6.0,6.0,6.0,6.0,6.0,6.0,6.0,6.0,6.0,1.0,1.0,1.0,1.0,1.0,1.0,3.0
197879812,Jawa Barat,Bandung,Bandung 4,CS (KUOTA 50%),Pria,50,46 - 50 tahun,5 tahun atau lebih,1 minggu 2 kali atau lebih,Menikah,2 anak,SLTA,Pegawai Negeri Sipil (Bukan Guru),B : Rp. 2.000.001 - Rp. 3.000.000,Rp 6.000.001 - Rp 7.500.000,8.0,6.0,6.0,Passive,6.0,1.0,5.0,Passive,4.0,3.0,5.0,6.0,5.0,6.0,6.0,6.0,6.0,6.0,6.0,6.0,6.0,6.0,6.0,6.0,6.0,6.0,1.0,1.0,1.0,1.0,1.0,1.0,1.0
197879813,Jawa Barat,Bandung,Bandung 4,CS (KUOTA 50%),Pria,22,20 - 25 tahun,1 tahun s/d 2 tahun 11 bulan,1 minggu sekali,Belum menikah,Tidak memiliki anak,Sarjana (S1),Guru (Non PNS),A2 : Rp. 3.000.001 - Rp. 4.500.000,Rp. 3.000.001 - Rp. 4.500.000,10.0,6.0,6.0,Promoter,6.0,1.0,5.0,Unknown,,,6.0,6.0,6.0,6.0,6.0,,6.0,6.0,6.0,6.0,6.0,6.0,6.0,6.0,6.0,6.0,1.0,1.0,1.0,1.0,1.0,1.0,1.0
197879814,Jawa Barat,Bandung,Bandung 4,Teller (KUOTA 50%),Wanita,24,20 - 25 tahun,3 tahun s/d 4 tahun 11 bulan,1 bulan sekali,Menikah,1 anak,SLTA,Perangkat Desa (Camat/Lurah/RW),A2 : Rp. 3.000.001 - Rp. 4.500.000,Rp. 4.500.000 - Rp 6.000.000,8.0,5.0,6.0,Passive,6.0,1.0,5.0,Unknown,,,5.0,6.0,5.0,6.0,6.0,5.0,,6.0,6.0,6.0,6.0,6.0,6.0,6.0,6.0,6.0,1.0,1.0,1.0,1.0,1.0,1.0,1.0
197879815,Jawa Barat,Bandung,Bandung 4,Teller (KUOTA 50%),Wanita,41,41 - 45 tahun,5 tahun atau lebih,1 bulan sekali,Menikah,3 anak,Sarjana (S1),Pegawai Negeri Sipil (Guru),A1 : Rp. 4.500.000 - Rp 6.000.000,Rp 6.000.001 - Rp 7.500.000,10.0,6.0,6.0,Promoter,6.0,1.0,5.0,Satisfied,4.0,,6.0,6.0,6.0,6.0,6.0,6.0,,6.0,6.0,6.0,6.0,6.0,6.0,6.0,6.0,6.0,1.0,1.0,1.0,1.0,1.0,1.0,1.0
197879816,Jawa Barat,Bandung,Bandung 4,Teller (KUOTA 50%),Wanita,39,36 - 40 tahun,5 tahun atau lebih,2 minggu sekali,Belum menikah,Tidak memiliki anak,Sarjana (S1),Pegawai Negeri Sipil (Guru),A1 : Rp. 4.500.000 - Rp 6.000.000,Rp 6.000.001 - Rp 7.500.000,9.0,6.0,6.0,Promoter,6.0,1.0,5.0,Satisfied,4.0,,5.0,5.0,5.0,6.0,6.0,6.0,,6.0,6.0,6.0,6.0,6.0,6.0,6.0,6.0,6.0,1.0,1.0,1.0,1.0,1.0,1.0,1.0
197879818,Jawa Barat,Bandung,Bandung 4,Teller (KUOTA 50%),Wanita,48,46 - 50 tahun,5 tahun atau lebih,1 bulan sekali,Menikah,1 anak,Paska Sarjana (S2),Guru (Non PNS),A2 : Rp. 3.000.001 - Rp. 4.500.000,Rp. 4.500.000 - Rp 6.000.000,8.0,6.0,6.0,Passive,6.0,1.0,5.0,Passive,4.0,,6.0,6.0,6.0,6.0,6.0,6.0,,6.0,6.0,6.0,6.0,6.0,6.0,6.0,6.0,6.0,1.0,1.0,1.0,1.0,1.0,1.0,1.0
197880017,Jawa Barat,Bekasi,Bekasi 3,Teller (KUOTA 50%),Pria,35,31 - 35 tahun,3 tahun s/d 4 tahun 11 bulan,1 minggu 2 kali atau lebih,Menikah,2 anak,SLTA,Wiraswasta/Pengusaha/Pedagang,A2 : Rp. 3.000.001 - Rp. 4.500.000,Rp 6.000.001 - Rp 7.500.000,10.0,6.0,6.0,Promoter,6.0,1.0,5.0,Unknown,,3.0,6.0,6.0,6.0,6.0,6.0,6.0,6.0,6.0,6.0,6.0,6.0,6.0,6.0,6.0,6.0,6.0,1.0,1.0,1.0,1.0,1.0,1.0,1.0
197880223,Jawa Barat,Bandung Barat,Bandung Barat 2,Teller (KUOTA 50%),Pria,42,41 - 45 tahun,5 tahun atau lebih,2 minggu sekali,Menikah,2 anak,Sarjana (S1),Pegawai Negeri Sipil (Bukan Guru),C1 : Rp. 1.500.001 - Rp. 2.000.000,Rp. 4.500.000 - Rp 6.000.000,8.0,5.0,5.0,Passive,5.555555555555555,4.428571428571429,1.1269841269841265,Passive,4.0,,4.0,4.0,5.0,6.0,6.0,6.0,,5.0,6.0,5.0,6.0,6.0,5.0,6.0,6.0,5.0,6.0,3.0,3.0,3.0,6.0,6.0,4.0
197880638,Jawa Barat,Majalengka,Majalengka 2,Teller (KUOTA 50%),Pria,28,26 - 30 tahun,1 tahun s/d 2 tahun 11 bulan,1 minggu sekali,Menikah,1 anak,SLTA,Wiraswasta/Pengusaha/Pedagang,A1 : Rp. 4.500.000 - Rp 6.000.000,Rp 6.000.001 - Rp 7.500.000,10.0,6.0,6.0,Promoter,6.0,1.0,5.0,Unknown,,,6.0,6.0,6.0,6.0,6.0,6.0,,6.0,6.0,6.0,6.0,6.0,6.0,6.0,6.0,6.0,1.0,1.0,1.0,1.0,1.0,1.0,1.0
197880684,Jawa Barat,Majalengka,Majalengka 2,CS (KUOTA 50%),Pria,42,41 - 45 tahun,5 tahun atau lebih,1 minggu 2 kali atau lebih,Menikah,2 anak,SLTA,Pegawai/Karyawan Swasta,A2 : Rp. 3.000.001 - Rp. 4.500.000,Rp. 3.000.001 - Rp. 4.500.000,8.0,6.0,6.0,Passive,6.0,1.7142857142857142,4.285714285714286,Passive,4.0,3.0,6.0,6.0,6.0,6.0,6.0,,6.0,6.0,6.0,6.0,6.0,6.0,6.0,6.0,6.0,6.0,1.0,1.0,1.0,1.0,6.0,1.0,1.0
197882004,Jawa Barat,Bandung,Bandung 10,Teller (KUOTA 50%),Pria,41,41 - 45 tahun,1 tahun s/d 2 tahun 11 bulan,1 minggu sekali,Menikah,4 anak,Akademi/D3,Pegawai/Karyawan Swasta,A1 : Rp. 4.500.000 - Rp 6.000.000,Rp 7.500.001- Rp 9.000.000,10.0,6.0,6.0,Promoter,6.0,1.0,5.0,Unknown,,,6.0,6.0,6.0,6.0,6.0,6.0,,6.0,6.0,6.0,6.0,6.0,6.0,6.0,6.0,6.0,1.0,1.0,1.0,1.0,1.0,1.0,1.0
197882427,Jawa Barat,Bekasi,Bekasi 3,Teller (KUOTA 50%),Wanita,22,20 - 25 tahun,1 tahun s/d 2 tahun 11 bulan,1 minggu 2 kali atau lebih,Belum menikah,Tidak memiliki anak,Sarjana (S1),Pegawai/Karyawan Swasta,C2 : Rp. 1.000.001 - Rp. 1.500.000,Rp. 2.000.001 - Rp. 3.000.000,10.0,6.0,6.0,Promoter,6.0,1.0,5.0,Unknown,,3.0,6.0,6.0,6.0,6.0,6.0,6.0,6.0,6.0,6.0,6.0,6.0,6.0,6.0,6.0,6.0,6.0,1.0,1.0,1.0,1.0,1.0,1.0,1.0
197884226,Sumatera Selatan,Ogan Ilir,Ogan Ilir 1,Teller (KUOTA 50%),Wanita,23,20 - 25 tahun,1 tahun s/d 2 tahun 11 bulan,2 minggu sekali,Belum menikah,Tidak memiliki anak,SLTA,Pegawai/Karyawan Swasta,C1 : Rp. 1.500.001 - Rp. 2.000.000,Rp 7.500.001- Rp 9.000.000,10.0,6.0,6.0,Promoter,5.777777777777778,1.1428571428571428,4.634920634920634,Unknown,,,6.0,5.0,6.0,6.0,6.0,6.0,,5.0,6.0,6.0,6.0,5.0,6.0,6.0,6.0,6.0,1.0,1.0,1.0,1.0,1.0,1.0,2.0
197885962,Lampung,Lampung Tengah,Lampung Tengah 1,Teller (KUOTA 50%),Wanita,21,20 - 25 tahun,1 tahun s/d 2 tahun 11 bulan,1 bulan sekali,Belum menikah,Tidak memiliki anak,SLTA,Mahasiswa/i,A2 : Rp. 3.000.001 - Rp. 4.500.000,Rp. 4.500.000 - Rp 6.000.000,9.0,6.0,6.0,Promoter,5.666666666666667,2.142857142857143,3.523809523809524,Unknown,,,5.0,6.0,5.0,5.0,5.0,5.0,,6.0,6.0,5.0,6.0,6.0,6.0,6.0,5.0,5.0,1.0,2.0,1.0,1.0,1.0,6.0,3.0
197886485,Sulawesi Selatan,Makassar,Makassar 1,Teller (KUOTA 50%),Wanita,33,31 - 35 tahun,1 tahun s/d 2 tahun 11 bulan,1 bulan sekali,Menikah,2 anak,SLTA,Ibu Rumah Tangga,A1 : Rp. 4.500.000 - Rp 6.000.000,Rp. 4.500.000 - Rp 6.000.000,10.0,6.0,6.0,Promoter,5.888888888888889,1.7142857142857142,4.174603174603175,Unknown,,,6.0,6.0,6.0,6.0,6.0,6.0,,5.0,6.0,6.0,6.0,6.0,6.0,6.0,6.0,6.0,1.0,1.0,1.0,1.0,1.0,6.0,1.0
197887969,Lampung,Lampung Tengah,Lampung Tengah 1,Teller (KUOTA 50%),Wanita,48,46 - 50 tahun,1 tahun s/d 2 tahun 11 bulan,1 bulan sekali,Menikah,2 anak,Sarjana (S1),Pegawai Negeri Sipil (Guru),A2 : Rp. 3.000.001 - Rp. 4.500.000,Rp. 4.500.000 - Rp 6.000.000,9.0,6.0,6.0,Promoter,5.888888888888889,5.857142857142857,0.03174603174603252,Unknown,,,6.0,6.0,6.0,6.0,6.0,5.0,,6.0,5.0,6.0,6.0,6.0,6.0,6.0,6.0,6.0,6.0,6.0,5.0,6.0,6.0,6.0,6.0
197887978,Jawa Tengah,Pekalongan,Pekalongan 1,Teller (KUOTA 50%),Wanita,23,20 - 25 tahun,1 tahun s/d 2 tahun 11 bulan,1 minggu sekali,Belum menikah,Tidak memiliki anak,Sarjana (S1),Guru (Non PNS),A1 : Rp. 4.500.000 - Rp 6.000.000,Rp 15.000.001- Rp 20.000.000,10.0,6.0,6.0,Promoter,6.0,1.0,5.0,Unknown,,,6.0,6.0,6.0,6.0,6.0,6.0,,6.0,6.0,6.0,6.0,6.0,6.0,6.0,6.0,6.0,1.0,1.0,1.0,1.0,1.0,1.0,1.0
197891677,Lampung,Bandar Lampung,Bandar Lampung 1,CS (KUOTA 50%),Wanita,42,41 - 45 tahun,1 tahun s/d 2 tahun 11 bulan,1 bulan sekali,Menikah,3 anak,Sarjana (S1),Pegawai Negeri Sipil (Bukan Guru),A1 : Rp. 4.500.000 - Rp 6.000.000,Rp 9.000.001- Rp 10.500.000,9.0,5.0,5.0,Promoter,5.111111111111111,2.857142857142857,2.2539682539682535,Unknown,,,6.0,5.0,5.0,5.0,6.0,,5.0,5.0,5.0,5.0,5.0,5.0,6.0,5.0,5.0,5.0,1.0,1.0,5.0,5.0,5.0,2.0,1.0
197896095,Lampung,Lampung Tengah,Lampung Tengah 1,Teller (KUOTA 50%),Wanita,22,20 - 25 tahun,1 tahun s/d 2 tahun 11 bulan,1 bulan sekali,Belum menikah,Tidak memiliki anak,SLTA,Mahasiswa/i,A1 : Rp. 4.500.000 - Rp 6.000.000,Rp 6.000.001 - Rp 7.500.000,8.0,6.0,6.0,Passive,5.777777777777778,5.857142857142857,-0.07936507936507908,Unknown,,,6.0,5.0,5.0,5.0,6.0,5.0,,6.0,6.0,6.0,6.0,6.0,6.0,5.0,5.0,6.0,6.0,6.0,6.0,6.0,6.0,6.0,5.0
197896096,Lampung,Lampung Tengah,Lampung Tengah 1,CS (KUOTA 50%),Pria,49,46 - 50 tahun,3 tahun s/d 4 tahun 11 bulan,1 bulan sekali,Menikah,3 anak,Sarjana (S1),Pegawai Negeri Sipil (Bukan Guru),A1 : Rp. 4.500.000 - Rp 6.000.000,Rp 7.500.001- Rp 9.000.000,8.0,6.0,6.0,Passive,5.555555555555555,5.714285714285714,-0.15873015873015905,Unknown,,,6.0,5.0,6.0,6.0,6.0,,6.0,5.0,5.0,5.0,6.0,6.0,5.0,6.0,6.0,6.0,6.0,5.0,5.0,6.0,6.0,6.0,6.0
197916472,DKI Jakarta,Jakarta Barat,Jakarta Barat 4,CS (KUOTA 50%),Wanita,45,41 - 45 tahun,1 tahun s/d 2 tahun 11 bulan,1 bulan sekali,Menikah,1 anak,SLTA,Pegawai/Karyawan Swasta,A1 : Rp. 4.500.000 - Rp 6.000.000,Rp 6.000.001 - Rp 7.500.000,8.0,5.0,5.0,Passive,5.222222222222222,1.1428571428571428,4.079365079365079,Unknown,,,5.0,5.0,5.0,6.0,6.0,,6.0,5.0,6.0,5.0,6.0,6.0,5.0,5.0,5.0,4.0,1.0,1.0,1.0,1.0,2.0,1.0,1.0
197918371,Jawa Barat,Sukabumi,Sukabumi 3,CS (KUOTA 50%),Pria,37,36 - 40 tahun,5 tahun atau lebih,1 minggu 2 kali atau lebih,Menikah,1 anak,SLTA,Tenaga Honorer,B : Rp. 2.000.001 - Rp. 3.000.000,Rp. 3.000.001 - Rp. 4.500.000,10.0,6.0,6.0,Promoter,5.444444444444445,2.4285714285714284,3.0158730158730163,Loyal Champion,4.0,3.0,6.0,6.0,6.0,6.0,6.0,,6.0,6.0,6.0,6.0,6.0,6.0,6.0,1.0,6.0,6.0,1.0,6.0,1.0,1.0,1.0,1.0,6.0
197918372,Jawa Barat,Sukabumi,Sukabumi 3,Teller (KUOTA 50%),Wanita,17,17 -19 tahun,1 tahun s/d 2 tahun 11 bulan,2 minggu sekali,Belum menikah,Tidak memiliki anak,SLTA,Mahasiswa/i,A1 : Rp. 4.500.000 - Rp 6.000.000,Rp. 4.500.000 - Rp 6.000.000,8.0,6.0,6.0,Passive,5.888888888888889,1.0,4.888888888888889,Unknown,,,6.0,5.0,6.0,6.0,5.0,6.0,,5.0,6.0,6.0,6.0,6.0,6.0,6.0,6.0,6.0,1.0,1.0,1.0,1.0,1.0,1.0,1.0
197918373,Jawa Barat,Sukabumi,Sukabumi 3,Teller (KUOTA 50%),Pria,31,31 - 35 tahun,5 tahun atau lebih,1 minggu 2 kali atau lebih,Menikah,2 anak,SLTA,Tenaga Honorer,A2 : Rp. 3.000.001 - Rp. 4.500.000,Rp. 3.000.001 - Rp. 4.500.000,10.0,6.0,6.0,Promoter,5.555555555555555,1.0,4.555555555555555,Loyal Champion,4.0,3.0,6.0,5.0,5.0,5.0,6.0,6.0,,5.0,6.0,5.0,6.0,5.0,5.0,6.0,6.0,6.0,1.0,1.0,1.0,1.0,1.0,1.0,1.0
197918374,Jawa Barat,Sukabumi,Sukabumi 3,CS (KUOTA 50%),Pria,21,20 - 25 tahun,1 tahun s/d 2 tahun 11 bulan,1 minggu 2 kali atau lebih,Belum menikah,Tidak memiliki anak,SLTA,Pegawai/Karyawan Swasta,B : Rp. 2.000.001 - Rp. 3.000.000,Rp. 2.000.001 - Rp. 3.000.000,10.0,6.0,6.0,Promoter,6.0,1.4285714285714286,4.571428571428571,Unknown,,3.0,5.0,6.0,6.0,6.0,6.0,,6.0,6.0,6.0,6.0,6.0,6.0,6.0,6.0,6.0,6.0,1.0,1.0,1.0,1.0,1.0,1.0,4.0
197918375,Jawa Barat,Sukabumi,Sukabumi 3,Teller (KUOTA 50%),Pria,17,17 -19 tahun,1 tahun s/d 2 tahun 11 bulan,1 minggu sekali,Belum menikah,Tidak memiliki anak,SLTA,Mahasiswa/i,B : Rp. 2.000.001 - Rp. 3.000.000,Rp. 2.000.001 - Rp. 3.000.000,10.0,6.0,6.0,Promoter,5.666666666666667,1.0,4.666666666666667,Unknown,,,6.0,6.0,6.0,6.0,6.0,6.0,,6.0,6.0,6.0,6.0,5.0,5.0,6.0,5.0,6.0,1.0,1.0,1.0,1.0,1.0,1.0,1.0
197923486,Jawa Barat,Indramayu,Indramayu 3,Teller (KUOTA 50%),Pria,30,26 - 30 tahun,5 tahun atau lebih,2 minggu sekali,Menikah,1 anak,Sarjana (S1),Guru (Non PNS),C2 : Rp. 1.000.001 - Rp. 1.500.000,Rp. 1.000.001 - Rp. 1.500.000,10.0,6.0,6.0,Promoter,6.0,1.0,5.0,Satisfied,4.0,,6.0,6.0,6.0,6.0,6.0,6.0,6.0,6.0,6.0,6.0,6.0,6.0,6.0,6.0,6.0,6.0,1.0,1.0,1.0,1.0,1.0,1.0,1.0
197923487,Jawa Barat,Indramayu,Indramayu 3,Teller (KUOTA 50%),Wanita,36,36 - 40 tahun,5 tahun atau lebih,1 minggu 2 kali atau lebih,Menikah,2 anak,Sarjana (S1),Pegawai/Karyawan Swasta,A1 : Rp. 4.500.000 - Rp 6.000.000,Rp 9.000.001- Rp 10.500.000,8.0,5.0,6.0,Passive,6.0,1.0,5.0,Passive,4.0,3.0,6.0,6.0,6.0,6.0,6.0,5.0,,6.0,6.0,6.0,6.0,6.0,6.0,6.0,6.0,6.0,1.0,1.0,1.0,1.0,1.0,1.0,1.0
197923488,Jawa Barat,Indramayu,Indramayu 3,CS (KUOTA 50%),Wanita,31,31 - 35 tahun,3 tahun s/d 4 tahun 11 bulan,1 bulan sekali,Menikah,2 anak,Sarjana (S1),Tenaga Honorer,B : Rp. 2.000.001 - Rp. 3.000.000,Rp. 3.000.001 - Rp. 4.500.000,10.0,6.0,6.0,Promoter,6.0,1.0,5.0,Unknown,,,6.0,6.0,6.0,6.0,6.0,,6.0,6.0,6.0,6.0,6.0,6.0,6.0,6.0,6.0,6.0,1.0,1.0,1.0,1.0,1.0,1.0,1.0
197923489,Jawa Barat,Indramayu,Indramayu 3,Teller (KUOTA 50%),Pria,40,36 - 40 tahun,5 tahun atau lebih,1 minggu sekali,Menikah,2 anak,Sarjana (S1),Pegawai Negeri Sipil (Guru),A2 : Rp. 3.000.001 - Rp. 4.500.000,Rp. 4.500.000 - Rp 6.000.000,9.0,6.0,6.0,Promoter,6.0,6.0,0.0,Satisfied,4.0,,6.0,6.0,6.0,6.0,6.0,6.0,6.0,6.0,6.0,6.0,6.0,6.0,6.0,6.0,6.0,6.0,6.0,6.0,6.0,6.0,6.0,6.0,6.0
197923490,Jawa Barat,Indramayu,Indramayu 3,CS (KUOTA 50%),Pria,27,26 - 30 tahun,1 tahun s/d 2 tahun 11 bulan,2 minggu sekali,Belum menikah,Tidak memiliki anak,Akademi/D3,Wiraswasta/Pengusaha/Pedagang,B : Rp. 2.000.001 - Rp. 3.000.000,Rp. 2.000.001 - Rp. 3.000.000,8.0,6.0,6.0,Passive,6.0,1.0,5.0,Unknown,,,6.0,6.0,6.0,6.0,6.0,,6.0,6.0,6.0,6.0,6.0,6.0,6.0,6.0,6.0,6.0,1.0,1.0,1.0,1.0,1.0,1.0,1.0
197925439,Jawa Tengah,Banyumas,Banyumas 1,Teller (KUOTA 50%),Pria,37,36 - 40 tahun,3 bulan s/d 11 bulan,1 minggu sekali,Menikah,2 anak,SLTA,Polisi / Tentara / Militer,C1 : Rp. 1.500.001 - Rp. 2.000.000,Rp. 2.000.001 - Rp. 3.000.000,10.0,6.0,6.0,Promoter,6.0,1.0,5.0,Unknown,,,6.0,6.0,6.0,6.0,6.0,6.0,6.0,6.0,6.0,6.0,6.0,6.0,6.0,6.0,6.0,6.0,1.0,1.0,1.0,1.0,1.0,1.0,1.0
197925440,Jawa Tengah,Banyumas,Banyumas 1,Teller (KUOTA 50%),Pria,46,46 - 50 tahun,3 bulan s/d 11 bulan,1 minggu sekali,Menikah,3 anak,Sarjana (S1),Polisi / Tentara / Militer,B : Rp. 2.000.001 - Rp. 3.000.000,Rp. 3.000.001 - Rp. 4.500.000,10.0,6.0,6.0,Promoter,6.0,1.0,5.0,Unknown,,,6.0,6.0,6.0,6.0,5.0,6.0,6.0,6.0,6.0,6.0,6.0,6.0,6.0,6.0,6.0,6.0,1.0,1.0,1.0,1.0,1.0,1.0,1.0
197925441,Jawa Tengah,Banyumas,Banyumas 1,CS (KUOTA 50%),Pria,43,41 - 45 tahun,3 bulan s/d 11 bulan,1 minggu sekali,Menikah,2 anak,SLTA,Polisi / Tentara / Militer,C1 : Rp. 1.500.001 - Rp. 2.000.000,Rp. 2.000.001 - Rp. 3.000.000,10.0,6.0,6.0,Promoter,6.0,1.0,5.0,Unknown,,,6.0,6.0,6.0,6.0,6.0,6.0,6.0,6.0,6.0,6.0,6.0,6.0,6.0,6.0,6.0,6.0,1.0,1.0,1.0,1.0,1.0,1.0,1.0
197925442,Jawa Tengah,Banyumas,Banyumas 1,CS (KUOTA 50%),Pria,37,36 - 40 tahun,3 bulan s/d 11 bulan,2 minggu sekali,Menikah,2 anak,SLTA,Polisi / Tentara / Militer,C1 : Rp. 1.500.001 - Rp. 2.000.000,Rp. 2.000.001 - Rp. 3.000.000,10.0,6.0,6.0,Promoter,6.0,1.0,5.0,Unknown,,,6.0,6.0,6.0,6.0,6.0,6.0,6.0,6.0,6.0,6.0,6.0,6.0,6.0,6.0,6.0,6.0,1.0,1.0,1.0,1.0,1.0,1.0,1.0
197925776,Jawa Barat,Cianjur,Cianjur 2,CS (KUOTA 50%),Pria,44,41 - 45 tahun,5 tahun atau lebih,1 minggu 2 kali atau lebih,Menikah,2 anak,SLTA,Wiraswasta/Pengusaha/Pedagang,A1.1 : Rp 6.000.001 - Rp 7.500.000,Rp 9.000.001- Rp 10.500.000,9.0,6.0,6.0,Promoter,6.0,1.0,5.0,Loyal Champion,4.0,3.0,6.0,6.0,5.0,5.0,6.0,,6.0,6.0,6.0,6.0,6.0,6.0,6.0,6.0,6.0,6.0,1.0,1.0,1.0,1.0,1.0,1.0,1.0
197925911,Jawa Barat,Bandung Barat,Bandung Barat 2,CS (KUOTA 50%),Pria,50,46 - 50 tahun,5 tahun atau lebih,1 minggu 2 kali atau lebih,Menikah,2 anak,SLTA,Wiraswasta/Pengusaha/Pedagang,A1 : Rp. 4.500.000 - Rp 6.000.000,Rp. 4.500.000 - Rp 6.000.000,10.0,6.0,6.0,Promoter,5.0,1.0,4.0,Loyal Champion,4.0,3.0,5.0,5.0,5.0,5.0,5.0,,5.0,5.0,5.0,5.0,5.0,5.0,5.0,5.0,5.0,5.0,1.0,1.0,1.0,1.0,1.0,1.0,1.0
197925956,Jawa Barat,Cianjur,Cianjur 2,Teller (KUOTA 50%),Pria,43,41 - 45 tahun,5 tahun atau lebih,1 minggu sekali,Menikah,4 anak,SLTA,Wiraswasta/Pengusaha/Pedagang,A1.1 : Rp 6.000.001 - Rp 7.500.000,Rp 7.500.001- Rp 9.000.000,10.0,6.0,6.0,Promoter,6.0,1.0,5.0,Satisfied,4.0,,6.0,6.0,6.0,6.0,6.0,6.0,,6.0,6.0,6.0,6.0,6.0,6.0,6.0,6.0,6.0,1.0,1.0,1.0,1.0,1.0,1.0,1.0
197926548,Jawa Barat,Bandung,Bandung 11,Teller (KUOTA 50%),Wanita,49,46 - 50 tahun,1 tahun s/d 2 tahun 11 bulan,2 minggu sekali,Menikah,2 anak,Sarjana (S1),Pegawai/Karyawan Swasta,A1.2 : Rp 7.500.001- Rp 9.000.000,Rp 9.000.001- Rp 10.500.000,9.0,6.0,6.0,Promoter,5.111111111111111,2.0,3.1111111111111107,Unknown,,,5.0,5.0,5.0,5.0,5.0,5.0,,5.0,5.0,5.0,5.0,5.0,5.0,5.0,6.0,5.0,2.0,2.0,2.0,2.0,2.0,2.0,2.0
197926576,Banten,Pandeglang,Pandeglang 3,Teller (KUOTA 50%),Pria,38,36 - 40 tahun,5 tahun atau lebih,1 minggu 2 kali atau lebih,Menikah,2 anak,SLTA,Pegawai/Karyawan Swasta,B : Rp. 2.000.001 - Rp. 3.000.000,Rp. 4.500.000 - Rp 6.000.000,10.0,6.0,6.0,Promoter,5.888888888888889,1.0,4.888888888888889,Loyal Champion,4.0,3.0,6.0,6.0,6.0,6.0,6.0,6.0,6.0,6.0,6.0,6.0,6.0,6.0,6.0,6.0,6.0,5.0,1.0,1.0,1.0,1.0,1.0,1.0,1.0
197926825,Jawa Barat,Sumedang,Sumedang 2,Teller (KUOTA 50%),Wanita,29,26 - 30 tahun,5 tahun atau lebih,1 minggu 2 kali atau lebih,Menikah,1 anak,Sarjana (S1),Pegawai Negeri Sipil (Bukan Guru),A1 : Rp. 4.500.000 - Rp 6.000.000,Rp 9.000.001- Rp 10.500.000,10.0,6.0,6.0,Promoter,6.0,1.0,5.0,Loyal Champion,4.0,3.0,6.0,6.0,6.0,6.0,6.0,6.0,,6.0,6.0,6.0,6.0,6.0,6.0,6.0,6.0,6.0,1.0,1.0,1.0,1.0,1.0,1.0,1.0
197926889,Jawa Barat,Cianjur,Cianjur 2,Teller (KUOTA 50%),Wanita,46,46 - 50 tahun,5 tahun atau lebih,1 minggu 2 kali atau lebih,Menikah,2 anak,Sarjana (S1),Pegawai Negeri Sipil (Bukan Guru),A1.4 : Rp 10.500.0001 - Rp 15.000.000,Rp 10.500.0001 - Rp 15.000.000,10.0,6.0,6.0,Promoter,6.0,1.0,5.0,Loyal Champion,4.0,3.0,6.0,6.0,6.0,6.0,6.0,6.0,,6.0,6.0,6.0,6.0,6.0,6.0,6.0,6.0,6.0,1.0,1.0,1.0,1.0,1.0,1.0,1.0
197926955,Jawa Barat,Tasikmalaya,Tasikmalaya 3,CS (KUOTA 50%),Wanita,26,26 - 30 tahun,1 tahun s/d 2 tahun 11 bulan,1 minggu 2 kali atau lebih,Belum menikah,Tidak memiliki anak,Sarjana (S1),Tenaga Honorer,B : Rp. 2.000.001 - Rp. 3.000.000,Rp. 2.000.001 - Rp. 3.000.000,10.0,6.0,6.0,Promoter,6.0,1.0,5.0,Unknown,,3.0,6.0,6.0,6.0,6.0,6.0,,6.0,6.0,6.0,6.0,6.0,6.0,6.0,6.0,6.0,6.0,1.0,1.0,1.0,1.0,1.0,1.0,1.0
197927159,Banten,Pandeglang,Pandeglang 3,Teller (KUOTA 50%),Pria,49,46 - 50 tahun,5 tahun atau lebih,1 minggu 2 kali atau lebih,Menikah,2 anak,SLTA,Wiraswasta/Pengusaha/Pedagang,A2 : Rp. 3.000.001 - Rp. 4.500.000,Rp. 4.500.000 - Rp 6.000.000,10.0,6.0,6.0,Promoter,6.0,1.0,5.0,Loyal Champion,4.0,3.0,6.0,6.0,6.0,6.0,6.0,6.0,,6.0,6.0,6.0,6.0,6.0,6.0,6.0,6.0,6.0,1.0,1.0,1.0,1.0,1.0,1.0,1.0
197927171,Jawa Barat,Bandung Barat,Bandung Barat 2,Teller (KUOTA 50%),Pria,43,41 - 45 tahun,5 tahun atau lebih,2 minggu sekali,Menikah,2 anak,Sarjana (S1),Pegawai Negeri Sipil (Guru),A2 : Rp. 3.000.001 - Rp. 4.500.000,Rp. 3.000.001 - Rp. 4.500.000,8.0,6.0,5.0,Passive,5.111111111111111,1.1428571428571428,3.968253968253968,Passive,4.0,,6.0,5.0,5.0,5.0,5.0,6.0,,5.0,5.0,6.0,5.0,5.0,5.0,5.0,5.0,5.0,1.0,1.0,1.0,2.0,1.0,1.0,1.0
197927229,Jawa Barat,Tasikmalaya,Tasikmalaya 3,CS (KUOTA 50%),Pria,36,36 - 40 tahun,5 tahun atau lebih,2 minggu sekali,Menikah,1 anak,SLTA,Wiraswasta/Pengusaha/Pedagang,A2 : Rp. 3.000.001 - Rp. 4.500.000,Rp 9.000.001- Rp 10.500.000,10.0,6.0,6.0,Promoter,6.0,1.0,5.0,Satisfied,4.0,,6.0,6.0,6.0,6.0,6.0,,6.0,6.0,6.0,6.0,6.0,6.0,6.0,6.0,6.0,6.0,1.0,1.0,1.0,1.0,1.0,1.0,1.0
197927264,Banten,Pandeglang,Pandeglang 1,Teller (KUOTA 50%),Wanita,32,31 - 35 tahun,5 tahun atau lebih,1 minggu 2 kali atau lebih,Menikah,2 anak,Sarjana (S1),Pegawai Negeri Sipil (Guru),A2 : Rp. 3.000.001 - Rp. 4.500.000,Rp. 4.500.000 - Rp 6.000.000,10.0,6.0,6.0,Promoter,6.0,1.0,5.0,Loyal Champion,4.0,3.0,6.0,6.0,6.0,6.0,6.0,6.0,6.0,6.0,6.0,6.0,6.0,6.0,6.0,6.0,6.0,6.0,1.0,1.0,1.0,1.0,1.0,1.0,1.0
197927475,Jawa Barat,Bandung,Bandung 11,CS (KUOTA 50%),Wanita,20,20 - 25 tahun,1 tahun s/d 2 tahun 11 bulan,1 bulan sekali,Belum menikah,Tidak memiliki anak,SLTA,Mahasiswa/i,A1 : Rp. 4.500.000 - Rp 6.000.000,Rp 9.000.001- Rp 10.500.000,8.0,6.0,5.0,Passive,5.777777777777778,1.0,4.777777777777778,Unknown,,,6.0,6.0,6.0,6.0,6.0,,6.0,6.0,6.0,6.0,6.0,6.0,5.0,5.0,6.0,6.0,1.0,1.0,1.0,1.0,1.0,1.0,1.0
197927495,Jawa Tengah,Surakarta,Surakarta 1,CS (KUOTA 50%),Pria,28,26 - 30 tahun,1 tahun s/d 2 tahun 11 bulan,1 minggu 2 kali atau lebih,Menikah,1 anak,Sarjana (S1),Pegawai/Karyawan Swasta,B : Rp. 2.000.001 - Rp. 3.000.000,Rp. 4.500.000 - Rp 6.000.000,10.0,6.0,6.0,Promoter,6.0,1.0,5.0,Unknown,,3.0,6.0,6.0,6.0,5.0,6.0,,6.0,6.0,6.0,6.0,6.0,6.0,6.0,6.0,6.0,6.0,1.0,1.0,1.0,1.0,1.0,1.0,1.0
197927535,Sulawesi Selatan,Makassar,Makassar 1,Teller (KUOTA 50%),Wanita,49,46 - 50 tahun,5 tahun atau lebih,1 bulan sekali,Duda / Janda,1 anak,Sarjana (S1),Pegawai Negeri Sipil (Guru),A2 : Rp. 3.000.001 - Rp. 4.500.000,Rp 7.500.001- Rp 9.000.000,10.0,6.0,6.0,Promoter,6.0,1.0,5.0,Satisfied,4.0,,6.0,6.0,6.0,6.0,6.0,6.0,6.0,6.0,6.0,6.0,6.0,6.0,6.0,6.0,6.0,6.0,1.0,1.0,1.0,1.0,1.0,1.0,1.0
197927680,Banten,Pandeglang,Pandeglang 3,CS (KUOTA 50%),Wanita,24,20 - 25 tahun,1 tahun s/d 2 tahun 11 bulan,1 minggu 2 kali atau lebih,Belum menikah,Tidak memiliki anak,Sarjana (S1),Wiraswasta/Pengusaha/Pedagang,A1 : Rp. 4.500.000 - Rp 6.000.000,Rp 7.500.001- Rp 9.000.000,10.0,6.0,6.0,Promoter,6.0,1.0,5.0,Unknown,,3.0,6.0,6.0,6.0,6.0,6.0,,6.0,6.0,6.0,6.0,6.0,6.0,6.0,6.0,6.0,6.0,1.0,1.0,1.0,1.0,1.0,1.0,1.0
197927701,Jawa Barat,Bandung,Bandung 14,Teller (KUOTA 50%),Wanita,39,36 - 40 tahun,5 tahun atau lebih,1 minggu 2 kali atau lebih,Menikah,2 anak,Akademi/D3,Tenaga Honorer,A1 : Rp. 4.500.000 - Rp 6.000.000,Rp 10.500.0001 - Rp 15.000.000,9.0,6.0,6.0,Promoter,5.888888888888889,1.5714285714285714,4.317460317460318,Loyal Champion,4.0,3.0,6.0,5.0,6.0,6.0,6.0,6.0,,6.0,6.0,6.0,6.0,6.0,6.0,5.0,6.0,6.0,1.0,5.0,1.0,1.0,1.0,1.0,1.0
197927748,Sumatera Selatan,Palembang,Palembang 1,CS (KUOTA 50%),Pria,49,46 - 50 tahun,1 tahun s/d 2 tahun 11 bulan,2 minggu sekali,Menikah,3 anak,Sarjana (S1),Pegawai Negeri Sipil (Bukan Guru),A1 : Rp. 4.500.000 - Rp 6.000.000,Rp 20.000.001 - Rp 25.000.000,10.0,6.0,6.0,Promoter,6.0,1.0,5.0,Unknown,,,6.0,6.0,6.0,6.0,6.0,,6.0,6.0,6.0,6.0,6.0,6.0,6.0,6.0,6.0,6.0,1.0,1.0,1.0,1.0,1.0,1.0,1.0
197927842,Jawa Barat,Bandung Barat,Bandung Barat 2,Teller (KUOTA 50%),Pria,35,31 - 35 tahun,5 tahun atau lebih,1 bulan sekali,Menikah,2 anak,SLTA,Polisi / Tentara / Militer,A1 : Rp. 4.500.000 - Rp 6.000.000,Rp 6.000.001 - Rp 7.500.000,10.0,6.0,5.0,Promoter,5.0,1.7142857142857142,3.2857142857142856,Satisfied,4.0,,5.0,5.0,5.0,5.0,5.0,5.0,,5.0,5.0,5.0,5.0,5.0,5.0,5.0,5.0,5.0,1.0,1.0,1.0,2.0,1.0,5.0,1.0
197928080,Jawa Barat,Bandung,Bandung 11,Teller (KUOTA 50%),Pria,50,46 - 50 tahun,5 tahun atau lebih,1 minggu 2 kali atau lebih,Menikah,2 anak,SLTA,Pegawai/Karyawan Swasta,A2 : Rp. 3.000.001 - Rp. 4.500.000,Rp 15.000.001- Rp 20.000.000,6.0,6.0,6.0,Detractor,6.0,1.1428571428571428,4.857142857142858,At Risk,4.0,3.0,6.0,6.0,6.0,6.0,6.0,6.0,,6.0,6.0,6.0,6.0,6.0,6.0,6.0,6.0,6.0,1.0,2.0,1.0,1.0,1.0,1.0,1.0
197928094,Jawa Barat,Cianjur,Cianjur 2,Teller (KUOTA 50%),Pria,43,41 - 45 tahun,5 tahun atau lebih,1 minggu sekali,Menikah,2 anak,SLTA,Wiraswasta/Pengusaha/Pedagang,A1.1 : Rp 6.000.001 - Rp 7.500.000,Rp 7.500.001- Rp 9.000.000,10.0,6.0,6.0,Promoter,6.0,1.0,5.0,Satisfied,4.0,,6.0,6.0,6.0,6.0,6.0,6.0,,6.0,6.0,6.0,6.0,6.0,6.0,6.0,6.0,6.0,1.0,1.0,1.0,1.0,1.0,1.0,1.0
197928137,Jawa Barat,Tasikmalaya,Tasikmalaya 3,Teller (KUOTA 50%),Pria,31,31 - 35 tahun,1 tahun s/d 2 tahun 11 bulan,1 minggu sekali,Menikah,1 anak,SLTA,Pegawai/Karyawan Swasta,B : Rp. 2.000.001 - Rp. 3.000.000,Rp. 3.000.001 - Rp. 4.500.000,10.0,6.0,6.0,Promoter,6.0,1.0,5.0,Unknown,,,6.0,6.0,6.0,6.0,6.0,6.0,,6.0,6.0,6.0,6.0,6.0,6.0,6.0,6.0,6.0,1.0,1.0,1.0,1.0,1.0,1.0,1.0
197928175,Jawa Barat,Bekasi,Bekasi 3,Teller (KUOTA 50%),Wanita,34,31 - 35 tahun,5 tahun atau lebih,1 minggu 2 kali atau lebih,Menikah,2 anak,SLTA,Wiraswasta/Pengusaha/Pedagang,A2 : Rp. 3.000.001 - Rp. 4.500.000,Rp 15.000.001- Rp 20.000.000,10.0,6.0,6.0,Promoter,6.0,1.0,5.0,Loyal Champion,4.0,3.0,6.0,6.0,6.0,6.0,6.0,6.0,6.0,6.0,6.0,6.0,6.0,6.0,6.0,6.0,6.0,6.0,1.0,1.0,1.0,1.0,1.0,1.0,1.0
197928364,Jawa Tengah,Surakarta,Surakarta 1,Teller (KUOTA 50%),Pria,41,41 - 45 tahun,5 tahun atau lebih,2 minggu sekali,Menikah,1 anak,SLTA,Pegawai/Karyawan Swasta,A1 : Rp. 4.500.000 - Rp 6.000.000,Rp. 4.500.000 - Rp 6.000.000,10.0,6.0,6.0,Promoter,6.0,1.0,5.0,Satisfied,4.0,,6.0,6.0,6.0,6.0,6.0,6.0,,6.0,6.0,6.0,6.0,6.0,6.0,6.0,6.0,6.0,1.0,1.0,1.0,1.0,1.0,1.0,1.0
197928389,Jawa Barat,Bandung,Bandung 11,CS (KUOTA 50%),Wanita,26,26 - 30 tahun,3 tahun s/d 4 tahun 11 bulan,2 minggu sekali,Belum menikah,Tidak memiliki anak,Sarjana (S1),Pegawai Negeri Sipil (Guru),B : Rp. 2.000.001 - Rp. 3.000.000,Rp. 2.000.001 - Rp. 3.000.000,10.0,6.0,5.0,Promoter,5.111111111111111,1.8571428571428572,3.2539682539682535,Unknown,,,6.0,6.0,6.0,6.0,6.0,,5.0,5.0,5.0,5.0,5.0,5.0,6.0,5.0,5.0,5.0,2.0,2.0,2.0,2.0,1.0,2.0,2.0
197928436,Banten,Pandeglang,Pandeglang 3,Teller (KUOTA 50%),Wanita,44,41 - 45 tahun,5 tahun atau lebih,1 minggu sekali,Menikah,2 anak,Sarjana (S1),Pegawai Negeri Sipil (Guru),A1.1 : Rp 6.000.001 - Rp 7.500.000,Rp 9.000.001- Rp 10.500.000,10.0,6.0,6.0,Promoter,6.0,1.0,5.0,Satisfied,4.0,,6.0,6.0,6.0,6.0,6.0,6.0,,6.0,6.0,6.0,6.0,6.0,6.0,6.0,6.0,6.0,1.0,1.0,1.0,1.0,1.0,1.0,1.0
197928475,Jawa Barat,Cimahi,Cimahi 2,Teller (KUOTA 50%),Wanita,50,46 - 50 tahun,5 tahun atau lebih,1 minggu 2 kali atau lebih,Duda / Janda,Tidak memiliki anak,Sarjana (S1),Pegawai/Karyawan Swasta,A2 : Rp. 3.000.001 - Rp. 4.500.000,Rp. 4.500.000 - Rp 6.000.000,10.0,6.0,6.0,Promoter,6.0,1.0,5.0,Loyal Champion,4.0,3.0,6.0,6.0,6.0,6.0,6.0,6.0,,6.0,6.0,6.0,6.0,6.0,6.0,6.0,6.0,6.0,1.0,1.0,1.0,1.0,1.0,1.0,1.0
197928623,Banten,Pandeglang,Pandeglang 3,CS (KUOTA 50%),Wanita,32,31 - 35 tahun,5 tahun atau lebih,1 minggu 2 kali atau lebih,Menikah,2 anak,Sarjana (S1),Ibu Rumah Tangga,A1 : Rp. 4.500.000 - Rp 6.000.000,Rp 9.000.001- Rp 10.500.000,10.0,6.0,6.0,Promoter,6.0,1.1428571428571428,4.857142857142858,Loyal Champion,4.0,3.0,6.0,6.0,6.0,6.0,6.0,,6.0,6.0,6.0,6.0,6.0,6.0,6.0,6.0,6.0,6.0,1.0,1.0,1.0,1.0,1.0,1.0,2.0
197928658,Jawa Barat,Bandung,Bandung 14,Teller (KUOTA 50%),Pria,46,46 - 50 tahun,5 tahun atau lebih,1 minggu 2 kali atau lebih,Menikah,2 anak,Sarjana (S1),Pegawai Negeri Sipil (Bukan Guru),A1 : Rp. 4.500.000 - Rp 6.000.000,Rp 10.500.0001 - Rp 15.000.000,10.0,6.0,6.0,Promoter,6.0,1.0,5.0,Loyal Champion,4.0,3.0,6.0,6.0,6.0,6.0,6.0,6.0,,6.0,6.0,6.0,6.0,6.0,6.0,6.0,6.0,6.0,1.0,1.0,1.0,1.0,1.0,1.0,1.0
197928713,Jawa Barat,Tasikmalaya,Tasikmalaya 3,CS (KUOTA 50%),Pria,39,36 - 40 tahun,5 tahun atau lebih,2 minggu sekali,Menikah,2 anak,SLTA,Tenaga Honorer,A2 : Rp. 3.000.001 - Rp. 4.500.000,Rp. 4.500.000 - Rp 6.000.000,10.0,6.0,6.0,Promoter,6.0,1.0,5.0,Satisfied,4.0,,6.0,6.0,6.0,6.0,6.0,6.0,6.0,6.0,6.0,6.0,6.0,6.0,6.0,6.0,6.0,6.0,1.0,1.0,1.0,1.0,1.0,1.0,1.0
197928833,Jawa Barat,Bandung,Bandung 11,Teller (KUOTA 50%),Pria,30,26 - 30 tahun,3 tahun s/d 4 tahun 11 bulan,1 minggu 2 kali atau lebih,Belum menikah,Tidak memiliki anak,Sarjana (S1),Pegawai/Karyawan Swasta,B : Rp. 2.000.001 - Rp. 3.000.000,Rp 15.000.001- Rp 20.000.000,9.0,6.0,6.0,Promoter,5.888888888888889,1.0,4.888888888888889,Unknown,,3.0,6.0,5.0,6.0,6.0,6.0,6.0,,5.0,6.0,6.0,6.0,6.0,6.0,6.0,6.0,6.0,1.0,1.0,1.0,1.0,1.0,1.0,1.0
197928846,Jawa Barat,Indramayu,Indramayu 3,Teller (KUOTA 50%),Pria,33,31 - 35 tahun,5 tahun atau lebih,1 minggu 2 kali atau lebih,Duda / Janda,1 anak,SLTA,Wiraswasta/Pengusaha/Pedagang,A2 : Rp. 3.000.001 - Rp. 4.500.000,Rp. 2.000.001 - Rp. 3.000.000,10.0,5.0,6.0,Promoter,6.0,1.0,5.0,Loyal Champion,4.0,3.0,6.0,6.0,6.0,6.0,6.0,6.0,6.0,6.0,6.0,6.0,6.0,6.0,6.0,6.0,6.0,6.0,1.0,1.0,1.0,1.0,1.0,1.0,1.0
197928847,Jawa Barat,Indramayu,Indramayu 3,CS (KUOTA 50%),Pria,37,36 - 40 tahun,5 tahun atau lebih,1 minggu 2 kali atau lebih,Menikah,3 anak,Sarjana (S1),Tenaga Honorer,A1 : Rp. 4.500.000 - Rp 6.000.000,Rp 6.000.001 - Rp 7.500.000,10.0,6.0,6.0,Promoter,5.888888888888889,1.1428571428571428,4.746031746031747,Loyal Champion,4.0,3.0,6.0,6.0,6.0,6.0,6.0,6.0,6.0,6.0,6.0,6.0,6.0,6.0,6.0,5.0,6.0,6.0,1.0,1.0,1.0,1.0,1.0,1.0,2.0
197928848,Jawa Barat,Indramayu,Indramayu 3,CS (KUOTA 50%),Wanita,26,26 - 30 tahun,1 tahun s/d 2 tahun 11 bulan,1 minggu sekali,Belum menikah,Tidak memiliki anak,Sarjana (S1),Pengacara/Advokat/Notaris,A1.1 : Rp 6.000.001 - Rp 7.500.000,Rp 6.000.001 - Rp 7.500.000,10.0,6.0,6.0,Promoter,6.0,1.7142857142857142,4.285714285714286,Unknown,,,6.0,6.0,6.0,6.0,6.0,6.0,6.0,6.0,6.0,6.0,6.0,6.0,6.0,6.0,6.0,6.0,1.0,1.0,1.0,1.0,1.0,1.0,6.0
197928849,Jawa Barat,Indramayu,Indramayu 3,CS (KUOTA 50%),Pria,27,26 - 30 tahun,3 tahun s/d 4 tahun 11 bulan,1 minggu 2 kali atau lebih,Menikah,2 anak,SLTA,Wiraswasta/Pengusaha/Pedagang,B : Rp. 2.000.001 - Rp. 3.000.000,Rp. 3.000.001 - Rp. 4.500.000,10.0,6.0,6.0,Promoter,6.0,1.0,5.0,Unknown,,3.0,6.0,5.0,6.0,6.0,6.0,6.0,6.0,6.0,6.0,6.0,6.0,6.0,6.0,6.0,6.0,6.0,1.0,1.0,1.0,1.0,1.0,1.0,1.0
197928850,Jawa Barat,Indramayu,Indramayu 3,Teller (KUOTA 50%),Wanita,40,36 - 40 tahun,5 tahun atau lebih,1 minggu sekali,Menikah,2 anak,Sarjana (S1),Pegawai Negeri Sipil (Guru),A2 : Rp. 3.000.001 - Rp. 4.500.000,Rp. 3.000.001 - Rp. 4.500.000,9.0,6.0,6.0,Promoter,5.444444444444445,1.7142857142857142,3.7301587301587302,Satisfied,4.0,,6.0,6.0,6.0,6.0,6.0,6.0,6.0,6.0,6.0,6.0,6.0,6.0,6.0,6.0,1.0,6.0,1.0,1.0,1.0,1.0,1.0,6.0,1.0
197928857,Jawa Barat,Bandung,Bandung 5,Teller (KUOTA 50%),Pria,33,31 - 35 tahun,1 tahun s/d 2 tahun 11 bulan,1 bulan sekali,Belum menikah,Tidak memiliki anak,Sarjana (S1),Pegawai Negeri Sipil (Bukan Guru),A2 : Rp. 3.000.001 - Rp. 4.500.000,Rp. 4.500.000 - Rp 6.000.000,10.0,6.0,6.0,Promoter,6.0,1.0,5.0,Unknown,,,6.0,6.0,6.0,6.0,6.0,6.0,6.0,6.0,6.0,6.0,6.0,6.0,6.0,6.0,6.0,6.0,1.0,1.0,1.0,1.0,1.0,1.0,1.0
197929002,Jawa Barat,Cianjur,Cianjur 2,Teller (KUOTA 50%),Pria,41,41 - 45 tahun,5 tahun atau lebih,1 minggu 2 kali atau lebih,Menikah,2 anak,Sarjana (S1),Pegawai Negeri Sipil (Bukan Guru),A1 : Rp. 4.500.000 - Rp 6.000.000,Rp 6.000.001 - Rp 7.500.000,10.0,6.0,6.0,Promoter,6.0,1.7142857142857142,4.285714285714286,Loyal Champion,4.0,3.0,6.0,6.0,6.0,6.0,6.0,6.0,,6.0,6.0,6.0,6.0,6.0,6.0,6.0,6.0,6.0,1.0,1.0,1.0,1.0,1.0,6.0,1.0
197929150,Jawa Barat,Bandung,Bandung 11,CS (KUOTA 50%),Wanita,20,20 - 25 tahun,1 tahun s/d 2 tahun 11 bulan,2 minggu sekali,Menikah,Tidak memiliki anak,SLTA,Mahasiswa/i,A2 : Rp. 3.000.001 - Rp. 4.500.000,Rp. 3.000.001 - Rp. 4.500.000,9.0,6.0,5.0,Promoter,5.0,2.0,3.0,Unknown,,,6.0,5.0,6.0,6.0,6.0,,6.0,5.0,5.0,5.0,5.0,5.0,5.0,5.0,5.0,5.0,2.0,2.0,2.0,2.0,2.0,2.0,2.0
197929203,Banten,Pandeglang,Pandeglang 1,Teller (KUOTA 50%),Wanita,30,26 - 30 tahun,5 tahun atau lebih,1 minggu 2 kali atau lebih,Menikah,1 anak,Sarjana (S1),Tenaga Honorer,B : Rp. 2.000.001 - Rp. 3.000.000,Rp. 3.000.001 - Rp. 4.500.000,10.0,6.0,6.0,Promoter,6.0,1.0,5.0,Loyal Champion,4.0,3.0,6.0,6.0,6.0,6.0,6.0,6.0,,6.0,6.0,6.0,6.0,6.0,6.0,6.0,6.0,6.0,1.0,1.0,1.0,1.0,1.0,1.0,1.0
197929239,DKI Jakarta,Jakarta Pusat,Jakarta Pusat 1,CS (KUOTA 50%),Wanita,50,46 - 50 tahun,5 tahun atau lebih,1 bulan sekali,Belum menikah,Tidak memiliki anak,SLTA,Pegawai/Karyawan Swasta,B : Rp. 2.000.001 - Rp. 3.000.000,Rp 7.500.001- Rp 9.000.000,8.0,5.0,5.0,Passive,5.333333333333333,3.7142857142857144,1.6190476190476186,Passive,4.0,,5.0,6.0,6.0,6.0,6.0,,6.0,5.0,6.0,5.0,5.0,5.0,5.0,5.0,6.0,6.0,3.0,4.0,4.0,4.0,4.0,4.0,3.0
197929293,Jawa Barat,Sumedang,Sumedang 2,CS (KUOTA 50%),Wanita,30,26 - 30 tahun,5 tahun atau lebih,1 minggu 2 kali atau lebih,Menikah,2 anak,Paska Sarjana (S2),Pegawai Negeri Sipil (Bukan Guru),A2 : Rp. 3.000.001 - Rp. 4.500.000,Rp 9.000.001- Rp 10.500.000,10.0,6.0,6.0,Promoter,6.0,1.7142857142857142,4.285714285714286,Loyal Champion,4.0,3.0,6.0,6.0,6.0,6.0,6.0,,6.0,6.0,6.0,6.0,6.0,6.0,6.0,6.0,6.0,6.0,1.0,1.0,6.0,1.0,1.0,1.0,1.0
197929298,Jawa Timur,Surabaya,Surabaya 1,CS (KUOTA 50%),Wanita,27,26 - 30 tahun,1 tahun s/d 2 tahun 11 bulan,1 bulan sekali,Menikah,Tidak memiliki anak,Sarjana (S1),Ibu Rumah Tangga,A1 : Rp. 4.500.000 - Rp 6.000.000,Rp 9.000.001- Rp 10.500.000,8.0,6.0,5.0,Passive,5.0,1.0,4.0,Unknown,,,5.0,5.0,5.0,5.0,6.0,,6.0,5.0,5.0,5.0,5.0,5.0,5.0,5.0,5.0,5.0,1.0,1.0,1.0,1.0,1.0,1.0,1.0
197929414,Jawa Barat,Sumedang,Sumedang 2,CS (KUOTA 50%),Pria,50,46 - 50 tahun,5 tahun atau lebih,1 bulan sekali,Menikah,2 anak,Paska Sarjana (S2),Pegawai Negeri Sipil (Guru),A1.2 : Rp 7.500.001- Rp 9.000.000,Rp 15.000.001- Rp 20.000.000,10.0,6.0,6.0,Promoter,6.0,1.0,5.0,Satisfied,4.0,,6.0,6.0,6.0,6.0,6.0,,6.0,6.0,6.0,6.0,6.0,6.0,6.0,6.0,6.0,6.0,1.0,1.0,1.0,1.0,1.0,1.0,1.0
197929446,Jawa Barat,Bekasi,Bekasi 3,CS (KUOTA 50%),Wanita,27,26 - 30 tahun,5 tahun atau lebih,1 minggu 2 kali atau lebih,Belum menikah,Tidak memiliki anak,Sarjana (S1),Pegawai/Karyawan Swasta,B : Rp. 2.000.001 - Rp. 3.000.000,Rp 7.500.001- Rp 9.000.000,10.0,6.0,6.0,Promoter,6.0,1.0,5.0,Loyal Champion,4.0,3.0,6.0,6.0,6.0,6.0,6.0,6.0,6.0,6.0,6.0,6.0,6.0,6.0,6.0,6.0,6.0,6.0,1.0,1.0,1.0,1.0,1.0,1.0,1.0
197929456,Jawa Barat,Bandung,Bandung 11,CS (KUOTA 50%),Wanita,21,20 - 25 tahun,3 tahun s/d 4 tahun 11 bulan,1 minggu 2 kali atau lebih,Belum menikah,Tidak memiliki anak,SLTA,Mahasiswa/i,A1 : Rp. 4.500.000 - Rp 6.000.000,Rp 7.500.001- Rp 9.000.000,9.0,5.0,5.0,Promoter,5.777777777777778,1.0,4.777777777777778,Unknown,,3.0,5.0,6.0,6.0,5.0,6.0,,6.0,6.0,6.0,6.0,6.0,6.0,6.0,6.0,5.0,5.0,1.0,1.0,1.0,1.0,1.0,1.0,1.0
197929531,Banten,Pandeglang,Pandeglang 3,CS (KUOTA 50%),Pria,43,41 - 45 tahun,5 tahun atau lebih,1 minggu 2 kali atau lebih,Menikah,2 anak,SLTA,Pegawai/Karyawan Swasta,B : Rp. 2.000.001 - Rp. 3.000.000,Rp. 4.500.000 - Rp 6.000.000,10.0,6.0,6.0,Promoter,6.0,1.0,5.0,Loyal Champion,4.0,3.0,6.0,6.0,6.0,6.0,6.0,,6.0,6.0,6.0,6.0,6.0,6.0,6.0,6.0,6.0,6.0,1.0,1.0,1.0,1.0,1.0,1.0,1.0
197929545,Jawa Barat,Bandung,Bandung 15,CS (KUOTA 50%),Pria,50,46 - 50 tahun,5 tahun atau lebih,1 minggu 2 kali atau lebih,Menikah,2 anak,Doktor (S3),Lainnya,A1.3 : Rp 9.000.001- Rp 10.500.000,Rp 10.500.0001 - Rp 15.000.000,10.0,6.0,6.0,Promoter,6.0,1.0,5.0,Loyal Champion,4.0,3.0,6.0,5.0,6.0,6.0,6.0,6.0,6.0,6.0,6.0,6.0,6.0,6.0,6.0,6.0,6.0,6.0,1.0,1.0,1.0,1.0,1.0,1.0,1.0
197929599,Sumatera Utara,Medan,Medan 1,CS (KUOTA 50%),Pria,21,20 - 25 tahun,1 tahun s/d 2 tahun 11 bulan,2 minggu sekali,Belum menikah,Tidak memiliki anak,SLTA,Pegawai/Karyawan Swasta,B : Rp. 2.000.001 - Rp. 3.000.000,Rp. 3.000.001 - Rp. 4.500.000,8.0,6.0,5.0,Passive,5.333333333333333,1.1428571428571428,4.19047619047619,Unknown,,,6.0,6.0,6.0,6.0,6.0,,6.0,5.0,6.0,6.0,6.0,6.0,5.0,5.0,5.0,4.0,1.0,1.0,1.0,1.0,2.0,1.0,1.0
197929733,Jawa Barat,Tasikmalaya,Tasikmalaya 3,CS (KUOTA 50%),Wanita,49,46 - 50 tahun,3 tahun s/d 4 tahun 11 bulan,1 minggu sekali,Menikah,4 anak,SLTA,Wiraswasta/Pengusaha/Pedagang,A2 : Rp. 3.000.001 - Rp. 4.500.000,Rp. 4.500.000 - Rp 6.000.000,10.0,6.0,6.0,Promoter,6.0,1.0,5.0,Unknown,,,6.0,6.0,6.0,6.0,6.0,,6.0,6.0,6.0,6.0,6.0,6.0,6.0,6.0,6.0,6.0,1.0,1.0,1.0,1.0,1.0,1.0,1.0
197929734,DKI Jakarta,Jakarta Barat,Jakarta Barat 5,Teller (KUOTA 50%),Wanita,49,46 - 50 tahun,3 tahun s/d 4 tahun 11 bulan,1 minggu 2 kali atau lebih,Menikah,2 anak,Akademi/D3,Wiraswasta/Pengusaha/Pedagang,A1.3 : Rp 9.000.001- Rp 10.500.000,Rp 10.500.0001 - Rp 15.000.000,10.0,6.0,6.0,Promoter,5.222222222222222,1.5714285714285714,3.650793650793651,Unknown,,3.0,6.0,5.0,6.0,6.0,6.0,6.0,,6.0,4.0,6.0,6.0,5.0,5.0,5.0,5.0,5.0,1.0,1.0,2.0,1.0,1.0,1.0,4.0
197930185,Jawa Barat,Sumedang,Sumedang 2,Teller (KUOTA 50%),Wanita,49,46 - 50 tahun,5 tahun atau lebih,2 minggu sekali,Menikah,2 anak,Sarjana (S1),Pegawai Negeri Sipil (Bukan Guru),A2 : Rp. 3.000.001 - Rp. 4.500.000,Rp 10.500.0001 - Rp 15.000.000,10.0,6.0,6.0,Promoter,6.0,1.0,5.0,Satisfied,4.0,,6.0,6.0,6.0,6.0,6.0,6.0,,6.0,6.0,6.0,6.0,6.0,6.0,6.0,6.0,6.0,1.0,1.0,1.0,1.0,1.0,1.0,1.0
197930186,Jawa Barat,Sumedang,Sumedang 2,Teller (KUOTA 50%),Pria,45,41 - 45 tahun,5 tahun atau lebih,2 minggu sekali,Menikah,2 anak,Sarjana (S1),Pegawai Negeri Sipil (Bukan Guru),A1.2 : Rp 7.500.001- Rp 9.000.000,Rp 10.500.0001 - Rp 15.000.000,10.0,6.0,6.0,Promoter,6.0,1.0,5.0,Satisfied,4.0,,6.0,6.0,6.0,9.0,6.0,6.0,,6.0,6.0,6.0,6.0,6.0,6.0,6.0,6.0,6.0,1.0,1.0,1.0,1.0,1.0,1.0,1.0
197930187,Jawa Barat,Sumedang,Sumedang 2,Teller (KUOTA 50%),Wanita,49,46 - 50 tahun,5 tahun atau lebih,2 minggu sekali,Duda / Janda,3 anak,SLTA,Pegawai Negeri Sipil (Bukan Guru),A2 : Rp. 3.000.001 - Rp. 4.500.000,Rp 6.000.001 - Rp 7.500.000,10.0,6.0,6.0,Promoter,6.0,1.0,5.0,Satisfied,4.0,,6.0,6.0,6.0,9.0,6.0,6.0,,6.0,6.0,6.0,6.0,6.0,6.0,6.0,6.0,6.0,1.0,1.0,1.0,1.0,1.0,1.0,1.0
197930267,Jawa Barat,Sumedang,Sumedang 2,CS (KUOTA 50%),Pria,33,31 - 35 tahun,5 tahun atau lebih,1 minggu 2 kali atau lebih,Menikah,3 anak,Paska Sarjana (S2),Pegawai Negeri Sipil (Bukan Guru),A1.1 : Rp 6.000.001 - Rp 7.500.000,Rp 10.500.0001 - Rp 15.000.000,10.0,6.0,6.0,Promoter,6.0,1.0,5.0,Loyal Champion,4.0,3.0,6.0,6.0,6.0,6.0,6.0,,6.0,6.0,6.0,6.0,6.0,6.0,6.0,6.0,6.0,6.0,1.0,1.0,1.0,1.0,1.0,1.0,1.0
197930327,Jawa Barat,Sumedang,Sumedang 2,Teller (KUOTA 50%),Wanita,37,36 - 40 tahun,5 tahun atau lebih,1 minggu 2 kali atau lebih,Menikah,2 anak,Sarjana (S1),Lainnya,A1.3 : Rp 9.000.001- Rp 10.500.000,Rp 10.500.0001 - Rp 15.000.000,10.0,6.0,6.0,Promoter,6.0,1.4285714285714286,4.571428571428571,Loyal Champion,4.0,3.0,6.0,6.0,6.0,6.0,6.0,6.0,,6.0,6.0,6.0,6.0,6.0,6.0,6.0,6.0,6.0,1.0,1.0,1.0,1.0,1.0,1.0,4.0
197930350,Jawa Barat,Garut,Garut 2,Teller (KUOTA 50%),Pria,50,46 - 50 tahun,5 tahun atau lebih,1 bulan sekali,Menikah,4 anak,Sarjana (S1),Pensiunan,A2 : Rp. 3.000.001 - Rp. 4.500.000,Rp. 3.000.001 - Rp. 4.500.000,10.0,6.0,6.0,Promoter,6.0,1.0,5.0,Satisfied,4.0,,6.0,6.0,6.0,6.0,6.0,6.0,,6.0,6.0,6.0,6.0,6.0,6.0,6.0,6.0,6.0,1.0,1.0,1.0,1.0,1.0,1.0,1.0
197930351,Jawa Barat,Garut,Garut 2,CS (KUOTA 50%),Wanita,23,20 - 25 tahun,1 tahun s/d 2 tahun 11 bulan,2 minggu sekali,Belum menikah,Tidak memiliki anak,Sarjana (S1),Pegawai/Karyawan Swasta,C2 : Rp. 1.000.001 - Rp. 1.500.000,Rp. 3.000.001 - Rp. 4.500.000,10.0,6.0,6.0,Promoter,6.0,1.0,5.0,Unknown,,,6.0,6.0,6.0,6.0,6.0,,6.0,6.0,6.0,6.0,6.0,6.0,6.0,6.0,6.0,6.0,1.0,1.0,1.0,1.0,1.0,1.0,1.0
197930521,Jawa Barat,Bandung,Bandung 5,Teller (KUOTA 50%),Pria,40,36 - 40 tahun,1 tahun s/d 2 tahun 11 bulan,1 bulan sekali,Menikah,2 anak,Akademi/D3,Pegawai/Karyawan Swasta,A2 : Rp. 3.000.001 - Rp. 4.500.000,Rp 6.000.001 - Rp 7.500.000,10.0,6.0,6.0,Promoter,6.0,1.7142857142857142,4.285714285714286,Unknown,,,6.0,6.0,6.0,6.0,6.0,6.0,,6.0,6.0,6.0,6.0,6.0,6.0,6.0,6.0,6.0,1.0,1.0,1.0,1.0,1.0,1.0,6.0
197930796,DKI Jakarta,Jakarta Pusat,Jakarta Pusat 1,CS (KUOTA 50%),Pria,42,41 - 45 tahun,1 tahun s/d 2 tahun 11 bulan,1 bulan sekali,Belum menikah,Tidak memiliki anak,Akademi/D3,Pegawai/Karyawan Swasta,A1 : Rp. 4.500.000 - Rp 6.000.000,Rp 10.500.0001 - Rp 15.000.000,10.0,6.0,6.0,Promoter,5.111111111111111,1.1428571428571428,3.968253968253968,Unknown,,,5.0,6.0,6.0,6.0,6.0,,6.0,5.0,5.0,5.0,6.0,5.0,5.0,5.0,5.0,5.0,1.0,1.0,1.0,1.0,1.0,1.0,2.0
197930997,Jawa Tengah,Surakarta,Surakarta 1,Teller (KUOTA 50%),Pria,30,26 - 30 tahun,3 tahun s/d 4 tahun 11 bulan,1 minggu 2 kali atau lebih,Menikah,2 anak,SLTA,Pegawai/Karyawan Swasta,C2 : Rp. 1.000.001 - Rp. 1.500.000,Rp. 2.000.001 - Rp. 3.000.000,10.0,6.0,6.0,Promoter,6.0,1.0,5.0,Unknown,,3.0,6.0,6.0,6.0,6.0,6.0,6.0,,6.0,6.0,6.0,6.0,6.0,6.0,6.0,6.0,6.0,1.0,1.0,1.0,1.0,1.0,1.0,1.0
197931061,Jawa Barat,Cimahi,Cimahi 1,CS (KUOTA 50%),Wanita,40,36 - 40 tahun,5 tahun atau lebih,1 minggu 2 kali atau lebih,Menikah,Tidak memiliki anak,Sarjana (S1),Pegawai Negeri Sipil (Bukan Guru),B : Rp. 2.000.001 - Rp. 3.000.000,Rp 7.500.001- Rp 9.000.000,10.0,6.0,6.0,Promoter,6.0,2.4285714285714284,3.5714285714285716,Loyal Champion,4.0,3.0,6.0,6.0,6.0,6.0,6.0,6.0,6.0,6.0,6.0,6.0,6.0,6.0,6.0,6.0,6.0,6.0,1.0,6.0,1.0,1.0,1.0,6.0,1.0
197931063,Jawa Barat,Cimahi,Cimahi 1,Teller (KUOTA 50%),Pria,46,46 - 50 tahun,5 tahun atau lebih,1 minggu 2 kali atau lebih,Menikah,3 anak,SLTA,Wiraswasta/Pengusaha/Pedagang,A1.1 : Rp 6.000.001 - Rp 7.500.000,Rp 9.000.001- Rp 10.500.000,10.0,6.0,6.0,Promoter,5.888888888888889,1.0,4.888888888888889,Loyal Champion,4.0,3.0,6.0,6.0,6.0,6.0,6.0,6.0,,6.0,6.0,6.0,6.0,6.0,6.0,5.0,6.0,6.0,1.0,1.0,1.0,1.0,1.0,1.0,1.0
197931064,Jawa Barat,Cimahi,Cimahi 1,Teller (KUOTA 50%),Wanita,39,36 - 40 tahun,5 tahun atau lebih,1 minggu 2 kali atau lebih,Belum menikah,Tidak memiliki anak,Sarjana (S1),Tenaga Honorer,B : Rp. 2.000.001 - Rp. 3.000.000,Rp. 3.000.001 - Rp. 4.500.000,10.0,6.0,6.0,Promoter,6.0,1.0,5.0,Loyal Champion,4.0,3.0,6.0,6.0,6.0,6.0,6.0,6.0,,6.0,6.0,6.0,6.0,6.0,6.0,6.0,6.0,6.0,1.0,1.0,1.0,1.0,1.0,1.0,1.0
197931256,DKI Jakarta,Jakarta Barat,Jakarta Barat 4,CS (KUOTA 50%),Wanita,40,36 - 40 tahun,3 tahun s/d 4 tahun 11 bulan,1 bulan sekali,Menikah,1 anak,Akademi/D3,Pegawai/Karyawan Swasta,A2 : Rp. 3.000.001 - Rp. 4.500.000,Rp 10.500.0001 - Rp 15.000.000,8.0,5.0,6.0,Passive,5.666666666666667,2.857142857142857,2.8095238095238098,Unknown,,,5.0,5.0,6.0,6.0,6.0,,6.0,6.0,5.0,6.0,6.0,6.0,5.0,5.0,6.0,6.0,3.0,3.0,1.0,3.0,4.0,4.0,2.0
197931481,Jawa Barat,Bogor,Bogor 2,Teller (KUOTA 50%),Wanita,32,31 - 35 tahun,3 tahun s/d 4 tahun 11 bulan,1 bulan sekali,Menikah,3 anak,Paska Sarjana (S2),Wiraswasta/Pengusaha/Pedagang,A1.4 : Rp 10.500.0001 - Rp 15.000.000,Di atas Rp 25.000.000,10.0,6.0,6.0,Promoter,5.888888888888889,1.0,4.888888888888889,Unknown,,,6.0,6.0,6.0,6.0,6.0,6.0,,6.0,6.0,6.0,5.0,6.0,6.0,6.0,6.0,6.0,1.0,1.0,1.0,1.0,1.0,1.0,1.0
197931806,Sumatera Selatan,Palembang,Palembang 1,Teller (KUOTA 50%),Pria,36,36 - 40 tahun,1 tahun s/d 2 tahun 11 bulan,1 minggu 2 kali atau lebih,Menikah,4 anak,SLTA,Wiraswasta/Pengusaha/Pedagang,B : Rp. 2.000.001 - Rp. 3.000.000,Rp 15.000.001- Rp 20.000.000,10.0,6.0,6.0,Promoter,6.0,1.0,5.0,Unknown,,3.0,6.0,6.0,6.0,6.0,6.0,6.0,,6.0,6.0,6.0,6.0,6.0,6.0,6.0,6.0,6.0,1.0,1.0,1.0,1.0,1.0,1.0,1.0
197931832,Jawa Barat,Bandung Barat,Bandung Barat 2,Teller (KUOTA 50%),Pria,47,46 - 50 tahun,5 tahun atau lebih,1 minggu 2 kali atau lebih,Menikah,2 anak,Akademi/D3,Wiraswasta/Pengusaha/Pedagang,B : Rp. 2.000.001 - Rp. 3.000.000,Rp 9.000.001- Rp 10.500.000,10.0,6.0,5.0,Promoter,6.0,1.0,5.0,Loyal Champion,4.0,3.0,6.0,6.0,6.0,6.0,6.0,6.0,,6.0,6.0,6.0,6.0,6.0,6.0,6.0,6.0,6.0,1.0,1.0,1.0,1.0,1.0,1.0,1.0
197931945,Jawa Barat,Bandung,Bandung 15,Teller (KUOTA 50%),Pria,45,41 - 45 tahun,5 tahun atau lebih,1 minggu 2 kali atau lebih,Menikah,2 anak,SLTP,Pegawai/Karyawan Swasta,A2 : Rp. 3.000.001 - Rp. 4.500.000,Rp 7.500.001- Rp 9.000.000,10.0,6.0,6.0,Promoter,6.0,1.0,5.0,Loyal Champion,4.0,3.0,6.0,6.0,6.0,6.0,6.0,6.0,,6.0,6.0,6.0,6.0,6.0,6.0,6.0,6.0,6.0,1.0,1.0,1.0,1.0,1.0,1.0,1.0
197932062,Jawa Barat,Bandung,Bandung 11,Teller (KUOTA 50%),Wanita,31,31 - 35 tahun,1 tahun s/d 2 tahun 11 bulan,1 bulan sekali,Belum menikah,Tidak memiliki anak,Sarjana (S1),Pegawai/Karyawan Swasta,B : Rp. 2.000.001 - Rp. 3.000.000,Rp 6.000.001 - Rp 7.500.000,10.0,6.0,6.0,Promoter,5.555555555555555,2.0,3.5555555555555554,Unknown,,,6.0,5.0,6.0,5.0,6.0,6.0,,5.0,5.0,6.0,6.0,6.0,5.0,5.0,6.0,6.0,2.0,2.0,2.0,2.0,2.0,2.0,2.0
197932171,Jawa Barat,Cirebon,Cirebon 3,Teller (KUOTA 50%),Wanita,40,36 - 40 tahun,3 tahun s/d 4 tahun 11 bulan,1 bulan sekali,Menikah,2 anak,SLTA,Pegawai/Karyawan Swasta,A1 : Rp. 4.500.000 - Rp 6.000.000,Rp 6.000.001 - Rp 7.500.000,9.0,6.0,6.0,Promoter,5.666666666666667,3.142857142857143,2.523809523809524,Unknown,,,6.0,6.0,6.0,6.0,6.0,6.0,,5.0,6.0,6.0,6.0,6.0,5.0,6.0,5.0,6.0,6.0,6.0,1.0,1.0,1.0,6.0,1.0
197932172,Jawa Barat,Cirebon,Cirebon 3,Teller (KUOTA 50%),Wanita,35,31 - 35 tahun,3 tahun s/d 4 tahun 11 bulan,1 bulan sekali,Menikah,2 anak,SLTA,Ibu Rumah Tangga,B : Rp. 2.000.001 - Rp. 3.000.000,Rp. 2.000.001 - Rp. 3.000.000,9.0,6.0,6.0,Promoter,5.888888888888889,3.857142857142857,2.031746031746032,Unknown,,,6.0,6.0,6.0,6.0,6.0,6.0,,6.0,6.0,6.0,6.0,6.0,6.0,6.0,6.0,5.0,6.0,6.0,1.0,1.0,1.0,6.0,6.0
197932483,Jawa Barat,Cianjur,Cianjur 2,CS (KUOTA 50%),Pria,41,41 - 45 tahun,5 tahun atau lebih,1 bulan sekali,Menikah,3 anak,SLTA,Perangkat Desa (Camat/Lurah/RW),C1 : Rp. 1.500.001 - Rp. 2.000.000,Rp. 2.000.001 - Rp. 3.000.000,9.0,6.0,6.0,Promoter,6.0,1.5714285714285714,4.428571428571429,Satisfied,4.0,,6.0,6.0,6.0,6.0,6.0,,6.0,6.0,6.0,6.0,6.0,6.0,6.0,6.0,6.0,6.0,1.0,1.0,1.0,1.0,5.0,1.0,1.0
197932516,Jawa Barat,Bandung,Bandung 5,CS (KUOTA 50%),Pria,32,31 - 35 tahun,1 tahun s/d 2 tahun 11 bulan,1 bulan sekali,Menikah,2 anak,SLTA,Pegawai/Karyawan Swasta,A1 : Rp. 4.500.000 - Rp 6.000.000,Rp 6.000.001 - Rp 7.500.000,10.0,6.0,6.0,Promoter,6.0,1.0,5.0,Unknown,,,6.0,6.0,6.0,6.0,6.0,,6.0,6.0,6.0,6.0,6.0,6.0,6.0,6.0,6.0,6.0,1.0,1.0,1.0,1.0,1.0,1.0,1.0
197932658,Jawa Barat,Bogor,Bogor 2,Teller (KUOTA 50%),Wanita,31,31 - 35 tahun,5 tahun atau lebih,1 minggu 2 kali atau lebih,Menikah,Tidak memiliki anak,Sarjana (S1),Pegawai/Karyawan Swasta,B : Rp. 2.000.001 - Rp. 3.000.000,Rp 7.500.001- Rp 9.000.000,10.0,6.0,6.0,Promoter,6.0,1.0,5.0,Loyal Champion,4.0,3.0,6.0,6.0,6.0,6.0,6.0,6.0,,6.0,6.0,6.0,6.0,6.0,6.0,6.0,6.0,6.0,1.0,1.0,1.0,1.0,1.0,1.0,1.0
197932666,Jawa Barat,Garut,Garut 2,Teller (KUOTA 50%),Pria,31,31 - 35 tahun,5 tahun atau lebih,1 minggu 2 kali atau lebih,Belum menikah,Tidak memiliki anak,SLTA,Wiraswasta/Pengusaha/Pedagang,B : Rp. 2.000.001 - Rp. 3.000.000,Rp. 3.000.001 - Rp. 4.500.000,10.0,6.0,6.0,Promoter,6.0,1.0,5.0,Loyal Champion,4.0,3.0,6.0,6.0,6.0,6.0,6.0,6.0,,6.0,6.0,6.0,6.0,6.0,6.0,6.0,6.0,6.0,1.0,1.0,1.0,1.0,1.0,1.0,1.0
197932671,Jawa Barat,Bekasi,Bekasi 3,CS (KUOTA 50%),Pria,33,31 - 35 tahun,5 tahun atau lebih,1 minggu 2 kali atau lebih,Belum menikah,Tidak memiliki anak,Sarjana (S1),Wiraswasta/Pengusaha/Pedagang,A1 : Rp. 4.500.000 - Rp 6.000.000,Rp 9.000.001- Rp 10.500.000,10.0,6.0,6.0,Promoter,5.444444444444445,1.0,4.444444444444445,Loyal Champion,4.0,3.0,6.0,6.0,6.0,6.0,6.0,6.0,6.0,6.0,6.0,6.0,6.0,6.0,6.0,6.0,1.0,6.0,1.0,1.0,1.0,1.0,1.0,1.0,1.0
197932724,Banten,Pandeglang,Pandeglang 3,CS (KUOTA 50%),Pria,32,31 - 35 tahun,5 tahun atau lebih,1 minggu 2 kali atau lebih,Belum menikah,Tidak memiliki anak,Sarjana (S1),Wiraswasta/Pengusaha/Pedagang,A1 : Rp. 4.500.000 - Rp 6.000.000,Rp 7.500.001- Rp 9.000.000,10.0,6.0,5.0,Promoter,6.0,1.0,5.0,Loyal Champion,4.0,3.0,6.0,6.0,6.0,6.0,6.0,,6.0,6.0,6.0,6.0,6.0,6.0,6.0,6.0,6.0,6.0,1.0,1.0,1.0,1.0,1.0,1.0,1.0
197932777,Jawa Barat,Bandung Barat,Bandung Barat 2,Teller (KUOTA 50%),Pria,43,41 - 45 tahun,5 tahun atau lebih,1 minggu 2 kali atau lebih,Menikah,3 anak,SLTA,Pegawai/Karyawan Swasta,A2 : Rp. 3.000.001 - Rp. 4.500.000,Rp 6.000.001 - Rp 7.500.000,10.0,6.0,6.0,Promoter,5.444444444444445,1.7142857142857142,3.7301587301587302,Loyal Champion,4.0,3.0,5.0,6.0,6.0,6.0,6.0,6.0,,6.0,6.0,6.0,6.0,6.0,1.0,6.0,6.0,6.0,1.0,1.0,1.0,6.0,1.0,1.0,1.0
197932786,Banten,Pandeglang,Pandeglang 1,Teller (KUOTA 50%),Pria,27,26 - 30 tahun,5 tahun atau lebih,1 minggu 2 kali atau lebih,Menikah,Tidak memiliki anak,SLTA,Pegawai/Karyawan Swasta,B : Rp. 2.000.001 - Rp. 3.000.000,Rp 6.000.001 - Rp 7.500.000,10.0,6.0,6.0,Promoter,5.777777777777778,1.2857142857142858,4.492063492063492,Loyal Champion,4.0,3.0,6.0,6.0,6.0,6.0,6.0,6.0,6.0,6.0,6.0,6.0,6.0,6.0,5.0,6.0,5.0,6.0,1.0,1.0,1.0,2.0,1.0,1.0,2.0
197932803,Banten,Pandeglang,Pandeglang 3,Teller (KUOTA 50%),Pria,27,26 - 30 tahun,5 tahun atau lebih,1 minggu 2 kali atau lebih,Menikah,1 anak,SLTA,Wiraswasta/Pengusaha/Pedagang,C2 : Rp. 1.000.001 - Rp. 1.500.000,Rp. 2.000.001 - Rp. 3.000.000,9.0,6.0,6.0,Promoter,6.0,1.0,5.0,Loyal Champion,4.0,3.0,6.0,6.0,6.0,6.0,6.0,6.0,6.0,6.0,6.0,6.0,6.0,6.0,6.0,6.0,6.0,6.0,1.0,1.0,1.0,1.0,1.0,1.0,1.0
197933051,Jawa Barat,Cirebon,Cirebon 3,CS (KUOTA 50%),Wanita,44,41 - 45 tahun,3 tahun s/d 4 tahun 11 bulan,1 bulan sekali,Menikah,2 anak,SLTA,Pegawai/Karyawan Swasta,A2 : Rp. 3.000.001 - Rp. 4.500.000,Rp. 3.000.001 - Rp. 4.500.000,9.0,6.0,6.0,Promoter,5.777777777777778,3.142857142857143,2.634920634920635,Unknown,,,6.0,6.0,6.0,6.0,6.0,,6.0,6.0,6.0,6.0,6.0,6.0,5.0,6.0,6.0,5.0,6.0,1.0,1.0,6.0,1.0,6.0,1.0
197933105,Jawa Tengah,Surakarta,Surakarta 1,Teller (KUOTA 50%),Pria,30,26 - 30 tahun,5 tahun atau lebih,1 bulan sekali,Menikah,1 anak,Sarjana (S1),Pegawai Negeri Sipil (Guru),B : Rp. 2.000.001 - Rp. 3.000.000,Rp. 2.000.001 - Rp. 3.000.000,10.0,6.0,6.0,Promoter,5.444444444444445,1.0,4.444444444444445,Satisfied,4.0,,6.0,5.0,6.0,5.0,6.0,6.0,,5.0,6.0,5.0,6.0,5.0,6.0,5.0,5.0,6.0,1.0,1.0,1.0,1.0,1.0,1.0,1.0
197933186,Jawa Barat,Bandung,Bandung 15,Teller (KUOTA 50%),Wanita,37,36 - 40 tahun,5 tahun atau lebih,1 minggu 2 kali atau lebih,Menikah,2 anak,Akademi/D3,Pegawai/Karyawan Swasta,B : Rp. 2.000.001 - Rp. 3.000.000,Rp 6.000.001 - Rp 7.500.000,10.0,6.0,6.0,Promoter,6.0,1.0,5.0,Loyal Champion,4.0,3.0,6.0,6.0,6.0,6.0,6.0,6.0,,6.0,6.0,6.0,6.0,6.0,6.0,6.0,6.0,6.0,1.0,1.0,1.0,1.0,1.0,1.0,1.0
197933266,Jawa Barat,Bandung,Bandung 14,Teller (KUOTA 50%),Wanita,46,46 - 50 tahun,5 tahun atau lebih,2 minggu sekali,Menikah,2 anak,Sarjana (S1),Pegawai Negeri Sipil (Bukan Guru),A1.2 : Rp 7.500.001- Rp 9.000.000,Rp 9.000.001- Rp 10.500.000,8.0,6.0,6.0,Passive,6.0,1.0,5.0,Passive,4.0,,6.0,6.0,6.0,6.0,6.0,6.0,,6.0,6.0,6.0,6.0,6.0,6.0,6.0,6.0,6.0,1.0,1.0,1.0,1.0,1.0,1.0,1.0
197933267,Jawa Barat,Bandung,Bandung 14,CS (KUOTA 50%),Pria,36,36 - 40 tahun,5 tahun atau lebih,2 minggu sekali,Belum menikah,Tidak memiliki anak,Sarjana (S1),Pegawai/Karyawan Swasta,C2 : Rp. 1.000.001 - Rp. 1.500.000,Rp. 1.000.001 - Rp. 1.500.000,10.0,6.0,6.0,Promoter,6.0,1.1428571428571428,4.857142857142858,Satisfied,4.0,,6.0,6.0,6.0,6.0,6.0,,6.0,6.0,6.0,6.0,6.0,6.0,6.0,6.0,6.0,6.0,1.0,1.0,1.0,1.0,1.0,2.0,1.0
197933268,Jawa Barat,Bandung,Bandung 14,CS (KUOTA 50%),Wanita,21,20 - 25 tahun,1 tahun s/d 2 tahun 11 bulan,1 bulan sekali,Belum menikah,Tidak memiliki anak,SLTA,Mahasiswa/i,C1 : Rp. 1.500.001 - Rp. 2.000.000,Rp. 2.000.001 - Rp. 3.000.000,10.0,6.0,6.0,Promoter,6.0,1.0,5.0,Unknown,,,6.0,6.0,6.0,6.0,6.0,,6.0,6.0,6.0,6.0,6.0,6.0,6.0,6.0,6.0,6.0,1.0,1.0,1.0,1.0,1.0,1.0,1.0
197933269,Jawa Barat,Bandung,Bandung 14,CS (KUOTA 50%),Pria,41,41 - 45 tahun,5 tahun atau lebih,1 minggu sekali,Menikah,3 anak,SLTP,Pegawai/Karyawan Swasta,B : Rp. 2.000.001 - Rp. 3.000.000,Rp. 4.500.000 - Rp 6.000.000,10.0,6.0,6.0,Promoter,6.0,1.0,5.0,Satisfied,4.0,,6.0,6.0,6.0,6.0,6.0,,6.0,6.0,6.0,6.0,6.0,6.0,6.0,6.0,6.0,6.0,1.0,1.0,1.0,1.0,1.0,1.0,1.0
197933692,Jawa Barat,Bandung,Bandung 13,CS (KUOTA 50%),Pria,46,46 - 50 tahun,5 tahun atau lebih,1 bulan sekali,Menikah,2 anak,SLTA,Wiraswasta/Pengusaha/Pedagang,B : Rp. 2.000.001 - Rp. 3.000.000,Rp. 4.500.000 - Rp 6.000.000,10.0,6.0,6.0,Promoter,6.0,1.7142857142857142,4.285714285714286,Satisfied,4.0,,6.0,6.0,6.0,6.0,6.0,6.0,6.0,6.0,6.0,6.0,6.0,6.0,6.0,6.0,6.0,6.0,6.0,1.0,1.0,1.0,1.0,1.0,1.0
197933693,Jawa Barat,Bandung,Bandung 13,Teller (KUOTA 50%),Pria,41,41 - 45 tahun,5 tahun atau lebih,1 minggu 2 kali atau lebih,Menikah,2 anak,Sarjana (S1),Pegawai/Karyawan Swasta,A1 : Rp. 4.500.000 - Rp 6.000.000,Di atas Rp 25.000.000,10.0,6.0,6.0,Promoter,6.0,1.0,5.0,Loyal Champion,4.0,3.0,6.0,6.0,6.0,6.0,6.0,6.0,,6.0,6.0,6.0,6.0,6.0,6.0,6.0,6.0,6.0,1.0,1.0,1.0,1.0,1.0,1.0,1.0
197933750,Jawa Barat,Sumedang,Sumedang 2,CS (KUOTA 50%),Pria,48,46 - 50 tahun,5 tahun atau lebih,2 minggu sekali,Menikah,3 anak,Akademi/D3,Wiraswasta/Pengusaha/Pedagang,A1.1 : Rp 6.000.001 - Rp 7.500.000,Rp 10.500.0001 - Rp 15.000.000,9.0,6.0,6.0,Promoter,6.0,1.0,5.0,Satisfied,4.0,,6.0,6.0,6.0,6.0,6.0,,6.0,6.0,6.0,6.0,6.0,6.0,6.0,6.0,6.0,6.0,1.0,1.0,1.0,1.0,1.0,1.0,1.0
197933877,Banten,Pandeglang,Pandeglang 1,Teller (KUOTA 50%),Pria,26,26 - 30 tahun,3 tahun s/d 4 tahun 11 bulan,1 minggu 2 kali atau lebih,Belum menikah,Tidak memiliki anak,Sarjana (S1),Wiraswasta/Pengusaha/Pedagang,A2 : Rp. 3.000.001 - Rp. 4.500.000,Rp 6.000.001 - Rp 7.500.000,9.0,6.0,6.0,Promoter,6.0,1.0,5.0,Unknown,,3.0,6.0,6.0,6.0,6.0,6.0,6.0,,6.0,6.0,6.0,6.0,6.0,6.0,6.0,6.0,6.0,1.0,1.0,1.0,1.0,1.0,1.0,1.0
197933957,Jawa Barat,Bandung,Bandung 11,Teller (KUOTA 50%),Pria,50,46 - 50 tahun,5 tahun atau lebih,1 bulan sekali,Duda / Janda,1 anak,SLTA,Wiraswasta/Pengusaha/Pedagang,B : Rp. 2.000.001 - Rp. 3.000.000,Rp 6.000.001 - Rp 7.500.000,10.0,6.0,6.0,Promoter,5.777777777777778,1.4285714285714286,4.349206349206349,Satisfied,4.0,,6.0,6.0,6.0,6.0,6.0,6.0,,6.0,6.0,6.0,6.0,6.0,6.0,5.0,6.0,5.0,2.0,2.0,1.0,1.0,1.0,2.0,1.0
197933991,Jawa Barat,Bogor,Bogor 2,Teller (KUOTA 50%),Wanita,42,41 - 45 tahun,5 tahun atau lebih,1 minggu 2 kali atau lebih,Menikah,2 anak,Akademi/D3,Ibu Rumah Tangga,A2 : Rp. 3.000.001 - Rp. 4.500.000,Rp 6.000.001 - Rp 7.500.000,9.0,6.0,6.0,Promoter,6.0,1.0,5.0,Loyal Champion,4.0,3.0,6.0,6.0,6.0,6.0,6.0,6.0,,6.0,6.0,6.0,6.0,6.0,6.0,6.0,6.0,6.0,1.0,1.0,1.0,1.0,1.0,1.0,1.0
197934021,Jawa Barat,Bandung,Bandung 15,CS (KUOTA 50%),Pria,50,46 - 50 tahun,1 tahun s/d 2 tahun 11 bulan,1 bulan sekali,Menikah,4 anak,SLTA,Pegawai Negeri Sipil (Bukan Guru),A2 : Rp. 3.000.001 - Rp. 4.500.000,Rp 6.000.001 - Rp 7.500.000,10.0,6.0,6.0,Promoter,6.0,1.0,5.0,Unknown,,,6.0,6.0,6.0,6.0,6.0,,6.0,6.0,6.0,6.0,6.0,6.0,6.0,6.0,6.0,6.0,1.0,1.0,1.0,1.0,1.0,1.0,1.0
197934043,Banten,Pandeglang,Pandeglang 3,CS (KUOTA 50%),Pria,50,46 - 50 tahun,5 tahun atau lebih,1 minggu sekali,Menikah,3 anak,SLTA,Wiraswasta/Pengusaha/Pedagang,B : Rp. 2.000.001 - Rp. 3.000.000,Rp. 3.000.001 - Rp. 4.500.000,10.0,6.0,6.0,Promoter,6.0,1.0,5.0,Satisfied,4.0,,6.0,6.0,6.0,6.0,6.0,,6.0,6.0,6.0,6.0,6.0,6.0,6.0,6.0,6.0,6.0,1.0,1.0,1.0,1.0,1.0,1.0,1.0
197934051,Jawa Barat,Bandung,Bandung 4,CS (KUOTA 50%),Pria,27,26 - 30 tahun,1 tahun s/d 2 tahun 11 bulan,1 bulan sekali,Menikah,1 anak,SLTA,Pegawai/Karyawan Swasta,B : Rp. 2.000.001 - Rp. 3.000.000,Rp. 2.000.001 - Rp. 3.000.000,10.0,6.0,6.0,Promoter,6.0,1.0,5.0,Unknown,,,6.0,6.0,6.0,6.0,6.0,6.0,6.0,6.0,6.0,6.0,6.0,6.0,6.0,6.0,6.0,6.0,1.0,1.0,1.0,1.0,1.0,1.0,1.0
197934052,Jawa Barat,Bandung,Bandung 4,Teller (KUOTA 50%),Wanita,24,20 - 25 tahun,1 tahun s/d 2 tahun 11 bulan,2 minggu sekali,Menikah,1 anak,Sarjana (S1),Tenaga Honorer,B : Rp. 2.000.001 - Rp. 3.000.000,Rp. 2.000.001 - Rp. 3.000.000,9.0,6.0,6.0,Promoter,6.0,1.0,5.0,Unknown,,,6.0,6.0,6.0,6.0,6.0,6.0,6.0,6.0,6.0,6.0,6.0,6.0,6.0,6.0,6.0,6.0,1.0,1.0,1.0,1.0,1.0,1.0,1.0
197934053,Jawa Barat,Bandung,Bandung 4,Teller (KUOTA 50%),Pria,45,41 - 45 tahun,5 tahun atau lebih,1 minggu 2 kali atau lebih,Menikah,3 anak,Sarjana (S1),Pegawai Negeri Sipil (Guru),B : Rp. 2.000.001 - Rp. 3.000.000,Rp. 4.500.000 - Rp 6.000.000,10.0,6.0,6.0,Promoter,6.0,1.0,5.0,Loyal Champion,4.0,3.0,6.0,6.0,6.0,6.0,6.0,6.0,6.0,6.0,6.0,6.0,6.0,6.0,6.0,6.0,6.0,6.0,1.0,1.0,1.0,1.0,1.0,1.0,1.0
197934054,Jawa Barat,Bandung,Bandung 4,CS (KUOTA 50%),Wanita,24,20 - 25 tahun,5 tahun atau lebih,1 bulan sekali,Menikah,Tidak memiliki anak,SLTA,Ibu Rumah Tangga,C2 : Rp. 1.000.001 - Rp. 1.500.000,Rp. 2.000.001 - Rp. 3.000.000,8.0,6.0,6.0,Passive,6.0,1.0,5.0,Passive,4.0,,6.0,6.0,6.0,6.0,6.0,6.0,6.0,6.0,6.0,6.0,6.0,6.0,6.0,6.0,6.0,6.0,1.0,1.0,1.0,1.0,1.0,1.0,1.0
197934055,Jawa Barat,Bandung,Bandung 4,CS (KUOTA 50%),Wanita,47,46 - 50 tahun,5 tahun atau lebih,1 bulan sekali,Menikah,3 anak,SLTA,Tenaga Honorer,B : Rp. 2.000.001 - Rp. 3.000.000,Rp. 2.000.001 - Rp. 3.000.000,10.0,6.0,6.0,Promoter,6.0,1.0,5.0,Satisfied,4.0,,6.0,6.0,6.0,6.0,6.0,6.0,6.0,6.0,6.0,6.0,6.0,6.0,6.0,6.0,6.0,6.0,1.0,1.0,1.0,1.0,1.0,1.0,1.0
197934057,Jawa Barat,Bandung,Bandung 4,CS (KUOTA 50%),Pria,50,46 - 50 tahun,1 tahun s/d 2 tahun 11 bulan,1 bulan sekali,Menikah,3 anak,SLTA,Tenaga Honorer,B : Rp. 2.000.001 - Rp. 3.000.000,Rp. 2.000.001 - Rp. 3.000.000,10.0,6.0,6.0,Promoter,6.0,1.0,5.0,Unknown,,,6.0,6.0,6.0,6.0,6.0,6.0,6.0,6.0,6.0,6.0,6.0,6.0,6.0,6.0,6.0,6.0,1.0,1.0,1.0,1.0,1.0,1.0,1.0
197934318,Jawa Barat,Bandung,Bandung 16,Teller (KUOTA 50%),Pria,27,26 - 30 tahun,3 tahun s/d 4 tahun 11 bulan,2 minggu sekali,Belum menikah,Tidak memiliki anak,SLTA,Pegawai/Karyawan Swasta,A1 : Rp. 4.500.000 - Rp 6.000.000,Rp 7.500.001- Rp 9.000.000,8.0,5.0,5.0,Passive,5.111111111111111,5.0,0.11111111111111072,Unknown,,,6.0,6.0,6.0,6.0,6.0,6.0,,5.0,5.0,5.0,6.0,5.0,5.0,5.0,5.0,5.0,5.0,5.0,5.0,5.0,5.0,5.0,5.0
197934743,Jawa Barat,Cirebon,Cirebon 3,CS (KUOTA 50%),Wanita,23,20 - 25 tahun,3 tahun s/d 4 tahun 11 bulan,1 bulan sekali,Belum menikah,Tidak memiliki anak,SLTA,Mahasiswa/i,B : Rp. 2.000.001 - Rp. 3.000.000,Rp. 2.000.001 - Rp. 3.000.000,9.0,5.0,5.0,Promoter,5.888888888888889,1.0,4.888888888888889,Unknown,,,6.0,6.0,6.0,6.0,6.0,,6.0,6.0,6.0,6.0,6.0,6.0,5.0,6.0,6.0,6.0,1.0,1.0,1.0,1.0,1.0,1.0,1.0
197934813,Jawa Barat,Bandung,Bandung 14,CS (KUOTA 50%),Wanita,20,20 - 25 tahun,3 tahun s/d 4 tahun 11 bulan,1 minggu sekali,Belum menikah,Tidak memiliki anak,SLTA,Mahasiswa/i,A2 : Rp. 3.000.001 - Rp. 4.500.000,Rp. 3.000.001 - Rp. 4.500.000,10.0,6.0,6.0,Promoter,6.0,1.0,5.0,Unknown,,,6.0,6.0,6.0,6.0,6.0,,6.0,6.0,6.0,6.0,6.0,6.0,6.0,6.0,6.0,6.0,1.0,1.0,1.0,1.0,1.0,1.0,1.0
197934814,Jawa Barat,Bandung,Bandung 14,CS (KUOTA 50%),Wanita,22,20 - 25 tahun,1 tahun s/d 2 tahun 11 bulan,2 minggu sekali,Belum menikah,Tidak memiliki anak,SLTA,Mahasiswa/i,A2 : Rp. 3.000.001 - Rp. 4.500.000,Rp. 4.500.000 - Rp 6.000.000,10.0,6.0,6.0,Promoter,6.0,1.0,5.0,Unknown,,,6.0,6.0,6.0,6.0,6.0,,6.0,6.0,6.0,6.0,6.0,6.0,6.0,6.0,6.0,6.0,1.0,1.0,1.0,1.0,1.0,1.0,1.0
197934815,Jawa Barat,Bandung,Bandung 14,Teller (KUOTA 50%),Pria,39,36 - 40 tahun,5 tahun atau lebih,1 minggu 2 kali atau lebih,Menikah,3 anak,SLTA,Pegawai/Karyawan Swasta,A2 : Rp. 3.000.001 - Rp. 4.500.000,Rp. 3.000.001 - Rp. 4.500.000,10.0,6.0,6.0,Promoter,6.0,1.0,5.0,Loyal Champion,4.0,3.0,6.0,6.0,6.0,6.0,6.0,6.0,,6.0,6.0,6.0,6.0,6.0,6.0,6.0,6.0,6.0,1.0,1.0,1.0,1.0,1.0,1.0,1.0
197934851,Jawa Barat,Bandung,Bandung 5,Teller (KUOTA 50%),Wanita,35,31 - 35 tahun,5 tahun atau lebih,1 bulan sekali,Menikah,2 anak,SLTA,Pegawai/Karyawan Swasta,A2 : Rp. 3.000.001 - Rp. 4.500.000,Rp. 4.500.000 - Rp 6.000.000,10.0,6.0,6.0,Promoter,6.0,1.0,5.0,Satisfied,4.0,,6.0,6.0,6.0,6.0,6.0,6.0,,6.0,6.0,6.0,6.0,6.0,6.0,6.0,6.0,6.0,1.0,1.0,1.0,1.0,1.0,1.0,1.0
197935185,Jawa Barat,Depok,Depok 1,CS (KUOTA 50%),Wanita,50,46 - 50 tahun,5 tahun atau lebih,1 minggu 2 kali atau lebih,Menikah,4 anak,Sarjana (S1),Pegawai Negeri Sipil (Guru),A1 : Rp. 4.500.000 - Rp 6.000.000,Rp 9.000.001- Rp 10.500.000,9.0,6.0,6.0,Promoter,6.0,1.0,5.0,Loyal Champion,4.0,3.0,6.0,6.0,6.0,6.0,6.0,6.0,6.0,6.0,6.0,6.0,6.0,6.0,6.0,6.0,6.0,6.0,1.0,1.0,1.0,1.0,1.0,1.0,1.0
197935375,Jawa Barat,Depok,Depok 1,Teller (KUOTA 50%),Wanita,50,46 - 50 tahun,3 tahun s/d 4 tahun 11 bulan,1 minggu 2 kali atau lebih,Menikah,Tidak memiliki anak,Sarjana (S1),Pegawai/Karyawan Swasta,A2 : Rp. 3.000.001 - Rp. 4.500.000,Rp 7.500.001- Rp 9.000.000,8.0,6.0,6.0,Passive,5.0,1.2857142857142858,3.7142857142857144,Unknown,,3.0,6.0,6.0,6.0,6.0,6.0,6.0,,5.0,6.0,5.0,5.0,6.0,5.0,6.0,2.0,5.0,1.0,1.0,1.0,1.0,1.0,2.0,2.0
197935472,Jawa Barat,Bogor,Bogor 2,CS (KUOTA 50%),Pria,38,36 - 40 tahun,5 tahun atau lebih,1 minggu 2 kali atau lebih,Menikah,2 anak,SLTA,Pegawai Negeri Sipil (Bukan Guru),A1 : Rp. 4.500.000 - Rp 6.000.000,Rp 6.000.001 - Rp 7.500.000,5.0,6.0,6.0,Detractor,5.666666666666667,2.0,3.666666666666667,At Risk,4.0,3.0,6.0,6.0,6.0,6.0,6.0,,6.0,6.0,5.0,6.0,6.0,6.0,6.0,5.0,6.0,5.0,2.0,2.0,2.0,2.0,2.0,2.0,2.0
197935565,Jawa Barat,Cianjur,Cianjur 1,Teller (KUOTA 50%),Pria,23,20 - 25 tahun,5 tahun atau lebih,1 minggu 2 kali atau lebih,Belum menikah,Tidak memiliki anak,Sarjana (S1),Pegawai/Karyawan Swasta,A2 : Rp. 3.000.001 - Rp. 4.500.000,Rp 6.000.001 - Rp 7.500.000,9.0,6.0,6.0,Promoter,5.888888888888889,2.4285714285714284,3.460317460317461,Loyal Champion,4.0,3.0,6.0,6.0,6.0,6.0,6.0,6.0,,6.0,6.0,6.0,6.0,6.0,6.0,6.0,5.0,6.0,1.0,1.0,1.0,6.0,1.0,6.0,1.0
197935596,Jawa Barat,Bekasi,Bekasi 3,CS (KUOTA 50%),Pria,37,36 - 40 tahun,5 tahun atau lebih,1 minggu 2 kali atau lebih,Menikah,3 anak,Sarjana (S1),Wiraswasta/Pengusaha/Pedagang,A1 : Rp. 4.500.000 - Rp 6.000.000,Rp 9.000.001- Rp 10.500.000,10.0,6.0,6.0,Promoter,6.0,1.0,5.0,Loyal Champion,4.0,3.0,6.0,6.0,6.0,6.0,6.0,6.0,6.0,6.0,6.0,6.0,6.0,6.0,6.0,6.0,6.0,6.0,1.0,1.0,1.0,1.0,1.0,1.0,1.0
197935665,DKI Jakarta,Jakarta Barat,Jakarta Barat 5,Teller (KUOTA 50%),Pria,27,26 - 30 tahun,3 tahun s/d 4 tahun 11 bulan,1 minggu 2 kali atau lebih,Menikah,2 anak,Akademi/D3,Pegawai/Karyawan Swasta,A1.2 : Rp 7.500.001- Rp 9.000.000,Rp 9.000.001- Rp 10.500.000,10.0,6.0,6.0,Promoter,5.444444444444445,1.5714285714285714,3.8730158730158735,Unknown,,3.0,6.0,6.0,6.0,6.0,6.0,6.0,,5.0,5.0,5.0,6.0,5.0,5.0,6.0,6.0,6.0,1.0,1.0,1.0,1.0,1.0,1.0,5.0
197936256,Jawa Barat,Cimahi,Cimahi 2,CS (KUOTA 50%),Wanita,30,26 - 30 tahun,3 tahun s/d 4 tahun 11 bulan,1 minggu 2 kali atau lebih,Menikah,1 anak,Sarjana (S1),Pegawai/Karyawan Swasta,A1.2 : Rp 7.500.001- Rp 9.000.000,Rp 9.000.001- Rp 10.500.000,9.0,6.0,6.0,Promoter,5.777777777777778,2.142857142857143,3.634920634920635,Unknown,,3.0,6.0,6.0,6.0,6.0,6.0,6.0,6.0,6.0,6.0,6.0,6.0,6.0,6.0,5.0,6.0,5.0,2.0,2.0,2.0,2.0,2.0,2.0,3.0
197938192,Kepulauan Riau,Tanjung Pinang,Tanjung Pinang 1,Teller (KUOTA 50%),Wanita,29,26 - 30 tahun,3 tahun s/d 4 tahun 11 bulan,1 bulan sekali,Menikah,Tidak memiliki anak,Paska Sarjana (S2),Pegawai Negeri Sipil (Bukan Guru),A1.1 : Rp 6.000.001 - Rp 7.500.000,Rp 9.000.001- Rp 10.500.000,10.0,6.0,6.0,Promoter,6.0,1.0,5.0,Unknown,,,6.0,6.0,6.0,6.0,6.0,6.0,,6.0,6.0,6.0,6.0,6.0,6.0,6.0,6.0,6.0,1.0,1.0,1.0,1.0,1.0,1.0,1.0
197938207,Banten,Pandeglang,Pandeglang 1,Teller (KUOTA 50%),Pria,42,41 - 45 tahun,5 tahun atau lebih,1 minggu 2 kali atau lebih,Menikah,1 anak,Sarjana (S1),Wiraswasta/Pengusaha/Pedagang,A1.1 : Rp 6.000.001 - Rp 7.500.000,Rp 10.500.0001 - Rp 15.000.000,10.0,6.0,6.0,Promoter,5.888888888888889,1.0,4.888888888888889,Loyal Champion,4.0,3.0,6.0,6.0,6.0,6.0,6.0,6.0,,6.0,6.0,6.0,6.0,6.0,6.0,5.0,6.0,6.0,1.0,1.0,1.0,1.0,1.0,1.0,1.0
197938551,Jawa Barat,Garut,Garut 2,CS (KUOTA 50%),Wanita,49,46 - 50 tahun,3 tahun s/d 4 tahun 11 bulan,2 minggu sekali,Menikah,2 anak,Sarjana (S1),Pegawai/Karyawan Swasta,A1.2 : Rp 7.500.001- Rp 9.000.000,Rp 7.500.001- Rp 9.000.000,10.0,6.0,6.0,Promoter,6.0,1.0,5.0,Unknown,,,6.0,6.0,6.0,6.0,6.0,6.0,6.0,6.0,6.0,6.0,6.0,6.0,6.0,6.0,6.0,6.0,1.0,1.0,1.0,1.0,1.0,1.0,1.0
197938552,Jawa Barat,Garut,Garut 2,CS (KUOTA 50%),Wanita,40,36 - 40 tahun,1 tahun s/d 2 tahun 11 bulan,1 bulan sekali,Menikah,2 anak,SLTP,Lainnya,C2 : Rp. 1.000.001 - Rp. 1.500.000,Rp. 1.500.001 - Rp. 2.000.000,9.0,6.0,6.0,Promoter,6.0,1.0,5.0,Unknown,,,6.0,6.0,6.0,6.0,6.0,,6.0,6.0,6.0,6.0,6.0,6.0,6.0,6.0,6.0,6.0,1.0,1.0,1.0,1.0,1.0,1.0,1.0
197939655,Jawa Barat,Cianjur,Cianjur 1,Teller (KUOTA 50%),Pria,27,26 - 30 tahun,5 tahun atau lebih,1 minggu 2 kali atau lebih,Belum menikah,Tidak memiliki anak,Sarjana (S1),Pegawai/Karyawan Swasta,C1 : Rp. 1.500.001 - Rp. 2.000.000,Rp. 2.000.001 - Rp. 3.000.000,8.0,6.0,6.0,Passive,5.666666666666667,1.5714285714285714,4.095238095238096,Passive,4.0,3.0,6.0,5.0,4.0,6.0,6.0,6.0,,6.0,6.0,5.0,6.0,6.0,6.0,5.0,5.0,6.0,1.0,1.0,1.0,1.0,1.0,1.0,5.0
197939972,Jawa Barat,Cirebon,Cirebon 3,Teller (KUOTA 50%),Pria,31,31 - 35 tahun,5 tahun atau lebih,2 minggu sekali,Menikah,2 anak,SLTA,Pegawai/Karyawan Swasta,A2 : Rp. 3.000.001 - Rp. 4.500.000,Rp. 3.000.001 - Rp. 4.500.000,9.0,6.0,6.0,Promoter,6.0,1.0,5.0,Satisfied,4.0,,6.0,6.0,6.0,6.0,6.0,6.0,6.0,6.0,6.0,6.0,6.0,6.0,6.0,6.0,6.0,6.0,1.0,1.0,1.0,1.0,1.0,1.0,1.0
197939973,Jawa Barat,Cirebon,Cirebon 3,CS (KUOTA 50%),Wanita,50,46 - 50 tahun,5 tahun atau lebih,1 minggu 2 kali atau lebih,Menikah,3 anak,Paska Sarjana (S2),Pegawai Negeri Sipil (Guru),A1.2 : Rp 7.500.001- Rp 9.000.000,Rp 7.500.001- Rp 9.000.000,9.0,6.0,6.0,Promoter,6.0,1.0,5.0,Loyal Champion,4.0,3.0,6.0,6.0,6.0,6.0,6.0,6.0,6.0,6.0,6.0,6.0,6.0,6.0,6.0,6.0,6.0,6.0,1.0,1.0,1.0,1.0,1.0,1.0,1.0
197939974,Jawa Barat,Cirebon,Cirebon 3,CS (KUOTA 50%),Wanita,50,46 - 50 tahun,5 tahun atau lebih,2 minggu sekali,Menikah,1 anak,SLTA,Wiraswasta/Pengusaha/Pedagang,A1.3 : Rp 9.000.001- Rp 10.500.000,Rp 9.000.001- Rp 10.500.000,10.0,6.0,6.0,Promoter,6.0,1.0,5.0,Satisfied,4.0,,6.0,6.0,6.0,6.0,6.0,6.0,6.0,6.0,6.0,6.0,6.0,6.0,6.0,6.0,6.0,6.0,1.0,1.0,1.0,1.0,1.0,1.0,1.0
197939975,Jawa Barat,Cirebon,Cirebon 3,CS (KUOTA 50%),Pria,32,31 - 35 tahun,5 tahun atau lebih,1 minggu sekali,Menikah,1 anak,SLTA,Wiraswasta/Pengusaha/Pedagang,B : Rp. 2.000.001 - Rp. 3.000.000,Rp. 2.000.001 - Rp. 3.000.000,10.0,6.0,6.0,Promoter,6.0,1.0,5.0,Satisfied,4.0,,6.0,6.0,6.0,6.0,6.0,6.0,6.0,6.0,6.0,6.0,6.0,6.0,6.0,6.0,6.0,6.0,1.0,1.0,1.0,1.0,1.0,1.0,1.0
197939976,Jawa Barat,Cirebon,Cirebon 3,Teller (KUOTA 50%),Wanita,50,46 - 50 tahun,5 tahun atau lebih,2 minggu sekali,Menikah,4 anak,SLTA,Wiraswasta/Pengusaha/Pedagang,A2 : Rp. 3.000.001 - Rp. 4.500.000,Rp. 3.000.001 - Rp. 4.500.000,9.0,6.0,6.0,Promoter,6.0,1.0,5.0,Satisfied,4.0,,6.0,6.0,6.0,6.0,6.0,6.0,6.0,6.0,6.0,6.0,6.0,6.0,6.0,6.0,6.0,6.0,1.0,1.0,1.0,1.0,1.0,1.0,1.0
197940111,Jawa Barat,Depok,Depok 1,Teller (KUOTA 50%),Wanita,26,26 - 30 tahun,1 tahun s/d 2 tahun 11 bulan,1 bulan sekali,Belum menikah,Tidak memiliki anak,Sarjana (S1),Guru (Non PNS),B : Rp. 2.000.001 - Rp. 3.000.000,Rp. 4.500.000 - Rp 6.000.000,8.0,6.0,6.0,Passive,5.222222222222222,1.4285714285714286,3.7936507936507935,Unknown,,,6.0,6.0,6.0,6.0,6.0,6.0,,5.0,5.0,5.0,5.0,6.0,5.0,5.0,5.0,6.0,2.0,1.0,1.0,1.0,1.0,2.0,2.0
197941017,Jawa Barat,Bekasi,Bekasi 3,CS (KUOTA 50%),Pria,23,20 - 25 tahun,1 tahun s/d 2 tahun 11 bulan,1 minggu 2 kali atau lebih,Belum menikah,Tidak memiliki anak,SLTA,Wiraswasta/Pengusaha/Pedagang,A1 : Rp. 4.500.000 - Rp 6.000.000,Rp 6.000.001 - Rp 7.500.000,10.0,6.0,6.0,Promoter,6.0,1.0,5.0,Unknown,,3.0,6.0,6.0,6.0,6.0,6.0,6.0,6.0,6.0,6.0,6.0,6.0,6.0,6.0,6.0,6.0,6.0,1.0,1.0,1.0,1.0,1.0,1.0,1.0
197941702,Jawa Barat,Purwakarta,Purwakarta 2,Teller (KUOTA 50%),Pria,38,36 - 40 tahun,1 tahun s/d 2 tahun 11 bulan,1 minggu sekali,Menikah,3 anak,Sarjana (S1),Wiraswasta/Pengusaha/Pedagang,A1.2 : Rp 7.500.001- Rp 9.000.000,Di atas Rp 25.000.000,10.0,6.0,6.0,Promoter,6.0,1.0,5.0,Unknown,,,6.0,6.0,6.0,6.0,6.0,6.0,,6.0,6.0,6.0,6.0,6.0,6.0,6.0,6.0,6.0,1.0,1.0,1.0,1.0,1.0,1.0,1.0
197941703,Jawa Barat,Purwakarta,Purwakarta 2,CS (KUOTA 50%),Wanita,42,41 - 45 tahun,5 tahun atau lebih,1 minggu 2 kali atau lebih,Menikah,3 anak,Sarjana (S1),Pegawai Negeri Sipil (Bukan Guru),A1.4 : Rp 10.500.0001 - Rp 15.000.000,Di atas Rp 25.000.000,10.0,6.0,6.0,Promoter,6.0,1.0,5.0,Loyal Champion,4.0,3.0,6.0,6.0,6.0,6.0,6.0,6.0,6.0,6.0,6.0,6.0,6.0,6.0,6.0,6.0,6.0,6.0,1.0,1.0,1.0,1.0,1.0,1.0,1.0
197941704,Jawa Barat,Purwakarta,Purwakarta 2,CS (KUOTA 50%),Wanita,34,31 - 35 tahun,3 tahun s/d 4 tahun 11 bulan,1 minggu sekali,Menikah,1 anak,SLTA,Ibu Rumah Tangga,A2 : Rp. 3.000.001 - Rp. 4.500.000,Rp. 3.000.001 - Rp. 4.500.000,9.0,6.0,6.0,Promoter,6.0,1.0,5.0,Unknown,,,6.0,6.0,6.0,6.0,6.0,6.0,6.0,6.0,6.0,6.0,6.0,6.0,6.0,6.0,6.0,6.0,1.0,1.0,1.0,1.0,1.0,1.0,1.0
197941705,Jawa Barat,Purwakarta,Purwakarta 2,Teller (KUOTA 50%),Wanita,37,36 - 40 tahun,3 tahun s/d 4 tahun 11 bulan,1 bulan sekali,Menikah,3 anak,SLTA,Ibu Rumah Tangga,A2 : Rp. 3.000.001 - Rp. 4.500.000,Rp 9.000.001- Rp 10.500.000,10.0,6.0,6.0,Promoter,6.0,1.0,5.0,Unknown,,,6.0,6.0,6.0,6.0,6.0,6.0,,6.0,6.0,6.0,6.0,6.0,6.0,6.0,6.0,6.0,1.0,1.0,1.0,1.0,1.0,1.0,1.0
197941706,Jawa Barat,Purwakarta,Purwakarta 2,CS (KUOTA 50%),Wanita,50,46 - 50 tahun,5 tahun atau lebih,1 bulan sekali,Duda / Janda,4 anak,Sarjana (S1),Pegawai Negeri Sipil (Bukan Guru),A2 : Rp. 3.000.001 - Rp. 4.500.000,Rp. 4.500.000 - Rp 6.000.000,10.0,6.0,6.0,Promoter,6.0,1.0,5.0,Satisfied,4.0,,6.0,6.0,6.0,6.0,6.0,,6.0,6.0,6.0,6.0,6.0,6.0,6.0,6.0,6.0,6.0,1.0,1.0,1.0,1.0,1.0,1.0,1.0
197945970,Jawa Barat,Cianjur,Cianjur 2,Teller (KUOTA 50%),Pria,40,36 - 40 tahun,5 tahun atau lebih,1 minggu 2 kali atau lebih,Menikah,3 anak,Sarjana (S1),Pegawai Negeri Sipil (Guru),A1.3 : Rp 9.000.001- Rp 10.500.000,Rp 10.500.0001 - Rp 15.000.000,9.0,6.0,6.0,Promoter,6.0,1.0,5.0,Loyal Champion,4.0,3.0,6.0,6.0,6.0,6.0,6.0,6.0,,6.0,6.0,6.0,6.0,6.0,6.0,6.0,6.0,6.0,1.0,1.0,1.0,1.0,1.0,1.0,1.0
197945971,Jawa Barat,Cianjur,Cianjur 2,CS (KUOTA 50%),Wanita,37,36 - 40 tahun,5 tahun atau lebih,1 minggu 2 kali atau lebih,Menikah,2 anak,Sarjana (S1),Wiraswasta/Pengusaha/Pedagang,A2 : Rp. 3.000.001 - Rp. 4.500.000,Rp. 4.500.000 - Rp 6.000.000,10.0,6.0,6.0,Promoter,6.0,1.0,5.0,Loyal Champion,4.0,3.0,6.0,5.0,6.0,6.0,6.0,,6.0,6.0,6.0,6.0,6.0,6.0,6.0,6.0,6.0,6.0,1.0,1.0,1.0,1.0,1.0,1.0,1.0
197945972,Jawa Barat,Cianjur,Cianjur 2,CS (KUOTA 50%),Pria,50,46 - 50 tahun,5 tahun atau lebih,1 minggu sekali,Menikah,4 anak,SLTA,Perangkat Desa (Camat/Lurah/RW),A2 : Rp. 3.000.001 - Rp. 4.500.000,Rp. 3.000.001 - Rp. 4.500.000,10.0,6.0,6.0,Promoter,6.0,1.0,5.0,Satisfied,4.0,,6.0,6.0,6.0,6.0,6.0,,6.0,6.0,6.0,6.0,6.0,6.0,6.0,6.0,6.0,6.0,1.0,1.0,1.0,1.0,1.0,1.0,1.0
197945973,Jawa Barat,Cianjur,Cianjur 1,Teller (KUOTA 50%),Pria,48,46 - 50 tahun,5 tahun atau lebih,1 minggu 2 kali atau lebih,Menikah,3 anak,SLTA,Pegawai Negeri Sipil (Bukan Guru),A1.4 : Rp 10.500.0001 - Rp 15.000.000,Rp 10.500.0001 - Rp 15.000.000,9.0,6.0,6.0,Promoter,5.555555555555555,1.4285714285714286,4.1269841269841265,Loyal Champion,4.0,3.0,6.0,6.0,6.0,6.0,6.0,6.0,,6.0,6.0,6.0,5.0,5.0,5.0,6.0,6.0,5.0,1.0,1.0,1.0,1.0,1.0,1.0,4.0
197945974,Jawa Barat,Cianjur,Cianjur 1,CS (KUOTA 50%),Pria,29,26 - 30 tahun,3 tahun s/d 4 tahun 11 bulan,1 minggu sekali,Menikah,1 anak,SLTA,Wiraswasta/Pengusaha/Pedagang,C1 : Rp. 1.500.001 - Rp. 2.000.000,Rp. 2.000.001 - Rp. 3.000.000,8.0,6.0,6.0,Passive,5.888888888888889,1.7142857142857142,4.174603174603175,Unknown,,,5.0,6.0,6.0,6.0,5.0,,6.0,6.0,6.0,6.0,5.0,6.0,6.0,6.0,6.0,6.0,1.0,1.0,1.0,1.0,1.0,6.0,1.0
197946756,Banten,Pandeglang,Pandeglang 1,CS (KUOTA 50%),Wanita,39,36 - 40 tahun,5 tahun atau lebih,1 minggu sekali,Menikah,2 anak,Sarjana (S1),Tenaga Honorer,B : Rp. 2.000.001 - Rp. 3.000.000,Rp. 3.000.001 - Rp. 4.500.000,8.0,6.0,6.0,Passive,5.111111111111111,1.0,4.111111111111111,Passive,4.0,,6.0,5.0,5.0,5.0,6.0,,6.0,5.0,6.0,5.0,5.0,5.0,5.0,5.0,5.0,5.0,1.0,1.0,1.0,1.0,1.0,1.0,1.0
197948224,Sumatera Selatan,Palembang,Palembang 1,Teller (KUOTA 50%),Wanita,47,46 - 50 tahun,5 tahun atau lebih,1 minggu sekali,Menikah,4 anak,SLTP,Wiraswasta/Pengusaha/Pedagang,A1.1 : Rp 6.000.001 - Rp 7.500.000,Rp 7.500.001- Rp 9.000.000,10.0,6.0,6.0,Promoter,6.0,1.0,5.0,Satisfied,4.0,,6.0,6.0,6.0,6.0,6.0,6.0,,6.0,6.0,6.0,6.0,6.0,6.0,6.0,6.0,6.0,1.0,1.0,1.0,1.0,1.0,1.0,1.0
197948835,Jawa Barat,Sukabumi,Sukabumi 4,Teller (KUOTA 50%),Pria,50,46 - 50 tahun,5 tahun atau lebih,1 minggu 2 kali atau lebih,Menikah,1 anak,Sarjana (S1),Tenaga Honorer,B : Rp. 2.000.001 - Rp. 3.000.000,Rp. 2.000.001 - Rp. 3.000.000,10.0,6.0,6.0,Promoter,6.0,1.0,5.0,Loyal Champion,4.0,3.0,6.0,6.0,6.0,6.0,6.0,6.0,,6.0,6.0,6.0,6.0,6.0,6.0,6.0,6.0,6.0,1.0,1.0,1.0,1.0,1.0,1.0,1.0
197948836,Jawa Barat,Sukabumi,Sukabumi 4,Teller (KUOTA 50%),Pria,33,31 - 35 tahun,3 tahun s/d 4 tahun 11 bulan,1 minggu 2 kali atau lebih,Menikah,1 anak,Sarjana (S1),Pegawai/Karyawan Swasta,A2 : Rp. 3.000.001 - Rp. 4.500.000,Rp. 4.500.000 - Rp 6.000.000,9.0,6.0,6.0,Promoter,6.0,1.0,5.0,Unknown,,3.0,6.0,6.0,6.0,6.0,6.0,6.0,,6.0,6.0,6.0,6.0,6.0,6.0,6.0,6.0,6.0,1.0,1.0,1.0,1.0,1.0,1.0,1.0
197948837,Jawa Barat,Sukabumi,Sukabumi 4,CS (KUOTA 50%),Wanita,29,26 - 30 tahun,5 tahun atau lebih,1 minggu sekali,Menikah,1 anak,Sarjana (S1),Tenaga Honorer,C1 : Rp. 1.500.001 - Rp. 2.000.000,Rp 7.500.001- Rp 9.000.000,10.0,6.0,6.0,Promoter,6.0,1.0,5.0,Satisfied,4.0,,6.0,6.0,6.0,6.0,6.0,,6.0,6.0,6.0,6.0,6.0,6.0,6.0,6.0,6.0,6.0,1.0,1.0,1.0,1.0,1.0,1.0,1.0
197948838,Jawa Barat,Sukabumi,Sukabumi 4,Teller (KUOTA 50%),Pria,33,31 - 35 tahun,3 tahun s/d 4 tahun 11 bulan,1 minggu 2 kali atau lebih,Menikah,1 anak,Akademi/D3,Tenaga Honorer,A1 : Rp. 4.500.000 - Rp 6.000.000,Rp 6.000.001 - Rp 7.500.000,10.0,6.0,6.0,Promoter,6.0,1.0,5.0,Unknown,,3.0,6.0,5.0,6.0,6.0,6.0,6.0,,6.0,6.0,6.0,6.0,6.0,6.0,6.0,6.0,6.0,1.0,1.0,1.0,1.0,1.0,1.0,1.0
197948839,Jawa Barat,Sukabumi,Sukabumi 4,Teller (KUOTA 50%),Wanita,21,20 - 25 tahun,1 tahun s/d 2 tahun 11 bulan,1 minggu 2 kali atau lebih,Belum menikah,Tidak memiliki anak,Sarjana (S1),Tenaga Honorer,B : Rp. 2.000.001 - Rp. 3.000.000,Rp. 4.500.000 - Rp 6.000.000,10.0,6.0,6.0,Promoter,5.888888888888889,1.1428571428571428,4.746031746031747,Unknown,,3.0,6.0,6.0,6.0,6.0,6.0,6.0,,6.0,6.0,6.0,6.0,6.0,6.0,5.0,6.0,6.0,1.0,1.0,1.0,1.0,1.0,1.0,2.0
197948840,Jawa Barat,Sukabumi,Sukabumi 4,Teller (KUOTA 50%),Pria,39,36 - 40 tahun,5 tahun atau lebih,1 minggu 2 kali atau lebih,Menikah,3 anak,SLTA,Wiraswasta/Pengusaha/Pedagang,A2 : Rp. 3.000.001 - Rp. 4.500.000,Rp. 3.000.001 - Rp. 4.500.000,8.0,6.0,6.0,Passive,6.0,1.0,5.0,Passive,4.0,3.0,5.0,6.0,6.0,6.0,6.0,6.0,,6.0,6.0,6.0,6.0,6.0,6.0,6.0,6.0,6.0,1.0,1.0,1.0,1.0,1.0,1.0,1.0
197948841,Jawa Barat,Sukabumi,Sukabumi 4,CS (KUOTA 50%),Pria,39,36 - 40 tahun,3 tahun s/d 4 tahun 11 bulan,1 minggu sekali,Menikah,2 anak,SLTA,Pegawai/Karyawan Swasta,A1 : Rp. 4.500.000 - Rp 6.000.000,Rp 6.000.001 - Rp 7.500.000,10.0,6.0,6.0,Promoter,6.0,1.0,5.0,Unknown,,,6.0,6.0,6.0,6.0,6.0,,6.0,6.0,6.0,6.0,6.0,6.0,6.0,6.0,6.0,6.0,1.0,1.0,1.0,1.0,1.0,1.0,1.0
197948842,Jawa Barat,Sukabumi,Sukabumi 4,CS (KUOTA 50%),Pria,39,36 - 40 tahun,5 tahun atau lebih,1 minggu 2 kali atau lebih,Menikah,2 anak,Akademi/D3,Pegawai/Karyawan Swasta,A1 : Rp. 4.500.000 - Rp 6.000.000,Rp 7.500.001- Rp 9.000.000,10.0,6.0,6.0,Promoter,6.0,1.0,5.0,Loyal Champion,4.0,3.0,6.0,6.0,6.0,6.0,6.0,,6.0,6.0,6.0,6.0,6.0,6.0,6.0,6.0,6.0,6.0,1.0,1.0,1.0,1.0,1.0,1.0,1.0
197963761,DKI Jakarta,Jakarta Selatan,Jakarta Selatan 3,Teller (KUOTA 50%),Pria,46,46 - 50 tahun,5 tahun atau lebih,1 minggu sekali,Menikah,2 anak,SLTP,Wiraswasta/Pengusaha/Pedagang,A1.2 : Rp 7.500.001- Rp 9.000.000,Rp 9.000.001- Rp 10.500.000,10.0,6.0,6.0,Promoter,6.0,1.0,5.0,Satisfied,4.0,,6.0,6.0,6.0,6.0,6.0,6.0,,6.0,6.0,6.0,6.0,6.0,6.0,6.0,6.0,6.0,1.0,1.0,1.0,1.0,1.0,1.0,1.0
197967456,Lampung,Bandar Lampung,Bandar Lampung 1,CS (KUOTA 50%),Pria,32,31 - 35 tahun,3 tahun s/d 4 tahun 11 bulan,2 minggu sekali,Menikah,2 anak,Sarjana (S1),Pegawai/Karyawan Swasta,A2 : Rp. 3.000.001 - Rp. 4.500.000,Rp. 4.500.000 - Rp 6.000.000,9.0,5.0,5.0,Promoter,5.222222222222222,1.4285714285714286,3.7936507936507935,Unknown,,,5.0,5.0,5.0,5.0,6.0,,5.0,5.0,5.0,5.0,5.0,6.0,5.0,5.0,5.0,6.0,1.0,2.0,2.0,1.0,1.0,1.0,2.0
197994556,Lampung,Lampung Tengah,Lampung Tengah 1,CS (KUOTA 50%),Pria,21,20 - 25 tahun,1 tahun s/d 2 tahun 11 bulan,1 bulan sekali,Menikah,Tidak memiliki anak,SLTA,Mahasiswa/i,A2 : Rp. 3.000.001 - Rp. 4.500.000,Rp 6.000.001 - Rp 7.500.000,8.0,6.0,6.0,Passive,5.666666666666667,1.2857142857142858,4.380952380952381,Unknown,,,5.0,5.0,5.0,6.0,5.0,,6.0,6.0,6.0,6.0,6.0,5.0,5.0,5.0,6.0,6.0,1.0,2.0,1.0,1.0,2.0,1.0,1.0
197994634,DKI Jakarta,Jakarta Timur,Jakarta Timur 2,Teller (KUOTA 50%),Pria,40,36 - 40 tahun,1 tahun s/d 2 tahun 11 bulan,1 minggu sekali,Menikah,2 anak,SLTA,Pegawai/Karyawan Swasta,A2 : Rp. 3.000.001 - Rp. 4.500.000,Rp. 4.500.000 - Rp 6.000.000,8.0,6.0,6.0,Passive,5.444444444444445,3.142857142857143,2.301587301587302,Unknown,,,6.0,6.0,6.0,6.0,6.0,6.0,6.0,1.0,6.0,6.0,6.0,6.0,6.0,6.0,6.0,6.0,1.0,1.0,6.0,6.0,1.0,1.0,6.0
197995285,Jawa Tengah,Semarang,Semarang 1,CS (KUOTA 50%),Pria,35,31 - 35 tahun,1 tahun s/d 2 tahun 11 bulan,2 minggu sekali,Menikah,1 anak,SLTA,Pegawai/Karyawan Swasta,A1 : Rp. 4.500.000 - Rp 6.000.000,Rp. 4.500.000 - Rp 6.000.000,10.0,6.0,6.0,Promoter,6.0,5.857142857142857,0.14285714285714324,Unknown,,,6.0,6.0,6.0,6.0,6.0,,6.0,6.0,6.0,6.0,6.0,6.0,6.0,6.0,6.0,6.0,6.0,6.0,6.0,6.0,5.0,6.0,6.0
197996395,Kepulauan Riau,Tanjung Pinang,Tanjung Pinang 1,CS (KUOTA 50%),Pria,32,31 - 35 tahun,1 tahun s/d 2 tahun 11 bulan,1 minggu 2 kali atau lebih,Menikah,1 anak,SLTA,Pegawai Negeri Sipil (Bukan Guru),B : Rp. 2.000.001 - Rp. 3.000.000,Rp 6.000.001 - Rp 7.500.000,10.0,6.0,6.0,Promoter,6.0,1.0,5.0,Unknown,,3.0,6.0,6.0,6.0,6.0,6.0,6.0,6.0,6.0,6.0,6.0,6.0,6.0,6.0,6.0,6.0,6.0,1.0,1.0,1.0,1.0,1.0,1.0,1.0
197997707,Kepulauan Riau,Tanjung Pinang,Tanjung Pinang 1,Teller (KUOTA 50%),Pria,24,20 - 25 tahun,5 tahun atau lebih,1 minggu 2 kali atau lebih,Belum menikah,Tidak memiliki anak,SLTA,Pegawai Negeri Sipil (Bukan Guru),A1 : Rp. 4.500.000 - Rp 6.000.000,Rp 9.000.001- Rp 10.500.000,10.0,6.0,6.0,Promoter,6.0,1.0,5.0,Loyal Champion,4.0,3.0,6.0,6.0,6.0,6.0,6.0,6.0,6.0,6.0,6.0,6.0,6.0,6.0,6.0,6.0,6.0,6.0,1.0,1.0,1.0,1.0,1.0,1.0,1.0
197998988,Kepulauan Riau,Tanjung Pinang,Tanjung Pinang 1,Teller (KUOTA 50%),Pria,27,26 - 30 tahun,3 tahun s/d 4 tahun 11 bulan,1 minggu 2 kali atau lebih,Belum menikah,Tidak memiliki anak,SLTA,Pegawai Negeri Sipil (Bukan Guru),A2 : Rp. 3.000.001 - Rp. 4.500.000,Rp 6.000.001 - Rp 7.500.000,10.0,6.0,6.0,Promoter,6.0,1.0,5.0,Unknown,,3.0,6.0,6.0,6.0,6.0,6.0,6.0,6.0,6.0,6.0,6.0,6.0,6.0,6.0,6.0,6.0,6.0,1.0,1.0,1.0,1.0,1.0,1.0,1.0
198000438,Lampung,Lampung Tengah,Lampung Tengah 1,CS (KUOTA 50%),Wanita,49,46 - 50 tahun,1 tahun s/d 2 tahun 11 bulan,1 bulan sekali,Menikah,2 anak,Sarjana (S1),Pegawai Negeri Sipil (Bukan Guru),A1 : Rp. 4.500.000 - Rp 6.000.000,Rp 10.500.0001 - Rp 15.000.000,9.0,6.0,6.0,Promoter,5.555555555555555,1.1428571428571428,4.412698412698413,Unknown,,,5.0,5.0,5.0,6.0,6.0,,6.0,6.0,6.0,5.0,5.0,6.0,5.0,5.0,6.0,6.0,1.0,1.0,1.0,1.0,1.0,1.0,2.0
198006309,Lampung,Bandar Lampung,Bandar Lampung 1,Teller (KUOTA 50%),Wanita,21,20 - 25 tahun,1 tahun s/d 2 tahun 11 bulan,1 minggu sekali,Belum menikah,Tidak memiliki anak,SLTA,Mahasiswa/i,A1 : Rp. 4.500.000 - Rp 6.000.000,Rp 6.000.001 - Rp 7.500.000,9.0,6.0,6.0,Promoter,5.444444444444445,1.1428571428571428,4.301587301587302,Unknown,,,6.0,6.0,6.0,6.0,6.0,5.0,,5.0,6.0,6.0,6.0,6.0,5.0,5.0,5.0,5.0,1.0,1.0,1.0,1.0,1.0,1.0,2.0
198010952,Banten,Tangerang,Tangerang 1,CS (KUOTA 50%),Wanita,26,26 - 30 tahun,5 tahun atau lebih,1 bulan sekali,Menikah,1 anak,Akademi/D3,Tenaga Honorer,B : Rp. 2.000.001 - Rp. 3.000.000,Rp. 4.500.000 - Rp 6.000.000,10.0,6.0,6.0,Promoter,5.666666666666667,4.571428571428571,1.0952380952380958,Satisfied,4.0,,5.0,6.0,6.0,6.0,6.0,6.0,6.0,6.0,5.0,6.0,6.0,6.0,6.0,5.0,5.0,6.0,6.0,1.0,6.0,1.0,6.0,6.0,6.0
198014883,Banten,Tangerang,Tangerang 1,Teller (KUOTA 50%),Wanita,37,36 - 40 tahun,5 tahun atau lebih,1 bulan sekali,Belum menikah,Tidak memiliki anak,Sarjana (S1),Pegawai Negeri Sipil (Guru),B : Rp. 2.000.001 - Rp. 3.000.000,Rp. 4.500.000 - Rp 6.000.000,8.0,6.0,6.0,Passive,5.888888888888889,1.8571428571428572,4.031746031746032,Passive,4.0,,6.0,6.0,6.0,6.0,6.0,6.0,6.0,6.0,6.0,6.0,6.0,6.0,6.0,5.0,6.0,6.0,2.0,1.0,1.0,1.0,1.0,1.0,6.0
198035181,DKI Jakarta,Jakarta Selatan,Jakarta Selatan 4,Teller (KUOTA 50%),Pria,44,41 - 45 tahun,5 tahun atau lebih,2 minggu sekali,Menikah,2 anak,SLTA,Pegawai/Karyawan Swasta,A1.1 : Rp 6.000.001 - Rp 7.500.000,Rp 9.000.001- Rp 10.500.000,7.0,5.0,5.0,Passive,5.0,1.4285714285714286,3.571428571428571,Passive,4.0,,5.0,5.0,5.0,5.0,5.0,5.0,,5.0,5.0,5.0,5.0,5.0,5.0,5.0,5.0,5.0,1.0,2.0,2.0,1.0,1.0,1.0,2.0
198039017,DKI Jakarta,Jakarta Selatan,Jakarta Selatan 2,Teller (KUOTA 50%),Wanita,38,36 - 40 tahun,3 tahun s/d 4 tahun 11 bulan,2 minggu sekali,Menikah,3 anak,Sarjana (S1),Pegawai/Karyawan Swasta,A1.6 : Rp 20.000.001 - Rp 25.000.000,Rp 9.000.001- Rp 10.500.000,8.0,5.0,5.0,Passive,5.333333333333333,1.2857142857142858,4.0476190476190474,Unknown,,,5.0,5.0,5.0,5.0,6.0,6.0,,5.0,5.0,5.0,6.0,6.0,5.0,5.0,5.0,6.0,2.0,1.0,1.0,1.0,1.0,2.0,1.0
198039182,DKI Jakarta,Jakarta Barat,Jakarta Barat 5,CS (KUOTA 50%),Pria,31,31 - 35 tahun,3 tahun s/d 4 tahun 11 bulan,1 minggu 2 kali atau lebih,Menikah,2 anak,Akademi/D3,Pegawai/Karyawan Swasta,A1.4 : Rp 10.500.0001 - Rp 15.000.000,Rp 15.000.001- Rp 20.000.000,9.0,6.0,6.0,Promoter,5.666666666666667,1.0,4.666666666666667,Unknown,,3.0,6.0,6.0,6.0,6.0,6.0,,6.0,5.0,6.0,6.0,5.0,6.0,6.0,6.0,5.0,6.0,1.0,1.0,1.0,1.0,1.0,1.0,1.0
198044656,Lampung,Bandar Lampung,Bandar Lampung 1,CS (KUOTA 50%),Pria,42,41 - 45 tahun,1 tahun s/d 2 tahun 11 bulan,2 minggu sekali,Menikah,2 anak,Sarjana (S1),Wiraswasta/Pengusaha/Pedagang,A1 : Rp. 4.500.000 - Rp 6.000.000,Rp 9.000.001- Rp 10.500.000,8.0,5.0,5.0,Passive,5.333333333333333,1.2857142857142858,4.0476190476190474,Unknown,,,4.0,5.0,6.0,6.0,5.0,,5.0,5.0,6.0,5.0,5.0,6.0,5.0,5.0,5.0,6.0,1.0,2.0,1.0,1.0,1.0,1.0,2.0
198055686,DKI Jakarta,Jakarta Barat,Jakarta Barat 5,CS (KUOTA 50%),Wanita,29,26 - 30 tahun,5 tahun atau lebih,1 minggu 2 kali atau lebih,Menikah,1 anak,Sarjana (S1),Pegawai/Karyawan Swasta,A1.3 : Rp 9.000.001- Rp 10.500.000,Rp 10.500.0001 - Rp 15.000.000,9.0,6.0,6.0,Promoter,5.777777777777778,3.7142857142857144,2.0634920634920633,Loyal Champion,4.0,3.0,6.0,6.0,6.0,6.0,6.0,,5.0,6.0,6.0,6.0,5.0,6.0,6.0,6.0,5.0,6.0,1.0,1.0,1.0,6.0,6.0,6.0,5.0
198063058,DKI Jakarta,Jakarta Barat,Jakarta Barat 5,CS (KUOTA 50%),Pria,30,26 - 30 tahun,3 tahun s/d 4 tahun 11 bulan,1 minggu sekali,Menikah,1 anak,Akademi/D3,Pegawai/Karyawan Swasta,A1.3 : Rp 9.000.001- Rp 10.500.000,Rp 10.500.0001 - Rp 15.000.000,9.0,6.0,6.0,Promoter,5.555555555555555,1.0,4.555555555555555,Unknown,,,6.0,6.0,6.0,6.0,6.0,,6.0,5.0,5.0,6.0,5.0,5.0,6.0,6.0,6.0,6.0,1.0,1.0,1.0,1.0,1.0,1.0,1.0
198064728,Jawa Barat,Cimahi,Cimahi 2,CS (KUOTA 50%),Wanita,48,46 - 50 tahun,5 tahun atau lebih,1 minggu 2 kali atau lebih,Menikah,> 4 anak,SD,Ibu Rumah Tangga,A2 : Rp. 3.000.001 - Rp. 4.500.000,Rp. 4.500.000 - Rp 6.000.000,10.0,6.0,6.0,Promoter,6.0,1.0,5.0,Loyal Champion,4.0,3.0,6.0,6.0,6.0,6.0,6.0,,6.0,6.0,6.0,6.0,6.0,6.0,6.0,6.0,6.0,6.0,1.0,1.0,1.0,1.0,1.0,1.0,1.0
198064820,Jawa Barat,Bandung Barat,Bandung Barat 1,Teller (KUOTA 50%),Wanita,42,41 - 45 tahun,3 tahun s/d 4 tahun 11 bulan,1 minggu 2 kali atau lebih,Menikah,4 anak,SLTP,Wiraswasta/Pengusaha/Pedagang,B : Rp. 2.000.001 - Rp. 3.000.000,Rp. 1.500.001 - Rp. 2.000.000,10.0,6.0,6.0,Promoter,5.555555555555555,2.0,3.5555555555555554,Unknown,,3.0,6.0,6.0,6.0,6.0,6.0,6.0,,6.0,5.0,5.0,5.0,6.0,6.0,5.0,6.0,6.0,2.0,2.0,1.0,1.0,2.0,1.0,5.0
198064864,Jawa Barat,Bandung,Bandung 16,Teller (KUOTA 50%),Pria,40,36 - 40 tahun,5 tahun atau lebih,1 minggu sekali,Menikah,2 anak,Sarjana (S1),Pegawai Negeri Sipil (Guru),B : Rp. 2.000.001 - Rp. 3.000.000,Rp. 3.000.001 - Rp. 4.500.000,10.0,6.0,6.0,Promoter,6.0,1.0,5.0,Satisfied,4.0,,6.0,6.0,6.0,6.0,6.0,6.0,,6.0,6.0,6.0,6.0,6.0,6.0,6.0,6.0,6.0,1.0,1.0,1.0,1.0,1.0,1.0,1.0
198064963,Bali,Denpasar,Denpasar 2,Teller (KUOTA 50%),Wanita,34,31 - 35 tahun,5 tahun atau lebih,1 minggu sekali,Menikah,1 anak,Sarjana (S1),Pegawai/Karyawan Swasta,A1.1 : Rp 6.000.001 - Rp 7.500.000,Rp 6.000.001 - Rp 7.500.000,10.0,6.0,6.0,Promoter,6.0,6.0,0.0,Satisfied,4.0,,6.0,6.0,6.0,6.0,6.0,6.0,6.0,6.0,6.0,6.0,6.0,6.0,6.0,6.0,6.0,6.0,6.0,6.0,6.0,6.0,6.0,6.0,6.0
198065212,Jawa Barat,Banjar,Banjar 2,CS (KUOTA 50%),Wanita,35,31 - 35 tahun,5 tahun atau lebih,1 minggu 2 kali atau lebih,Menikah,2 anak,Sarjana (S1),Pegawai Negeri Sipil (Guru),A1 : Rp. 4.500.000 - Rp 6.000.000,Rp 7.500.001- Rp 9.000.000,10.0,6.0,6.0,Promoter,6.0,1.0,5.0,Loyal Champion,4.0,3.0,6.0,6.0,6.0,6.0,6.0,,6.0,6.0,6.0,6.0,6.0,6.0,6.0,6.0,6.0,6.0,1.0,1.0,1.0,1.0,1.0,1.0,1.0
198065230,Jawa Barat,Cimahi,Cimahi 2,Teller (KUOTA 50%),Pria,31,31 - 35 tahun,5 tahun atau lebih,1 minggu 2 kali atau lebih,Menikah,1 anak,Sarjana (S1),Tenaga Honorer,A2 : Rp. 3.000.001 - Rp. 4.500.000,Rp 7.500.001- Rp 9.000.000,10.0,6.0,6.0,Promoter,6.0,1.0,5.0,Loyal Champion,4.0,3.0,6.0,6.0,6.0,6.0,6.0,6.0,,6.0,6.0,6.0,6.0,6.0,6.0,6.0,6.0,6.0,1.0,1.0,1.0,1.0,1.0,1.0,1.0
198065261,Jawa Barat,Bandung,Bandung 3,CS (KUOTA 50%),Wanita,45,41 - 45 tahun,5 tahun atau lebih,1 minggu 2 kali atau lebih,Menikah,4 anak,Sarjana (S1),Pegawai/Karyawan Swasta,A1.2 : Rp 7.500.001- Rp 9.000.000,Rp 15.000.001- Rp 20.000.000,10.0,6.0,6.0,Promoter,6.0,1.0,5.0,Loyal Champion,4.0,3.0,6.0,6.0,6.0,6.0,6.0,,6.0,6.0,6.0,6.0,6.0,6.0,6.0,6.0,6.0,6.0,1.0,1.0,1.0,1.0,1.0,1.0,1.0
198065440,Banten,Pandeglang,Pandeglang 4,Teller (KUOTA 50%),Wanita,50,46 - 50 tahun,5 tahun atau lebih,1 bulan sekali,Menikah,2 anak,Sarjana (S1),Pegawai Negeri Sipil (Guru),A2 : Rp. 3.000.001 - Rp. 4.500.000,Rp. 3.000.001 - Rp. 4.500.000,8.0,5.0,5.0,Passive,5.111111111111111,1.5714285714285714,3.5396825396825395,Passive,4.0,,5.0,5.0,6.0,5.0,5.0,5.0,6.0,6.0,5.0,5.0,5.0,5.0,5.0,5.0,5.0,5.0,2.0,1.0,1.0,1.0,1.0,2.0,3.0
198065443,Riau,Pekanbaru,Pekanbaru 1,Teller (KUOTA 50%),Wanita,26,26 - 30 tahun,5 tahun atau lebih,1 minggu sekali,Belum menikah,Tidak memiliki anak,Sarjana (S1),Pegawai/Karyawan Swasta,A2 : Rp. 3.000.001 - Rp. 4.500.000,Rp 7.500.001- Rp 9.000.000,10.0,6.0,6.0,Promoter,6.0,1.0,5.0,Satisfied,4.0,,6.0,6.0,6.0,6.0,6.0,6.0,,6.0,6.0,6.0,6.0,6.0,6.0,6.0,6.0,6.0,1.0,1.0,1.0,1.0,1.0,1.0,1.0
198065508,Jawa Barat,Bandung,Bandung 16,Teller (KUOTA 50%),Pria,50,46 - 50 tahun,5 tahun atau lebih,1 bulan sekali,Menikah,3 anak,Sarjana (S1),Pensiunan,A2 : Rp. 3.000.001 - Rp. 4.500.000,Rp 10.500.0001 - Rp 15.000.000,10.0,6.0,6.0,Promoter,6.0,1.0,5.0,Satisfied,4.0,,5.0,5.0,5.0,5.0,6.0,5.0,,6.0,6.0,6.0,6.0,6.0,6.0,6.0,6.0,6.0,1.0,1.0,1.0,1.0,1.0,1.0,1.0
198065555,Jawa Barat,Bandung,Bandung 3,CS (KUOTA 50%),Pria,35,31 - 35 tahun,5 tahun atau lebih,1 bulan sekali,Menikah,1 anak,SLTA,Tenaga Honorer,A2 : Rp. 3.000.001 - Rp. 4.500.000,Rp 6.000.001 - Rp 7.500.000,10.0,6.0,6.0,Promoter,5.777777777777778,1.0,4.777777777777778,Satisfied,4.0,,6.0,6.0,6.0,6.0,6.0,,6.0,6.0,6.0,6.0,5.0,6.0,6.0,5.0,6.0,6.0,1.0,1.0,1.0,1.0,1.0,1.0,1.0
198065654,Jawa Barat,Tasikmalaya,Tasikmalaya 2,Teller (KUOTA 50%),Pria,41,41 - 45 tahun,1 tahun s/d 2 tahun 11 bulan,1 minggu 2 kali atau lebih,Menikah,Tidak memiliki anak,SLTA,Wiraswasta/Pengusaha/Pedagang,A2 : Rp. 3.000.001 - Rp. 4.500.000,Rp 6.000.001 - Rp 7.500.000,10.0,6.0,6.0,Promoter,6.0,1.0,5.0,Unknown,,3.0,6.0,6.0,6.0,6.0,6.0,6.0,,6.0,6.0,6.0,6.0,6.0,6.0,6.0,6.0,6.0,1.0,1.0,1.0,1.0,1.0,1.0,1.0
198065691,Sumatera Selatan,Palembang,Palembang 1,Teller (KUOTA 50%),Pria,45,41 - 45 tahun,5 tahun atau lebih,1 minggu sekali,Menikah,3 anak,Akademi/D3,Pegawai/Karyawan Swasta,B : Rp. 2.000.001 - Rp. 3.000.000,Rp. 4.500.000 - Rp 6.000.000,10.0,6.0,6.0,Promoter,6.0,1.0,5.0,Satisfied,4.0,,6.0,6.0,6.0,6.0,6.0,6.0,,6.0,6.0,6.0,6.0,6.0,6.0,6.0,6.0,6.0,1.0,1.0,1.0,1.0,1.0,1.0,1.0
198065808,Jawa Barat,Cirebon,Cirebon 4,Teller (KUOTA 50%),Wanita,29,26 - 30 tahun,3 tahun s/d 4 tahun 11 bulan,1 bulan sekali,Menikah,2 anak,Sarjana (S1),Pegawai Negeri Sipil (Guru),A1 : Rp. 4.500.000 - Rp 6.000.000,Rp. 3.000.001 - Rp. 4.500.000,9.0,6.0,6.0,Promoter,5.777777777777778,3.142857142857143,2.634920634920635,Unknown,,,6.0,6.0,6.0,6.0,6.0,6.0,,6.0,6.0,6.0,6.0,5.0,5.0,6.0,6.0,6.0,1.0,6.0,6.0,1.0,1.0,6.0,1.0
198065812,Jawa Barat,Banjar,Banjar 2,CS (KUOTA 50%),Pria,26,26 - 30 tahun,3 tahun s/d 4 tahun 11 bulan,2 minggu sekali,Belum menikah,Tidak memiliki anak,SLTA,Wiraswasta/Pengusaha/Pedagang,C2 : Rp. 1.000.001 - Rp. 1.500.000,Rp. 2.000.001 - Rp. 3.000.000,10.0,6.0,6.0,Promoter,6.0,1.0,5.0,Unknown,,,6.0,6.0,6.0,6.0,6.0,,6.0,6.0,6.0,6.0,6.0,6.0,6.0,6.0,6.0,6.0,1.0,1.0,1.0,1.0,1.0,1.0,1.0
198065814,Jawa Barat,Bandung,Bandung 5,Teller (KUOTA 50%),Pria,39,36 - 40 tahun,1 tahun s/d 2 tahun 11 bulan,1 bulan sekali,Menikah,3 anak,Akademi/D3,Pegawai/Karyawan Swasta,A1 : Rp. 4.500.000 - Rp 6.000.000,Rp 6.000.001 - Rp 7.500.000,10.0,6.0,6.0,Promoter,6.0,1.0,5.0,Unknown,,,6.0,6.0,6.0,6.0,6.0,6.0,,6.0,6.0,6.0,6.0,6.0,6.0,6.0,6.0,6.0,1.0,1.0,1.0,1.0,1.0,1.0,1.0
198065908,Jawa Barat,Cianjur,Cianjur 1,Teller (KUOTA 50%),Wanita,30,26 - 30 tahun,3 tahun s/d 4 tahun 11 bulan,1 bulan sekali,Menikah,2 anak,Sarjana (S1),Guru (Non PNS),B : Rp. 2.000.001 - Rp. 3.000.000,Rp. 3.000.001 - Rp. 4.500.000,9.0,6.0,6.0,Promoter,6.0,1.0,5.0,Unknown,,,6.0,6.0,6.0,6.0,6.0,6.0,,6.0,6.0,6.0,6.0,6.0,6.0,6.0,6.0,6.0,1.0,1.0,1.0,1.0,1.0,1.0,1.0
198065910,Jawa Barat,Cimahi,Cimahi 2,Teller (KUOTA 50%),Wanita,50,46 - 50 tahun,5 tahun atau lebih,1 minggu sekali,Menikah,2 anak,Paska Sarjana (S2),Tenaga Honorer,A1 : Rp. 4.500.000 - Rp 6.000.000,Rp. 4.500.000 - Rp 6.000.000,10.0,6.0,6.0,Promoter,6.0,1.0,5.0,Satisfied,4.0,,6.0,6.0,6.0,6.0,6.0,6.0,,6.0,6.0,6.0,6.0,6.0,6.0,6.0,6.0,6.0,1.0,1.0,1.0,1.0,1.0,1.0,1.0
198066194,Jawa Barat,Tasikmalaya,Tasikmalaya 2,CS (KUOTA 50%),Pria,45,41 - 45 tahun,5 tahun atau lebih,1 minggu 2 kali atau lebih,Menikah,3 anak,Sarjana (S1),Pegawai Negeri Sipil (Bukan Guru),A1.1 : Rp 6.000.001 - Rp 7.500.000,Rp 10.500.0001 - Rp 15.000.000,10.0,6.0,6.0,Promoter,6.0,1.0,5.0,Loyal Champion,4.0,3.0,6.0,6.0,6.0,6.0,6.0,,6.0,6.0,6.0,6.0,6.0,6.0,6.0,6.0,6.0,6.0,1.0,1.0,1.0,1.0,1.0,1.0,1.0
198066259,Jawa Barat,Karawang,Karawang 1,Teller (KUOTA 50%),Wanita,36,36 - 40 tahun,1 tahun s/d 2 tahun 11 bulan,1 bulan sekali,Menikah,3 anak,SLTA,Ibu Rumah Tangga,A2 : Rp. 3.000.001 - Rp. 4.500.000,Rp. 4.500.000 - Rp 6.000.000,10.0,6.0,6.0,Promoter,6.0,1.0,5.0,Unknown,,,6.0,6.0,6.0,6.0,6.0,6.0,6.0,6.0,6.0,6.0,6.0,6.0,6.0,6.0,6.0,6.0,1.0,1.0,1.0,1.0,1.0,1.0,1.0
198066475,Sumatera Utara,Medan,Medan 1,CS (KUOTA 50%),Pria,40,36 - 40 tahun,5 tahun atau lebih,2 minggu sekali,Menikah,3 anak,SLTA,Pegawai/Karyawan Swasta,B : Rp. 2.000.001 - Rp. 3.000.000,Rp. 3.000.001 - Rp. 4.500.000,9.0,6.0,6.0,Promoter,6.0,1.0,5.0,Satisfied,4.0,,5.0,5.0,6.0,6.0,6.0,5.0,6.0,6.0,6.0,6.0,6.0,6.0,6.0,6.0,6.0,6.0,1.0,1.0,1.0,1.0,1.0,1.0,1.0
198066499,Jawa Timur,Surabaya,Surabaya 1,CS (KUOTA 50%),Pria,30,26 - 30 tahun,5 tahun atau lebih,2 minggu sekali,Menikah,1 anak,SLTA,Pegawai/Karyawan Swasta,A2 : Rp. 3.000.001 - Rp. 4.500.000,Rp 7.500.001- Rp 9.000.000,10.0,6.0,6.0,Promoter,6.0,1.0,5.0,Satisfied,4.0,,6.0,6.0,6.0,6.0,6.0,6.0,6.0,6.0,6.0,6.0,6.0,6.0,6.0,6.0,6.0,6.0,1.0,1.0,1.0,1.0,1.0,1.0,1.0
198066536,Jawa Barat,Bandung,Bandung 3,CS (KUOTA 50%),Wanita,34,31 - 35 tahun,1 tahun s/d 2 tahun 11 bulan,2 minggu sekali,Menikah,2 anak,SLTA,Ibu Rumah Tangga,A2 : Rp. 3.000.001 - Rp. 4.500.000,Rp 9.000.001- Rp 10.500.000,10.0,6.0,6.0,Promoter,6.0,1.0,5.0,Unknown,,,6.0,6.0,6.0,6.0,6.0,,6.0,6.0,6.0,6.0,6.0,6.0,6.0,6.0,6.0,6.0,1.0,1.0,1.0,1.0,1.0,1.0,1.0
198066539,Banten,Lebak,Lebak 1,CS (KUOTA 50%),Wanita,22,20 - 25 tahun,1 tahun s/d 2 tahun 11 bulan,1 minggu 2 kali atau lebih,Belum menikah,Tidak memiliki anak,SLTA,Pegawai/Karyawan Swasta,A2 : Rp. 3.000.001 - Rp. 4.500.000,Rp. 4.500.000 - Rp 6.000.000,10.0,6.0,6.0,Promoter,6.0,1.1428571428571428,4.857142857142858,Unknown,,3.0,6.0,6.0,6.0,6.0,6.0,,6.0,6.0,6.0,6.0,6.0,6.0,6.0,6.0,6.0,6.0,2.0,1.0,1.0,1.0,1.0,1.0,1.0
198066543,Jawa Barat,Cirebon,Cirebon 4,Teller (KUOTA 50%),Pria,44,41 - 45 tahun,5 tahun atau lebih,1 minggu sekali,Menikah,2 anak,Sarjana (S1),Pegawai Negeri Sipil (Bukan Guru),A1 : Rp. 4.500.000 - Rp 6.000.000,Rp 6.000.001 - Rp 7.500.000,9.0,6.0,6.0,Promoter,5.888888888888889,2.4285714285714284,3.460317460317461,Satisfied,4.0,,6.0,6.0,6.0,6.0,6.0,6.0,,6.0,6.0,6.0,6.0,6.0,5.0,6.0,6.0,6.0,6.0,1.0,1.0,6.0,1.0,1.0,1.0
198066680,Banten,Pandeglang,Pandeglang 4,Teller (KUOTA 50%),Wanita,50,46 - 50 tahun,5 tahun atau lebih,1 bulan sekali,Duda / Janda,3 anak,Sarjana (S1),Pegawai Negeri Sipil (Guru),A2 : Rp. 3.000.001 - Rp. 4.500.000,Rp. 3.000.001 - Rp. 4.500.000,10.0,6.0,6.0,Promoter,6.0,1.0,5.0,Satisfied,4.0,,6.0,1.0,6.0,6.0,6.0,6.0,,6.0,6.0,6.0,6.0,6.0,6.0,6.0,6.0,6.0,1.0,1.0,1.0,1.0,1.0,1.0,1.0
198066703,Jawa Barat,Cimahi,Cimahi 2,Teller (KUOTA 50%),Pria,45,41 - 45 tahun,5 tahun atau lebih,1 minggu 2 kali atau lebih,Menikah,2 anak,SLTA,Lainnya,A2 : Rp. 3.000.001 - Rp. 4.500.000,Rp 7.500.001- Rp 9.000.000,10.0,6.0,6.0,Promoter,6.0,1.0,5.0,Loyal Champion,4.0,3.0,6.0,6.0,6.0,6.0,6.0,6.0,,6.0,6.0,6.0,6.0,6.0,6.0,6.0,6.0,6.0,1.0,1.0,1.0,1.0,1.0,1.0,1.0
198066808,Jawa Tengah,Tegal,Tegal 1,Teller (KUOTA 50%),Pria,39,36 - 40 tahun,3 tahun s/d 4 tahun 11 bulan,2 minggu sekali,Menikah,3 anak,SLTA,Lainnya,A2 : Rp. 3.000.001 - Rp. 4.500.000,Rp 6.000.001 - Rp 7.500.000,9.0,6.0,5.0,Promoter,6.0,1.0,5.0,Unknown,,,6.0,6.0,6.0,6.0,6.0,6.0,,6.0,6.0,6.0,6.0,6.0,6.0,6.0,6.0,6.0,1.0,1.0,1.0,1.0,1.0,1.0,1.0
198066825,Banten,Pandeglang,Pandeglang 1,CS (KUOTA 50%),Wanita,36,36 - 40 tahun,5 tahun atau lebih,1 bulan sekali,Menikah,2 anak,Akademi/D3,Lainnya,B : Rp. 2.000.001 - Rp. 3.000.000,Rp. 4.500.000 - Rp 6.000.000,10.0,6.0,6.0,Promoter,6.0,1.2857142857142858,4.714285714285714,Satisfied,4.0,,6.0,6.0,6.0,6.0,6.0,,6.0,6.0,6.0,6.0,6.0,6.0,6.0,6.0,6.0,6.0,1.0,1.0,2.0,1.0,1.0,1.0,2.0
198066847,DKI Jakarta,Jakarta Barat,Jakarta Barat 3,Teller (KUOTA 50%),Pria,34,31 - 35 tahun,3 tahun s/d 4 tahun 11 bulan,1 minggu 2 kali atau lebih,Menikah,1 anak,Akademi/D3,Pegawai/Karyawan Swasta,A1.2 : Rp 7.500.001- Rp 9.000.000,Rp 10.500.0001 - Rp 15.000.000,9.0,6.0,6.0,Promoter,5.777777777777778,1.7142857142857142,4.063492063492063,Unknown,,3.0,6.0,6.0,6.0,6.0,6.0,6.0,,5.0,5.0,6.0,6.0,6.0,6.0,6.0,6.0,6.0,1.0,1.0,1.0,6.0,1.0,1.0,1.0
198066857,DKI Jakarta,Jakarta Pusat,Jakarta Pusat 1,CS (KUOTA 50%),Pria,46,46 - 50 tahun,5 tahun atau lebih,2 minggu sekali,Menikah,2 anak,Sarjana (S1),Pegawai Negeri Sipil (Bukan Guru),A1 : Rp. 4.500.000 - Rp 6.000.000,Rp 7.500.001- Rp 9.000.000,8.0,5.0,6.0,Passive,5.0,2.5714285714285716,2.4285714285714284,Passive,4.0,,5.0,5.0,5.0,5.0,5.0,,6.0,6.0,6.0,4.0,5.0,5.0,4.0,5.0,5.0,5.0,2.0,2.0,3.0,3.0,3.0,3.0,2.0
198066858,DKI Jakarta,Jakarta Pusat,Jakarta Pusat 1,Teller (KUOTA 50%),Pria,43,41 - 45 tahun,5 tahun atau lebih,1 bulan sekali,Menikah,2 anak,SLTA,Pegawai/Karyawan Swasta,A1 : Rp. 4.500.000 - Rp 6.000.000,Rp 6.000.001 - Rp 7.500.000,8.0,6.0,6.0,Passive,5.222222222222222,3.0,2.2222222222222223,Passive,4.0,,5.0,5.0,5.0,6.0,6.0,5.0,,5.0,5.0,5.0,5.0,6.0,5.0,6.0,5.0,5.0,3.0,3.0,3.0,3.0,3.0,3.0,3.0
198066940,Jawa Barat,Bandung,Bandung 5,CS (KUOTA 50%),Pria,40,36 - 40 tahun,5 tahun atau lebih,1 bulan sekali,Menikah,1 anak,Sarjana (S1),Pegawai Negeri Sipil (Bukan Guru),A1.3 : Rp 9.000.001- Rp 10.500.000,Rp 10.500.0001 - Rp 15.000.000,10.0,6.0,6.0,Promoter,6.0,1.0,5.0,Satisfied,4.0,,6.0,6.0,6.0,6.0,6.0,,6.0,6.0,6.0,6.0,6.0,6.0,6.0,6.0,6.0,6.0,1.0,1.0,1.0,1.0,1.0,1.0,1.0
198067007,Jawa Barat,Tasikmalaya,Tasikmalaya 2,CS (KUOTA 50%),Wanita,29,26 - 30 tahun,1 tahun s/d 2 tahun 11 bulan,2 minggu sekali,Menikah,1 anak,SLTA,Guru (Non PNS),A2 : Rp. 3.000.001 - Rp. 4.500.000,Rp. 4.500.000 - Rp 6.000.000,10.0,6.0,6.0,Promoter,6.0,1.0,5.0,Unknown,,,6.0,5.0,6.0,6.0,6.0,,6.0,6.0,6.0,6.0,6.0,6.0,6.0,6.0,6.0,6.0,1.0,1.0,1.0,1.0,1.0,1.0,1.0
198067009,Jawa Barat,Depok,Depok 2,Teller (KUOTA 50%),Wanita,31,31 - 35 tahun,1 tahun s/d 2 tahun 11 bulan,2 minggu sekali,Menikah,2 anak,Akademi/D3,Pegawai/Karyawan Swasta,A1 : Rp. 4.500.000 - Rp 6.000.000,Rp 9.000.001- Rp 10.500.000,7.0,6.0,6.0,Passive,5.333333333333333,1.4285714285714286,3.904761904761904,Unknown,,,6.0,6.0,5.0,6.0,6.0,6.0,6.0,5.0,5.0,5.0,6.0,6.0,5.0,5.0,6.0,5.0,1.0,1.0,1.0,1.0,2.0,2.0,2.0
198067091,Banten,Pandeglang,Pandeglang 4,Teller (KUOTA 50%),Wanita,47,46 - 50 tahun,3 tahun s/d 4 tahun 11 bulan,1 bulan sekali,Menikah,2 anak,Sarjana (S1),Guru (Non PNS),A2 : Rp. 3.000.001 - Rp. 4.500.000,Rp. 4.500.000 - Rp 6.000.000,10.0,6.0,6.0,Promoter,6.0,1.0,5.0,Unknown,,,6.0,6.0,5.0,6.0,6.0,6.0,,6.0,6.0,6.0,6.0,6.0,6.0,6.0,6.0,6.0,1.0,1.0,1.0,1.0,1.0,1.0,1.0
198067155,DKI Jakarta,Jakarta Barat,Jakarta Barat 3,Teller (KUOTA 50%),Pria,50,46 - 50 tahun,5 tahun atau lebih,1 minggu 2 kali atau lebih,Menikah,2 anak,Akademi/D3,Pegawai/Karyawan Swasta,A1.1 : Rp 6.000.001 - Rp 7.500.000,Rp 9.000.001- Rp 10.500.000,9.0,6.0,6.0,Promoter,6.0,6.0,0.0,Loyal Champion,4.0,3.0,6.0,6.0,6.0,6.0,6.0,6.0,,6.0,6.0,6.0,6.0,6.0,6.0,6.0,6.0,6.0,6.0,6.0,6.0,6.0,6.0,6.0,6.0
198067200,Banten,Lebak,Lebak 1,CS (KUOTA 50%),Wanita,20,20 - 25 tahun,1 tahun s/d 2 tahun 11 bulan,1 minggu sekali,Belum menikah,Tidak memiliki anak,SLTA,Pegawai/Karyawan Swasta,A2 : Rp. 3.000.001 - Rp. 4.500.000,Rp. 3.000.001 - Rp. 4.500.000,10.0,6.0,6.0,Promoter,6.0,1.0,5.0,Unknown,,,6.0,6.0,6.0,6.0,6.0,,6.0,6.0,6.0,6.0,6.0,6.0,6.0,6.0,6.0,6.0,1.0,1.0,1.0,1.0,1.0,1.0,1.0
198067238,Jawa Barat,Cirebon,Cirebon 4,CS (KUOTA 50%),Pria,29,26 - 30 tahun,3 tahun s/d 4 tahun 11 bulan,1 bulan sekali,Menikah,1 anak,Sarjana (S1),Pegawai Negeri Sipil (Bukan Guru),A2 : Rp. 3.000.001 - Rp. 4.500.000,Rp 6.000.001 - Rp 7.500.000,9.0,5.0,6.0,Promoter,5.777777777777778,3.7142857142857144,2.0634920634920633,Unknown,,,6.0,6.0,6.0,6.0,6.0,,6.0,6.0,6.0,5.0,6.0,6.0,6.0,5.0,6.0,6.0,6.0,1.0,1.0,6.0,6.0,5.0,1.0
198067240,Jawa Barat,Bandung,Bandung 3,Teller (KUOTA 50%),Pria,28,26 - 30 tahun,5 tahun atau lebih,1 minggu 2 kali atau lebih,Belum menikah,Tidak memiliki anak,Sarjana (S1),Pegawai/Karyawan Swasta,A2 : Rp. 3.000.001 - Rp. 4.500.000,Rp 7.500.001- Rp 9.000.000,9.0,6.0,6.0,Promoter,6.0,1.0,5.0,Loyal Champion,4.0,3.0,6.0,6.0,6.0,6.0,6.0,6.0,,6.0,6.0,6.0,6.0,6.0,6.0,6.0,6.0,6.0,1.0,1.0,1.0,1.0,1.0,1.0,1.0
198067298,DKI Jakarta,Jakarta Barat,Jakarta Barat 3,Teller (KUOTA 50%),Wanita,50,46 - 50 tahun,5 tahun atau lebih,1 minggu 2 kali atau lebih,Menikah,2 anak,Akademi/D3,Pegawai/Karyawan Swasta,A1.4 : Rp 10.500.0001 - Rp 15.000.000,Rp 15.000.001- Rp 20.000.000,9.0,6.0,6.0,Promoter,5.444444444444445,1.7142857142857142,3.7301587301587302,Loyal Champion,4.0,3.0,6.0,6.0,6.0,6.0,6.0,5.0,,6.0,6.0,6.0,6.0,1.0,6.0,6.0,6.0,6.0,1.0,1.0,1.0,6.0,1.0,1.0,1.0
198067344,Banten,Pandeglang,Pandeglang 4,Teller (KUOTA 50%),Wanita,38,36 - 40 tahun,5 tahun atau lebih,1 minggu 2 kali atau lebih,Menikah,2 anak,Sarjana (S1),Tenaga Honorer,A1 : Rp. 4.500.000 - Rp 6.000.000,Rp 7.500.001- Rp 9.000.000,10.0,6.0,6.0,Promoter,6.0,1.0,5.0,Loyal Champion,4.0,3.0,6.0,6.0,6.0,6.0,6.0,6.0,,6.0,6.0,6.0,6.0,6.0,6.0,6.0,6.0,6.0,1.0,1.0,1.0,1.0,1.0,1.0,1.0
198067372,Jawa Barat,Bandung,Bandung 6,Teller (KUOTA 50%),Pria,35,31 - 35 tahun,5 tahun atau lebih,1 minggu sekali,Menikah,2 anak,SLTA,Pegawai/Karyawan Swasta,A2 : Rp. 3.000.001 - Rp. 4.500.000,Rp. 4.500.000 - Rp 6.000.000,8.0,5.0,6.0,Passive,6.0,1.7142857142857142,4.285714285714286,Passive,4.0,,5.0,5.0,5.0,5.0,6.0,6.0,,6.0,6.0,6.0,6.0,6.0,6.0,6.0,6.0,6.0,6.0,1.0,1.0,1.0,1.0,1.0,1.0
198067373,Jawa Barat,Bandung,Bandung 6,CS (KUOTA 50%),Wanita,20,20 - 25 tahun,1 tahun s/d 2 tahun 11 bulan,1 bulan sekali,Belum menikah,Tidak memiliki anak,SLTA,Sedang Tidak Bekerja,A2 : Rp. 3.000.001 - Rp. 4.500.000,Rp. 4.500.000 - Rp 6.000.000,10.0,6.0,6.0,Promoter,6.0,1.7142857142857142,4.285714285714286,Unknown,,,6.0,6.0,6.0,6.0,6.0,,6.0,6.0,6.0,6.0,6.0,6.0,6.0,6.0,6.0,6.0,1.0,1.0,1.0,1.0,1.0,6.0,1.0
198067374,Jawa Barat,Bandung,Bandung 6,Teller (KUOTA 50%),Pria,48,46 - 50 tahun,5 tahun atau lebih,1 bulan sekali,Menikah,3 anak,SLTA,Pegawai/Karyawan Swasta,A2 : Rp. 3.000.001 - Rp. 4.500.000,Rp 7.500.001- Rp 9.000.000,10.0,6.0,6.0,Promoter,6.0,1.0,5.0,Satisfied,4.0,,6.0,6.0,6.0,6.0,6.0,6.0,,6.0,6.0,6.0,6.0,6.0,6.0,6.0,6.0,6.0,1.0,1.0,1.0,1.0,1.0,1.0,1.0
198067389,Jawa Barat,Banjar,Banjar 2,CS (KUOTA 50%),Wanita,30,26 - 30 tahun,1 tahun s/d 2 tahun 11 bulan,2 minggu sekali,Menikah,1 anak,Akademi/D3,Wiraswasta/Pengusaha/Pedagang,B : Rp. 2.000.001 - Rp. 3.000.000,Rp. 3.000.001 - Rp. 4.500.000,10.0,6.0,6.0,Promoter,6.0,1.0,5.0,Unknown,,,6.0,6.0,6.0,6.0,6.0,,6.0,6.0,6.0,6.0,6.0,6.0,6.0,6.0,6.0,6.0,1.0,1.0,1.0,1.0,1.0,1.0,1.0
198067418,Jawa Barat,Bandung,Bandung 16,Teller (KUOTA 50%),Pria,28,26 - 30 tahun,5 tahun atau lebih,2 minggu sekali,Menikah,1 anak,SLTA,Guru (Non PNS),B : Rp. 2.000.001 - Rp. 3.000.000,Rp. 2.000.001 - Rp. 3.000.000,10.0,5.0,4.0,Promoter,5.666666666666667,1.0,4.666666666666667,Satisfied,4.0,,5.0,5.0,5.0,5.0,5.0,5.0,,5.0,6.0,6.0,6.0,6.0,5.0,6.0,6.0,5.0,1.0,1.0,1.0,1.0,1.0,1.0,1.0
198067513,Jawa Barat,Depok,Depok 2,Teller (KUOTA 50%),Wanita,25,20 - 25 tahun,5 tahun atau lebih,1 minggu 2 kali atau lebih,Belum menikah,Tidak memiliki anak,SLTA,Pegawai/Karyawan Swasta,C1 : Rp. 1.500.001 - Rp. 2.000.000,Rp. 2.000.001 - Rp. 3.000.000,10.0,5.0,6.0,Promoter,6.0,1.4285714285714286,4.571428571428571,Loyal Champion,4.0,3.0,5.0,6.0,6.0,6.0,6.0,6.0,6.0,6.0,6.0,6.0,6.0,6.0,6.0,6.0,6.0,6.0,1.0,1.0,4.0,1.0,1.0,1.0,1.0
198067564,DKI Jakarta,Jakarta Barat,Jakarta Barat 5,Teller (KUOTA 50%),Wanita,50,46 - 50 tahun,5 tahun atau lebih,1 minggu 2 kali atau lebih,Menikah,2 anak,Sarjana (S1),Pegawai/Karyawan Swasta,A1.3 : Rp 9.000.001- Rp 10.500.000,Rp 15.000.001- Rp 20.000.000,9.0,6.0,6.0,Promoter,5.888888888888889,5.714285714285714,0.17460317460317487,Loyal Champion,4.0,3.0,6.0,6.0,6.0,6.0,6.0,6.0,,6.0,6.0,6.0,6.0,5.0,6.0,6.0,6.0,6.0,6.0,6.0,5.0,6.0,5.0,6.0,6.0
198067645,Jawa Barat,Bandung,Bandung 6,CS (KUOTA 50%),Wanita,31,31 - 35 tahun,3 tahun s/d 4 tahun 11 bulan,1 bulan sekali,Menikah,1 anak,SLTA,Ibu Rumah Tangga,A2 : Rp. 3.000.001 - Rp. 4.500.000,Rp. 4.500.000 - Rp 6.000.000,9.0,6.0,6.0,Promoter,6.0,1.0,5.0,Unknown,,,6.0,5.0,6.0,6.0,6.0,,6.0,6.0,6.0,6.0,6.0,6.0,6.0,6.0,6.0,6.0,1.0,1.0,1.0,1.0,1.0,1.0,1.0
198067646,Jawa Barat,Bandung,Bandung 6,Teller (KUOTA 50%),Wanita,21,20 - 25 tahun,3 tahun s/d 4 tahun 11 bulan,1 bulan sekali,Belum menikah,Tidak memiliki anak,SLTA,Pegawai/Karyawan Swasta,B : Rp. 2.000.001 - Rp. 3.000.000,Rp. 3.000.001 - Rp. 4.500.000,10.0,6.0,6.0,Promoter,6.0,1.0,5.0,Unknown,,,6.0,6.0,6.0,6.0,6.0,6.0,,6.0,6.0,6.0,6.0,6.0,6.0,6.0,6.0,6.0,1.0,1.0,1.0,1.0,1.0,1.0,1.0
198067661,Jawa Barat,Cimahi,Cimahi 2,CS (KUOTA 50%),Pria,32,31 - 35 tahun,1 tahun s/d 2 tahun 11 bulan,1 minggu 2 kali atau lebih,Menikah,3 anak,Sarjana (S1),Wiraswasta/Pengusaha/Pedagang,A1 : Rp. 4.500.000 - Rp 6.000.000,Rp 7.500.001- Rp 9.000.000,10.0,6.0,6.0,Promoter,6.0,1.7142857142857142,4.285714285714286,Unknown,,3.0,6.0,6.0,6.0,6.0,6.0,,6.0,6.0,6.0,6.0,6.0,6.0,6.0,6.0,6.0,6.0,1.0,1.0,1.0,1.0,1.0,1.0,6.0
198067736,Jawa Barat,Bandung,Bandung 5,Teller (KUOTA 50%),Wanita,43,41 - 45 tahun,3 tahun s/d 4 tahun 11 bulan,2 minggu sekali,Menikah,2 anak,Sarjana (S1),Pegawai/Karyawan Swasta,A1.1 : Rp 6.000.001 - Rp 7.500.000,Rp 7.500.001- Rp 9.000.000,9.0,5.0,5.0,Promoter,4.888888888888889,1.0,3.8888888888888893,Unknown,,,5.0,5.0,5.0,5.0,5.0,6.0,,5.0,6.0,5.0,5.0,5.0,5.0,4.0,5.0,4.0,1.0,1.0,1.0,1.0,1.0,1.0,1.0
198067798,Jawa Barat,Karawang,Karawang 1,Teller (KUOTA 50%),Wanita,49,46 - 50 tahun,5 tahun atau lebih,1 bulan sekali,Menikah,4 anak,Sarjana (S1),Guru (Non PNS),B : Rp. 2.000.001 - Rp. 3.000.000,Rp. 3.000.001 - Rp. 4.500.000,10.0,6.0,6.0,Promoter,6.0,1.0,5.0,Satisfied,4.0,,6.0,6.0,6.0,6.0,6.0,5.0,6.0,6.0,6.0,6.0,6.0,6.0,6.0,6.0,6.0,6.0,1.0,1.0,1.0,1.0,1.0,1.0,1.0
198067806,DKI Jakarta,Jakarta Barat,Jakarta Barat 4,Teller (KUOTA 50%),Wanita,28,26 - 30 tahun,1 tahun s/d 2 tahun 11 bulan,1 bulan sekali,Belum menikah,Tidak memiliki anak,SLTA,Pegawai/Karyawan Swasta,A2 : Rp. 3.000.001 - Rp. 4.500.000,Rp 6.000.001 - Rp 7.500.000,8.0,6.0,5.0,Passive,4.777777777777778,2.2857142857142856,2.492063492063492,Unknown,,,5.0,5.0,4.0,6.0,6.0,5.0,,4.0,5.0,5.0,5.0,5.0,5.0,5.0,5.0,4.0,2.0,2.0,3.0,2.0,3.0,2.0,2.0
198067913,DKI Jakarta,Jakarta Barat,Jakarta Barat 5,CS (KUOTA 50%),Wanita,33,31 - 35 tahun,3 tahun s/d 4 tahun 11 bulan,1 minggu 2 kali atau lebih,Menikah,2 anak,Sarjana (S1),Wiraswasta/Pengusaha/Pedagang,A1.4 : Rp 10.500.0001 - Rp 15.000.000,Rp 15.000.001- Rp 20.000.000,9.0,6.0,6.0,Promoter,5.888888888888889,3.857142857142857,2.031746031746032,Unknown,,3.0,6.0,6.0,6.0,6.0,6.0,,6.0,6.0,6.0,6.0,6.0,6.0,6.0,6.0,6.0,5.0,1.0,1.0,6.0,6.0,6.0,6.0,1.0
198068143,Jawa Barat,Bandung Barat,Bandung Barat 1,Teller (KUOTA 50%),Pria,47,46 - 50 tahun,5 tahun atau lebih,1 minggu 2 kali atau lebih,Menikah,4 anak,SLTA,Wiraswasta/Pengusaha/Pedagang,A2 : Rp. 3.000.001 - Rp. 4.500.000,Rp. 3.000.001 - Rp. 4.500.000,8.0,6.0,5.0,Passive,4.888888888888889,1.4285714285714286,3.4603174603174605,Passive,4.0,3.0,6.0,6.0,6.0,6.0,6.0,6.0,,5.0,5.0,5.0,5.0,5.0,4.0,5.0,5.0,5.0,3.0,1.0,1.0,1.0,1.0,2.0,1.0
198068348,Jawa Barat,Bandung,Bandung 3,CS (KUOTA 50%),Pria,36,36 - 40 tahun,5 tahun atau lebih,1 minggu sekali,Menikah,3 anak,Sarjana (S1),Pegawai/Karyawan Swasta,A1 : Rp. 4.500.000 - Rp 6.000.000,Rp 9.000.001- Rp 10.500.000,9.0,6.0,6.0,Promoter,6.0,1.0,5.0,Satisfied,4.0,,6.0,6.0,6.0,6.0,6.0,,6.0,6.0,6.0,6.0,6.0,6.0,6.0,6.0,6.0,6.0,1.0,1.0,1.0,1.0,1.0,1.0,1.0
198068381,Jawa Barat,Cirebon,Cirebon 4,Teller (KUOTA 50%),Pria,39,36 - 40 tahun,1 tahun s/d 2 tahun 11 bulan,1 bulan sekali,Menikah,Tidak memiliki anak,SLTA,Pegawai Negeri Sipil (Bukan Guru),A1 : Rp. 4.500.000 - Rp 6.000.000,Rp. 4.500.000 - Rp 6.000.000,8.0,5.0,6.0,Passive,6.0,1.0,5.0,Unknown,,,6.0,6.0,6.0,6.0,6.0,6.0,,6.0,6.0,6.0,6.0,6.0,6.0,6.0,6.0,6.0,1.0,1.0,1.0,1.0,1.0,1.0,1.0
198068391,Jawa Barat,Bandung,Bandung 3,Teller (KUOTA 50%),Pria,43,41 - 45 tahun,5 tahun atau lebih,1 bulan sekali,Menikah,1 anak,SLTA,Wiraswasta/Pengusaha/Pedagang,A2 : Rp. 3.000.001 - Rp. 4.500.000,Rp 9.000.001- Rp 10.500.000,10.0,6.0,6.0,Promoter,5.888888888888889,1.0,4.888888888888889,Satisfied,4.0,,6.0,6.0,6.0,6.0,6.0,6.0,,6.0,6.0,6.0,6.0,6.0,6.0,5.0,6.0,6.0,1.0,1.0,1.0,1.0,1.0,1.0,1.0
198068730,Jawa Barat,Bandung,Bandung 15,Teller (KUOTA 50%),Wanita,34,31 - 35 tahun,3 tahun s/d 4 tahun 11 bulan,2 minggu sekali,Menikah,1 anak,Sarjana (S1),Guru (Non PNS),C1 : Rp. 1.500.001 - Rp. 2.000.000,Rp. 1.500.001 - Rp. 2.000.000,10.0,6.0,6.0,Promoter,6.0,1.0,5.0,Unknown,,,6.0,6.0,6.0,6.0,6.0,6.0,,6.0,6.0,6.0,6.0,6.0,6.0,6.0,6.0,6.0,1.0,1.0,1.0,1.0,1.0,1.0,1.0
198068731,Jawa Barat,Bandung,Bandung 15,CS (KUOTA 50%),Wanita,44,41 - 45 tahun,5 tahun atau lebih,1 minggu 2 kali atau lebih,Menikah,> 4 anak,Sarjana (S1),Guru (Non PNS),A1.1 : Rp 6.000.001 - Rp 7.500.000,Rp 15.000.001- Rp 20.000.000,9.0,6.0,6.0,Promoter,6.0,1.7142857142857142,4.285714285714286,Loyal Champion,4.0,3.0,5.0,5.0,6.0,6.0,6.0,,6.0,6.0,6.0,6.0,6.0,6.0,6.0,6.0,6.0,6.0,1.0,1.0,6.0,1.0,1.0,1.0,1.0
198068732,Jawa Barat,Bandung,Bandung 15,CS (KUOTA 50%),Pria,45,41 - 45 tahun,5 tahun atau lebih,1 minggu 2 kali atau lebih,Belum menikah,Tidak memiliki anak,Sarjana (S1),Pegawai/Karyawan Swasta,A2 : Rp. 3.000.001 - Rp. 4.500.000,Rp. 4.500.000 - Rp 6.000.000,10.0,6.0,6.0,Promoter,6.0,1.0,5.0,Loyal Champion,4.0,3.0,6.0,6.0,6.0,6.0,6.0,,6.0,6.0,6.0,6.0,6.0,6.0,6.0,6.0,6.0,6.0,1.0,1.0,1.0,1.0,1.0,1.0,1.0
198068986,Jawa Barat,Bandung Barat,Bandung Barat 1,Teller (KUOTA 50%),Pria,42,41 - 45 tahun,5 tahun atau lebih,1 minggu 2 kali atau lebih,Menikah,2 anak,SLTA,Wiraswasta/Pengusaha/Pedagang,A1 : Rp. 4.500.000 - Rp 6.000.000,Rp 6.000.001 - Rp 7.500.000,9.0,6.0,6.0,Promoter,5.888888888888889,1.0,4.888888888888889,Loyal Champion,4.0,3.0,6.0,6.0,6.0,6.0,6.0,6.0,,6.0,6.0,6.0,6.0,5.0,6.0,6.0,6.0,6.0,1.0,1.0,1.0,1.0,1.0,1.0,1.0
198069048,Jawa Barat,Cirebon,Cirebon 4,CS (KUOTA 50%),Pria,26,26 - 30 tahun,1 tahun s/d 2 tahun 11 bulan,1 bulan sekali,Menikah,Tidak memiliki anak,SLTA,Tenaga Honorer,A2 : Rp. 3.000.001 - Rp. 4.500.000,Rp. 3.000.001 - Rp. 4.500.000,9.0,5.0,6.0,Promoter,5.444444444444445,2.4285714285714284,3.0158730158730163,Unknown,,,6.0,6.0,6.0,6.0,6.0,,6.0,6.0,6.0,6.0,6.0,6.0,6.0,6.0,1.0,6.0,6.0,6.0,1.0,1.0,1.0,1.0,1.0
198069096,Banten,Lebak,Lebak 1,Teller (KUOTA 50%),Wanita,33,31 - 35 tahun,3 tahun s/d 4 tahun 11 bulan,1 bulan sekali,Menikah,3 anak,SLTP,Ibu Rumah Tangga,A2 : Rp. 3.000.001 - Rp. 4.500.000,Rp 9.000.001- Rp 10.500.000,10.0,6.0,6.0,Promoter,6.0,1.0,5.0,Unknown,,,6.0,6.0,6.0,6.0,6.0,6.0,,6.0,6.0,6.0,6.0,6.0,6.0,6.0,6.0,6.0,1.0,1.0,1.0,1.0,1.0,1.0,1.0
198069302,Jawa Barat,Bekasi,Bekasi 3,CS (KUOTA 50%),Pria,23,20 - 25 tahun,3 tahun s/d 4 tahun 11 bulan,1 minggu 2 kali atau lebih,Belum menikah,Tidak memiliki anak,Sarjana (S1),Wiraswasta/Pengusaha/Pedagang,B : Rp. 2.000.001 - Rp. 3.000.000,Rp 10.500.0001 - Rp 15.000.000,10.0,6.0,6.0,Promoter,6.0,1.0,5.0,Unknown,,3.0,6.0,6.0,6.0,6.0,6.0,6.0,6.0,6.0,6.0,6.0,6.0,6.0,6.0,6.0,6.0,6.0,1.0,1.0,1.0,1.0,1.0,1.0,1.0
198069317,Banten,Pandeglang,Pandeglang 4,CS (KUOTA 50%),Wanita,19,17 -19 tahun,1 tahun s/d 2 tahun 11 bulan,1 bulan sekali,Belum menikah,Tidak memiliki anak,SLTA,Mahasiswa/i,C2 : Rp. 1.000.001 - Rp. 1.500.000,Rp. 1.000.001 - Rp. 1.500.000,10.0,6.0,6.0,Promoter,6.0,1.0,5.0,Unknown,,,6.0,6.0,6.0,6.0,6.0,,6.0,6.0,6.0,6.0,6.0,6.0,6.0,6.0,6.0,6.0,1.0,1.0,1.0,1.0,1.0,1.0,1.0
198069354,Jawa Barat,Bogor,Bogor 2,Teller (KUOTA 50%),Pria,43,41 - 45 tahun,5 tahun atau lebih,1 minggu 2 kali atau lebih,Menikah,2 anak,SLTA,Pegawai/Karyawan Swasta,A2 : Rp. 3.000.001 - Rp. 4.500.000,Rp 7.500.001- Rp 9.000.000,10.0,6.0,6.0,Promoter,6.0,1.0,5.0,Loyal Champion,4.0,3.0,6.0,6.0,6.0,6.0,6.0,6.0,,6.0,6.0,6.0,6.0,6.0,6.0,6.0,6.0,6.0,1.0,1.0,1.0,1.0,1.0,1.0,1.0
198069506,Jawa Barat,Banjar,Banjar 2,Teller (KUOTA 50%),Pria,30,26 - 30 tahun,5 tahun atau lebih,1 minggu sekali,Menikah,1 anak,Sarjana (S1),Perangkat Desa (Camat/Lurah/RW),C1 : Rp. 1.500.001 - Rp. 2.000.000,Rp 6.000.001 - Rp 7.500.000,10.0,6.0,6.0,Promoter,6.0,1.0,5.0,Satisfied,4.0,,6.0,6.0,6.0,6.0,6.0,6.0,,6.0,6.0,6.0,6.0,6.0,6.0,6.0,6.0,6.0,1.0,1.0,1.0,1.0,1.0,1.0,1.0
198069578,Sumatera Selatan,Palembang,Palembang 1,Teller (KUOTA 50%),Wanita,43,41 - 45 tahun,1 tahun s/d 2 tahun 11 bulan,1 minggu 2 kali atau lebih,Menikah,> 4 anak,Sarjana (S1),Pegawai Negeri Sipil (Bukan Guru),A1.1 : Rp 6.000.001 - Rp 7.500.000,Di atas Rp 25.000.000,10.0,6.0,6.0,Promoter,5.777777777777778,1.8571428571428572,3.9206349206349205,Unknown,,3.0,6.0,6.0,6.0,6.0,6.0,6.0,,6.0,6.0,6.0,6.0,6.0,4.0,6.0,6.0,6.0,3.0,3.0,3.0,1.0,1.0,1.0,1.0
198069615,Jawa Barat,Cimahi,Cimahi 2,CS (KUOTA 50%),Pria,45,41 - 45 tahun,5 tahun atau lebih,1 bulan sekali,Menikah,3 anak,Sarjana (S1),Wiraswasta/Pengusaha/Pedagang,A1 : Rp. 4.500.000 - Rp 6.000.000,Rp 6.000.001 - Rp 7.500.000,10.0,6.0,6.0,Promoter,6.0,1.0,5.0,Satisfied,4.0,,6.0,6.0,6.0,6.0,6.0,6.0,6.0,6.0,6.0,6.0,6.0,6.0,6.0,6.0,6.0,6.0,1.0,1.0,1.0,1.0,1.0,1.0,1.0
198069812,Banten,Lebak,Lebak 1,Teller (KUOTA 50%),Pria,45,41 - 45 tahun,5 tahun atau lebih,1 minggu 2 kali atau lebih,Menikah,4 anak,Sarjana (S1),Pegawai/Karyawan Swasta,A1 : Rp. 4.500.000 - Rp 6.000.000,Rp. 4.500.000 - Rp 6.000.000,10.0,6.0,6.0,Promoter,6.0,1.0,5.0,Loyal Champion,4.0,3.0,6.0,6.0,6.0,6.0,6.0,6.0,,6.0,6.0,6.0,6.0,6.0,6.0,6.0,6.0,6.0,1.0,1.0,1.0,1.0,1.0,1.0,1.0
198069844,Riau,Pekanbaru,Pekanbaru 1,CS (KUOTA 50%),Pria,30,26 - 30 tahun,3 tahun s/d 4 tahun 11 bulan,1 minggu sekali,Menikah,2 anak,SLTA,Pegawai/Karyawan Swasta,A2 : Rp. 3.000.001 - Rp. 4.500.000,Rp. 3.000.001 - Rp. 4.500.000,10.0,6.0,6.0,Promoter,6.0,1.0,5.0,Unknown,,,6.0,6.0,6.0,6.0,6.0,,6.0,6.0,6.0,6.0,6.0,6.0,6.0,6.0,6.0,6.0,1.0,1.0,1.0,1.0,1.0,1.0,1.0
198069945,Jawa Barat,Bandung,Bandung 5,CS (KUOTA 50%),Pria,42,41 - 45 tahun,5 tahun atau lebih,1 bulan sekali,Menikah,2 anak,SLTA,Pegawai/Karyawan Swasta,A2 : Rp. 3.000.001 - Rp. 4.500.000,Rp 6.000.001 - Rp 7.500.000,10.0,6.0,6.0,Promoter,5.888888888888889,1.0,4.888888888888889,Satisfied,4.0,,6.0,6.0,6.0,6.0,6.0,,6.0,6.0,6.0,6.0,6.0,6.0,6.0,5.0,6.0,6.0,1.0,1.0,1.0,1.0,1.0,1.0,1.0
198070058,Jawa Barat,Tasikmalaya,Tasikmalaya 2,CS (KUOTA 50%),Pria,41,41 - 45 tahun,5 tahun atau lebih,1 minggu 2 kali atau lebih,Menikah,2 anak,Sarjana (S1),Pegawai Negeri Sipil (Guru),B : Rp. 2.000.001 - Rp. 3.000.000,Rp 6.000.001 - Rp 7.500.000,10.0,6.0,6.0,Promoter,6.0,1.0,5.0,Loyal Champion,4.0,3.0,6.0,6.0,6.0,6.0,6.0,,6.0,6.0,6.0,6.0,6.0,6.0,6.0,6.0,6.0,6.0,1.0,1.0,1.0,1.0,1.0,1.0,1.0
198070368,Jawa Barat,Banjar,Banjar 2,Teller (KUOTA 50%),Pria,50,46 - 50 tahun,5 tahun atau lebih,1 minggu 2 kali atau lebih,Menikah,2 anak,Sarjana (S1),Pegawai Negeri Sipil (Guru),A1.1 : Rp 6.000.001 - Rp 7.500.000,Rp 9.000.001- Rp 10.500.000,10.0,6.0,6.0,Promoter,6.0,1.0,5.0,Loyal Champion,4.0,3.0,6.0,6.0,6.0,6.0,6.0,6.0,,6.0,6.0,6.0,6.0,6.0,6.0,6.0,6.0,6.0,1.0,1.0,1.0,1.0,1.0,1.0,1.0
198070392,DKI Jakarta,Jakarta Barat,Jakarta Barat 3,CS (KUOTA 50%),Pria,36,36 - 40 tahun,3 tahun s/d 4 tahun 11 bulan,1 minggu 2 kali atau lebih,Menikah,2 anak,Sarjana (S1),Pegawai/Karyawan Swasta,A1.3 : Rp 9.000.001- Rp 10.500.000,Rp 10.500.0001 - Rp 15.000.000,8.0,6.0,6.0,Passive,6.0,2.4285714285714284,3.5714285714285716,Unknown,,3.0,6.0,6.0,6.0,6.0,6.0,,6.0,6.0,6.0,6.0,6.0,6.0,6.0,6.0,6.0,6.0,1.0,6.0,1.0,1.0,6.0,1.0,1.0
198070396,Banten,Lebak,Lebak 1,CS (KUOTA 50%),Pria,32,31 - 35 tahun,5 tahun atau lebih,1 minggu 2 kali atau lebih,Menikah,1 anak,SLTA,Pegawai/Karyawan Swasta,A2 : Rp. 3.000.001 - Rp. 4.500.000,Rp. 4.500.000 - Rp 6.000.000,10.0,6.0,6.0,Promoter,6.0,1.0,5.0,Loyal Champion,4.0,3.0,6.0,6.0,6.0,6.0,6.0,,6.0,6.0,6.0,6.0,6.0,6.0,6.0,6.0,6.0,6.0,1.0,1.0,1.0,1.0,1.0,1.0,1.0
198070490,Banten,Pandeglang,Pandeglang 4,Teller (KUOTA 50%),Pria,43,41 - 45 tahun,5 tahun atau lebih,2 minggu sekali,Menikah,4 anak,SLTA,Wiraswasta/Pengusaha/Pedagang,A2 : Rp. 3.000.001 - Rp. 4.500.000,Rp. 4.500.000 - Rp 6.000.000,10.0,6.0,6.0,Promoter,6.0,1.0,5.0,Satisfied,4.0,,6.0,6.0,6.0,6.0,6.0,6.0,,6.0,6.0,6.0,6.0,6.0,6.0,6.0,6.0,6.0,1.0,1.0,1.0,1.0,1.0,1.0,1.0
198070558,Jawa Barat,Cianjur,Cianjur 1,CS (KUOTA 50%),Wanita,25,20 - 25 tahun,3 tahun s/d 4 tahun 11 bulan,1 minggu sekali,Belum menikah,Tidak memiliki anak,Sarjana (S1),Wiraswasta/Pengusaha/Pedagang,A2 : Rp. 3.000.001 - Rp. 4.500.000,Rp. 4.500.000 - Rp 6.000.000,10.0,6.0,6.0,Promoter,5.222222222222222,1.0,4.222222222222222,Unknown,,,6.0,6.0,6.0,6.0,6.0,,5.0,6.0,5.0,6.0,6.0,5.0,4.0,6.0,5.0,4.0,1.0,1.0,1.0,1.0,1.0,1.0,1.0
198070559,Jawa Barat,Cianjur,Cianjur 1,CS (KUOTA 50%),Pria,37,36 - 40 tahun,5 tahun atau lebih,1 minggu 2 kali atau lebih,Menikah,2 anak,SLTA,Wiraswasta/Pengusaha/Pedagang,A1 : Rp. 4.500.000 - Rp 6.000.000,Rp 6.000.001 - Rp 7.500.000,10.0,6.0,6.0,Promoter,6.0,1.0,5.0,Loyal Champion,4.0,3.0,6.0,5.0,6.0,6.0,6.0,6.0,5.0,6.0,6.0,6.0,6.0,6.0,6.0,6.0,6.0,6.0,1.0,1.0,1.0,1.0,1.0,1.0,1.0
198070560,Jawa Barat,Cianjur,Cianjur 1,CS (KUOTA 50%),Pria,35,31 - 35 tahun,5 tahun atau lebih,1 minggu sekali,Menikah,3 anak,SLTA,Wiraswasta/Pengusaha/Pedagang,A2 : Rp. 3.000.001 - Rp. 4.500.000,Rp. 4.500.000 - Rp 6.000.000,10.0,6.0,6.0,Promoter,5.222222222222222,2.0,3.2222222222222223,Satisfied,4.0,,6.0,6.0,6.0,6.0,6.0,,6.0,5.0,6.0,4.0,6.0,6.0,5.0,4.0,6.0,5.0,2.0,2.0,2.0,2.0,2.0,2.0,2.0
198070646,DKI Jakarta,Jakarta Barat,Jakarta Barat 3,CS (KUOTA 50%),Wanita,40,36 - 40 tahun,5 tahun atau lebih,1 minggu 2 kali atau lebih,Menikah,2 anak,Sarjana (S1),Wiraswasta/Pengusaha/Pedagang,A1.5 : Rp 15.000.001- Rp 20.000.000,Rp 20.000.001 - Rp 25.000.000,9.0,6.0,6.0,Promoter,5.777777777777778,1.7142857142857142,4.063492063492063,Loyal Champion,4.0,3.0,6.0,6.0,6.0,6.0,6.0,,6.0,6.0,6.0,6.0,5.0,6.0,6.0,5.0,6.0,6.0,6.0,1.0,1.0,1.0,1.0,1.0,1.0
198070747,Jawa Barat,Cimahi,Cimahi 2,CS (KUOTA 50%),Pria,39,36 - 40 tahun,5 tahun atau lebih,1 minggu 2 kali atau lebih,Menikah,3 anak,SLTA,Pegawai/Karyawan Swasta,A1 : Rp. 4.500.000 - Rp 6.000.000,Rp 7.500.001- Rp 9.000.000,10.0,6.0,6.0,Promoter,6.0,1.0,5.0,Loyal Champion,4.0,3.0,6.0,6.0,6.0,6.0,6.0,,6.0,6.0,6.0,6.0,6.0,6.0,6.0,6.0,6.0,6.0,1.0,1.0,1.0,1.0,1.0,1.0,1.0
198070761,Jawa Barat,Cimahi,Cimahi 2,CS (KUOTA 50%),Wanita,44,41 - 45 tahun,5 tahun atau lebih,1 minggu sekali,Menikah,3 anak,SLTA,Ibu Rumah Tangga,A2 : Rp. 3.000.001 - Rp. 4.500.000,Rp. 3.000.001 - Rp. 4.500.000,9.0,6.0,6.0,Promoter,4.888888888888889,1.5714285714285714,3.317460317460318,Satisfied,4.0,,6.0,6.0,6.0,6.0,5.0,,6.0,5.0,5.0,5.0,5.0,5.0,5.0,4.0,5.0,5.0,1.0,1.0,1.0,1.0,1.0,5.0,1.0
198070762,Jawa Barat,Cimahi,Cimahi 2,CS (KUOTA 50%),Pria,48,46 - 50 tahun,5 tahun atau lebih,1 minggu 2 kali atau lebih,Menikah,2 anak,SLTA,Pegawai Negeri Sipil (Guru),A2 : Rp. 3.000.001 - Rp. 4.500.000,Rp. 3.000.001 - Rp. 4.500.000,8.0,6.0,6.0,Passive,6.0,1.0,5.0,Passive,4.0,3.0,6.0,6.0,6.0,6.0,6.0,6.0,6.0,6.0,6.0,6.0,6.0,6.0,6.0,6.0,6.0,6.0,1.0,1.0,1.0,1.0,1.0,1.0,1.0
198070764,Jawa Barat,Cimahi,Cimahi 2,Teller (KUOTA 50%),Pria,30,26 - 30 tahun,5 tahun atau lebih,1 minggu 2 kali atau lebih,Menikah,1 anak,Sarjana (S1),Wiraswasta/Pengusaha/Pedagang,A1.2 : Rp 7.500.001- Rp 9.000.000,Rp 10.500.0001 - Rp 15.000.000,10.0,6.0,6.0,Promoter,6.0,6.0,0.0,Loyal Champion,4.0,3.0,6.0,6.0,6.0,6.0,6.0,6.0,,6.0,6.0,6.0,6.0,6.0,6.0,6.0,6.0,6.0,6.0,6.0,6.0,6.0,6.0,6.0,6.0
198070765,Jawa Barat,Cimahi,Cimahi 2,Teller (KUOTA 50%),Wanita,22,20 - 25 tahun,1 tahun s/d 2 tahun 11 bulan,1 minggu 2 kali atau lebih,Belum menikah,Tidak memiliki anak,SLTA,Pegawai/Karyawan Swasta,B : Rp. 2.000.001 - Rp. 3.000.000,Rp. 3.000.001 - Rp. 4.500.000,10.0,6.0,6.0,Promoter,6.0,1.0,5.0,Unknown,,3.0,6.0,6.0,6.0,6.0,6.0,6.0,,6.0,6.0,6.0,6.0,6.0,6.0,6.0,6.0,6.0,1.0,1.0,1.0,1.0,1.0,1.0,1.0
198070767,Jawa Barat,Cimahi,Cimahi 2,CS (KUOTA 50%),Pria,28,26 - 30 tahun,1 tahun s/d 2 tahun 11 bulan,1 minggu sekali,Belum menikah,Tidak memiliki anak,SLTA,Wiraswasta/Pengusaha/Pedagang,B : Rp. 2.000.001 - Rp. 3.000.000,Rp. 3.000.001 - Rp. 4.500.000,7.0,6.0,5.0,Passive,5.0,2.142857142857143,2.857142857142857,Unknown,,,5.0,5.0,6.0,5.0,6.0,,6.0,5.0,5.0,5.0,5.0,5.0,5.0,5.0,5.0,5.0,1.0,1.0,1.0,1.0,5.0,1.0,5.0
198070768,Jawa Barat,Cimahi,Cimahi 2,Teller (KUOTA 50%),Pria,40,36 - 40 tahun,5 tahun atau lebih,1 minggu 2 kali atau lebih,Menikah,2 anak,SLTA,Pegawai/Karyawan Swasta,C2 : Rp. 1.000.001 - Rp. 1.500.000,Rp. 3.000.001 - Rp. 4.500.000,10.0,6.0,6.0,Promoter,6.0,1.0,5.0,Loyal Champion,4.0,3.0,6.0,6.0,6.0,6.0,6.0,6.0,,6.0,6.0,6.0,6.0,6.0,6.0,6.0,6.0,6.0,1.0,1.0,1.0,1.0,1.0,1.0,1.0
198070783,Riau,Pekanbaru,Pekanbaru 1,Teller (KUOTA 50%),Wanita,35,31 - 35 tahun,5 tahun atau lebih,1 minggu sekali,Duda / Janda,1 anak,SLTA,Pegawai/Karyawan Swasta,A2 : Rp. 3.000.001 - Rp. 4.500.000,Rp. 4.500.000 - Rp 6.000.000,10.0,6.0,6.0,Promoter,6.0,1.0,5.0,Satisfied,4.0,,6.0,6.0,6.0,6.0,6.0,6.0,,6.0,6.0,6.0,6.0,6.0,6.0,6.0,6.0,6.0,1.0,1.0,1.0,1.0,1.0,1.0,1.0
198070850,Banten,Pandeglang,Pandeglang 4,CS (KUOTA 50%),Wanita,38,36 - 40 tahun,1 tahun s/d 2 tahun 11 bulan,2 minggu sekali,Menikah,2 anak,Sarjana (S1),Lainnya,C2 : Rp. 1.000.001 - Rp. 1.500.000,Rp. 2.000.001 - Rp. 3.000.000,10.0,6.0,6.0,Promoter,5.888888888888889,1.0,4.888888888888889,Unknown,,,6.0,6.0,6.0,6.0,6.0,,6.0,6.0,6.0,6.0,6.0,6.0,6.0,6.0,6.0,5.0,1.0,1.0,1.0,1.0,1.0,1.0,1.0
198070887,Jawa Barat,Bandung,Bandung 3,Teller (KUOTA 50%),Pria,42,41 - 45 tahun,5 tahun atau lebih,1 bulan sekali,Menikah,2 anak,SLTA,Wiraswasta/Pengusaha/Pedagang,A1 : Rp. 4.500.000 - Rp 6.000.000,Rp 9.000.001- Rp 10.500.000,10.0,6.0,6.0,Promoter,5.888888888888889,1.0,4.888888888888889,Satisfied,4.0,,6.0,6.0,6.0,6.0,6.0,6.0,,6.0,6.0,6.0,5.0,6.0,6.0,6.0,6.0,6.0,1.0,1.0,1.0,1.0,1.0,1.0,1.0
198070940,Jawa Barat,Bandung,Bandung 15,Teller (KUOTA 50%),Pria,50,46 - 50 tahun,5 tahun atau lebih,1 minggu 2 kali atau lebih,Menikah,2 anak,SLTP,Wiraswasta/Pengusaha/Pedagang,B : Rp. 2.000.001 - Rp. 3.000.000,Rp 15.000.001- Rp 20.000.000,7.0,6.0,6.0,Passive,6.0,1.2857142857142858,4.714285714285714,Passive,4.0,3.0,6.0,6.0,6.0,6.0,6.0,6.0,,6.0,6.0,6.0,6.0,6.0,6.0,6.0,6.0,6.0,3.0,1.0,1.0,1.0,1.0,1.0,1.0
198070952,Jawa Barat,Bekasi,Bekasi 3,CS (KUOTA 50%),Pria,30,26 - 30 tahun,5 tahun atau lebih,1 minggu 2 kali atau lebih,Menikah,1 anak,Akademi/D3,Pegawai/Karyawan Swasta,A1.1 : Rp 6.000.001 - Rp 7.500.000,Rp 9.000.001- Rp 10.500.000,10.0,6.0,6.0,Promoter,6.0,1.0,5.0,Loyal Champion,4.0,3.0,6.0,6.0,6.0,6.0,6.0,6.0,6.0,6.0,6.0,6.0,6.0,6.0,6.0,6.0,6.0,6.0,1.0,1.0,1.0,1.0,1.0,1.0,1.0
198071274,Jawa Barat,Banjar,Banjar 2,Teller (KUOTA 50%),Wanita,32,31 - 35 tahun,5 tahun atau lebih,2 minggu sekali,Menikah,2 anak,Akademi/D3,Pegawai Negeri Sipil (Bukan Guru),B : Rp. 2.000.001 - Rp. 3.000.000,Rp. 4.500.000 - Rp 6.000.000,10.0,6.0,6.0,Promoter,6.0,1.0,5.0,Satisfied,4.0,,6.0,5.0,6.0,6.0,6.0,6.0,,6.0,6.0,6.0,6.0,6.0,6.0,6.0,6.0,6.0,1.0,1.0,1.0,1.0,1.0,1.0,1.0
198071594,Banten,Pandeglang,Pandeglang 4,CS (KUOTA 50%),Wanita,40,36 - 40 tahun,5 tahun atau lebih,1 minggu 2 kali atau lebih,Menikah,3 anak,Akademi/D3,Wiraswasta/Pengusaha/Pedagang,A1 : Rp. 4.500.000 - Rp 6.000.000,Rp 9.000.001- Rp 10.500.000,10.0,6.0,6.0,Promoter,6.0,1.0,5.0,Loyal Champion,4.0,3.0,6.0,6.0,6.0,6.0,6.0,,6.0,6.0,6.0,6.0,6.0,6.0,6.0,6.0,6.0,6.0,1.0,1.0,1.0,1.0,1.0,1.0,1.0
198071604,Banten,Lebak,Lebak 1,Teller (KUOTA 50%),Pria,40,36 - 40 tahun,5 tahun atau lebih,1 minggu 2 kali atau lebih,Menikah,2 anak,SLTA,Pegawai/Karyawan Swasta,C1 : Rp. 1.500.001 - Rp. 2.000.000,Rp. 3.000.001 - Rp. 4.500.000,10.0,6.0,6.0,Promoter,6.0,1.0,5.0,Loyal Champion,4.0,3.0,6.0,6.0,6.0,6.0,6.0,6.0,,6.0,6.0,6.0,6.0,6.0,6.0,6.0,6.0,6.0,1.0,1.0,1.0,1.0,1.0,1.0,1.0
198071632,Banten,Lebak,Lebak 1,CS (KUOTA 50%),Wanita,22,20 - 25 tahun,1 tahun s/d 2 tahun 11 bulan,1 minggu sekali,Belum menikah,Tidak memiliki anak,SLTA,Mahasiswa/i,A1 : Rp. 4.500.000 - Rp 6.000.000,Rp 7.500.001- Rp 9.000.000,10.0,6.0,6.0,Promoter,6.0,1.0,5.0,Unknown,,,6.0,6.0,6.0,6.0,6.0,,6.0,6.0,6.0,6.0,6.0,6.0,6.0,6.0,6.0,6.0,1.0,1.0,1.0,1.0,1.0,1.0,1.0
198071633,Banten,Lebak,Lebak 1,CS (KUOTA 50%),Wanita,18,17 -19 tahun,1 tahun s/d 2 tahun 11 bulan,1 minggu sekali,Belum menikah,Tidak memiliki anak,SLTP,Lainnya,B : Rp. 2.000.001 - Rp. 3.000.000,Rp. 3.000.001 - Rp. 4.500.000,9.0,6.0,6.0,Promoter,5.444444444444445,1.0,4.444444444444445,Unknown,,,6.0,6.0,6.0,6.0,6.0,,6.0,6.0,6.0,6.0,6.0,6.0,1.0,6.0,6.0,6.0,1.0,1.0,1.0,1.0,1.0,1.0,1.0
198071634,Banten,Lebak,Lebak 1,Teller (KUOTA 50%),Wanita,23,20 - 25 tahun,3 tahun s/d 4 tahun 11 bulan,1 bulan sekali,Menikah,2 anak,SLTP,Ibu Rumah Tangga,A2 : Rp. 3.000.001 - Rp. 4.500.000,Rp 6.000.001 - Rp 7.500.000,9.0,6.0,6.0,Promoter,6.0,1.0,5.0,Unknown,,,6.0,6.0,6.0,6.0,6.0,6.0,,6.0,6.0,6.0,6.0,6.0,6.0,6.0,6.0,6.0,1.0,1.0,1.0,1.0,1.0,1.0,1.0
198071635,Banten,Lebak,Lebak 1,CS (KUOTA 50%),Pria,41,41 - 45 tahun,5 tahun atau lebih,1 minggu 2 kali atau lebih,Menikah,1 anak,SLTA,Wiraswasta/Pengusaha/Pedagang,A1.1 : Rp 6.000.001 - Rp 7.500.000,Rp 7.500.001- Rp 9.000.000,10.0,6.0,6.0,Promoter,6.0,1.0,5.0,Loyal Champion,4.0,3.0,6.0,6.0,6.0,6.0,6.0,,6.0,6.0,6.0,6.0,6.0,6.0,6.0,6.0,6.0,6.0,1.0,1.0,1.0,1.0,1.0,1.0,1.0
198071636,Banten,Lebak,Lebak 1,CS (KUOTA 50%),Pria,33,31 - 35 tahun,1 tahun s/d 2 tahun 11 bulan,1 minggu sekali,Menikah,2 anak,SLTA,Wiraswasta/Pengusaha/Pedagang,C1 : Rp. 1.500.001 - Rp. 2.000.000,Rp. 2.000.001 - Rp. 3.000.000,10.0,6.0,6.0,Promoter,6.0,1.5714285714285714,4.428571428571429,Unknown,,,6.0,6.0,6.0,6.0,6.0,,6.0,6.0,6.0,6.0,6.0,6.0,6.0,6.0,6.0,6.0,1.0,4.0,1.0,1.0,1.0,1.0,2.0
198071837,Jawa Barat,Bandung,Bandung 15,Teller (KUOTA 50%),Pria,27,26 - 30 tahun,3 tahun s/d 4 tahun 11 bulan,1 minggu 2 kali atau lebih,Menikah,Tidak memiliki anak,SLTA,Pegawai/Karyawan Swasta,B : Rp. 2.000.001 - Rp. 3.000.000,Rp. 4.500.000 - Rp 6.000.000,10.0,6.0,6.0,Promoter,6.0,1.7142857142857142,4.285714285714286,Unknown,,3.0,6.0,6.0,6.0,6.0,6.0,6.0,,6.0,6.0,6.0,6.0,6.0,6.0,6.0,6.0,6.0,6.0,1.0,1.0,1.0,1.0,1.0,1.0
198071933,Jawa Barat,Cirebon,Cirebon 4,Teller (KUOTA 50%),Wanita,50,46 - 50 tahun,5 tahun atau lebih,1 bulan sekali,Menikah,4 anak,Paska Sarjana (S2),Tenaga Honorer,A1.1 : Rp 6.000.001 - Rp 7.500.000,Rp 6.000.001 - Rp 7.500.000,9.0,6.0,6.0,Promoter,6.0,1.0,5.0,Satisfied,4.0,,6.0,6.0,6.0,6.0,6.0,6.0,6.0,6.0,6.0,6.0,6.0,6.0,6.0,6.0,6.0,6.0,1.0,1.0,1.0,1.0,1.0,1.0,1.0
198071934,Jawa Barat,Cirebon,Cirebon 4,Teller (KUOTA 50%),Pria,49,46 - 50 tahun,5 tahun atau lebih,1 minggu 2 kali atau lebih,Menikah,4 anak,Sarjana (S1),Pegawai Negeri Sipil (Bukan Guru),A2 : Rp. 3.000.001 - Rp. 4.500.000,Rp. 3.000.001 - Rp. 4.500.000,8.0,6.0,6.0,Passive,6.0,1.0,5.0,Passive,4.0,3.0,6.0,6.0,6.0,6.0,6.0,6.0,6.0,6.0,6.0,6.0,6.0,6.0,6.0,6.0,6.0,6.0,1.0,1.0,1.0,1.0,1.0,1.0,1.0
198071935,Jawa Barat,Cirebon,Cirebon 4,CS (KUOTA 50%),Pria,39,36 - 40 tahun,5 tahun atau lebih,1 bulan sekali,Menikah,3 anak,SLTA,Tenaga Honorer,A2 : Rp. 3.000.001 - Rp. 4.500.000,Rp. 3.000.001 - Rp. 4.500.000,8.0,6.0,6.0,Passive,6.0,1.0,5.0,Passive,4.0,,6.0,6.0,6.0,6.0,6.0,6.0,6.0,6.0,6.0,6.0,6.0,6.0,6.0,6.0,6.0,6.0,1.0,1.0,1.0,1.0,1.0,1.0,1.0
198071936,Jawa Barat,Cirebon,Cirebon 4,CS (KUOTA 50%),Pria,40,36 - 40 tahun,1 tahun s/d 2 tahun 11 bulan,1 minggu 2 kali atau lebih,Menikah,2 anak,SLTA,Perangkat Desa (Camat/Lurah/RW),B : Rp. 2.000.001 - Rp. 3.000.000,Rp. 2.000.001 - Rp. 3.000.000,8.0,6.0,6.0,Passive,6.0,1.0,5.0,Unknown,,3.0,6.0,6.0,6.0,6.0,6.0,6.0,6.0,6.0,6.0,6.0,6.0,6.0,6.0,6.0,6.0,6.0,1.0,1.0,1.0,1.0,1.0,1.0,1.0
198071996,Banten,Tangerang,Tangerang 3,CS (KUOTA 50%),Wanita,50,46 - 50 tahun,5 tahun atau lebih,1 bulan sekali,Menikah,1 anak,Akademi/D3,Pegawai Negeri Sipil (Bukan Guru),B : Rp. 2.000.001 - Rp. 3.000.000,Rp. 4.500.000 - Rp 6.000.000,8.0,5.0,5.0,Passive,5.0,5.0,0.0,Passive,4.0,,5.0,5.0,5.0,5.0,5.0,5.0,5.0,5.0,5.0,5.0,5.0,5.0,5.0,5.0,5.0,5.0,5.0,5.0,5.0,5.0,5.0,5.0,5.0
198072200,Riau,Pekanbaru,Pekanbaru 1,CS (KUOTA 50%),Pria,36,36 - 40 tahun,3 tahun s/d 4 tahun 11 bulan,1 minggu sekali,Menikah,3 anak,SLTA,Pegawai/Karyawan Swasta,A1 : Rp. 4.500.000 - Rp 6.000.000,Rp 6.000.001 - Rp 7.500.000,8.0,6.0,6.0,Passive,6.0,1.0,5.0,Unknown,,,6.0,6.0,6.0,6.0,6.0,,6.0,6.0,6.0,6.0,6.0,6.0,6.0,6.0,6.0,6.0,1.0,1.0,1.0,1.0,1.0,1.0,1.0
198072872,Jawa Tengah,Pekalongan,Pekalongan 1,Teller (KUOTA 50%),Wanita,28,26 - 30 tahun,1 tahun s/d 2 tahun 11 bulan,1 bulan sekali,Menikah,1 anak,SLTA,Ibu Rumah Tangga,A2 : Rp. 3.000.001 - Rp. 4.500.000,Rp. 2.000.001 - Rp. 3.000.000,10.0,6.0,6.0,Promoter,6.0,1.0,5.0,Unknown,,,6.0,6.0,6.0,6.0,6.0,6.0,,6.0,6.0,6.0,6.0,6.0,6.0,6.0,6.0,6.0,1.0,1.0,1.0,1.0,1.0,1.0,1.0
198073007,Jawa Barat,Depok,Depok 2,CS (KUOTA 50%),Wanita,30,26 - 30 tahun,3 tahun s/d 4 tahun 11 bulan,2 minggu sekali,Menikah,2 anak,Sarjana (S1),Pegawai Negeri Sipil (Guru),A2 : Rp. 3.000.001 - Rp. 4.500.000,Rp 7.500.001- Rp 9.000.000,8.0,6.0,5.0,Passive,6.0,1.0,5.0,Unknown,,,6.0,6.0,6.0,6.0,6.0,6.0,6.0,6.0,6.0,6.0,6.0,6.0,6.0,6.0,6.0,6.0,1.0,1.0,1.0,1.0,1.0,1.0,1.0
198073600,Jawa Tengah,Banyumas,Banyumas 1,Teller (KUOTA 50%),Pria,23,20 - 25 tahun,3 bulan s/d 11 bulan,1 minggu sekali,Belum menikah,Tidak memiliki anak,SLTA,Wiraswasta/Pengusaha/Pedagang,C1 : Rp. 1.500.001 - Rp. 2.000.000,Rp. 2.000.001 - Rp. 3.000.000,10.0,6.0,6.0,Promoter,6.0,1.0,5.0,Unknown,,,6.0,6.0,6.0,6.0,6.0,6.0,6.0,6.0,6.0,6.0,6.0,6.0,6.0,6.0,6.0,6.0,1.0,1.0,1.0,1.0,1.0,1.0,1.0
198073601,Jawa Tengah,Banyumas,Banyumas 1,CS (KUOTA 50%),Pria,26,26 - 30 tahun,3 bulan s/d 11 bulan,1 minggu 2 kali atau lebih,Menikah,1 anak,SLTA,Pegawai/Karyawan Swasta,C1 : Rp. 1.500.001 - Rp. 2.000.000,Rp. 2.000.001 - Rp. 3.000.000,10.0,6.0,6.0,Promoter,6.0,1.0,5.0,Unknown,,3.0,6.0,6.0,6.0,6.0,6.0,6.0,6.0,6.0,6.0,6.0,6.0,6.0,6.0,6.0,6.0,6.0,1.0,1.0,1.0,1.0,1.0,1.0,1.0
198073636,Jawa Barat,Tasikmalaya,Tasikmalaya 2,Teller (KUOTA 50%),Pria,34,31 - 35 tahun,3 tahun s/d 4 tahun 11 bulan,1 minggu 2 kali atau lebih,Menikah,2 anak,SLTA,Lainnya,B : Rp. 2.000.001 - Rp. 3.000.000,Rp. 4.500.000 - Rp 6.000.000,10.0,6.0,6.0,Promoter,6.0,1.7142857142857142,4.285714285714286,Unknown,,3.0,6.0,6.0,6.0,6.0,6.0,6.0,,6.0,6.0,6.0,6.0,6.0,6.0,6.0,6.0,6.0,1.0,1.0,1.0,6.0,1.0,1.0,1.0
198074250,Jawa Barat,Banjar,Banjar 2,Teller (KUOTA 50%),Wanita,42,41 - 45 tahun,5 tahun atau lebih,1 minggu sekali,Menikah,2 anak,Sarjana (S1),Pegawai Negeri Sipil (Guru),A2 : Rp. 3.000.001 - Rp. 4.500.000,Rp 10.500.0001 - Rp 15.000.000,10.0,6.0,6.0,Promoter,6.0,1.0,5.0,Satisfied,4.0,,6.0,6.0,6.0,6.0,6.0,6.0,,6.0,6.0,6.0,6.0,6.0,6.0,6.0,6.0,6.0,1.0,1.0,1.0,1.0,1.0,1.0,1.0
198074274,Banten,Pandeglang,Pandeglang 4,CS (KUOTA 50%),Wanita,24,20 - 25 tahun,1 tahun s/d 2 tahun 11 bulan,2 minggu sekali,Menikah,1 anak,SLTP,Ibu Rumah Tangga,C2 : Rp. 1.000.001 - Rp. 1.500.000,Menolak Memberikan Jawaban,10.0,6.0,6.0,Promoter,6.0,1.0,5.0,Unknown,,,6.0,6.0,6.0,6.0,6.0,,6.0,6.0,6.0,6.0,6.0,6.0,6.0,6.0,6.0,6.0,1.0,1.0,1.0,1.0,1.0,1.0,1.0
198074502,Jawa Barat,Karawang,Karawang 2,CS (KUOTA 50%),Pria,38,36 - 40 tahun,5 tahun atau lebih,1 minggu 2 kali atau lebih,Duda / Janda,Tidak memiliki anak,Sarjana (S1),Polisi / Tentara / Militer,A2 : Rp. 3.000.001 - Rp. 4.500.000,Rp 7.500.001- Rp 9.000.000,10.0,6.0,6.0,Promoter,6.0,1.0,5.0,Loyal Champion,4.0,3.0,6.0,6.0,6.0,6.0,6.0,6.0,6.0,6.0,6.0,6.0,6.0,6.0,6.0,6.0,6.0,6.0,1.0,1.0,1.0,1.0,1.0,1.0,1.0
198074726,Jawa Tengah,Boyolali,Boyolali 1,Teller (KUOTA 50%),Pria,40,36 - 40 tahun,3 tahun s/d 4 tahun 11 bulan,1 bulan sekali,Menikah,2 anak,Sarjana (S1),Pegawai/Karyawan Swasta,A1.1 : Rp 6.000.001 - Rp 7.500.000,Rp 7.500.001- Rp 9.000.000,10.0,6.0,6.0,Promoter,6.0,2.142857142857143,3.857142857142857,Unknown,,,6.0,6.0,5.0,6.0,6.0,6.0,,6.0,6.0,6.0,6.0,6.0,6.0,6.0,6.0,6.0,1.0,1.0,1.0,6.0,2.0,3.0,1.0
198075254,Riau,Pekanbaru,Pekanbaru 1,Teller (KUOTA 50%),Pria,26,26 - 30 tahun,3 tahun s/d 4 tahun 11 bulan,1 minggu sekali,Belum menikah,Tidak memiliki anak,SLTA,Pegawai/Karyawan Swasta,C1 : Rp. 1.500.001 - Rp. 2.000.000,Rp. 3.000.001 - Rp. 4.500.000,10.0,6.0,6.0,Promoter,6.0,1.0,5.0,Unknown,,,6.0,6.0,6.0,6.0,6.0,6.0,,6.0,6.0,6.0,6.0,6.0,6.0,6.0,6.0,6.0,1.0,1.0,1.0,1.0,1.0,1.0,1.0
198076303,Jawa Tengah,Boyolali,Boyolali 1,CS (KUOTA 50%),Pria,35,31 - 35 tahun,5 tahun atau lebih,2 minggu sekali,Menikah,3 anak,SLTA,Pegawai/Karyawan Swasta,B : Rp. 2.000.001 - Rp. 3.000.000,Rp. 3.000.001 - Rp. 4.500.000,9.0,6.0,6.0,Promoter,5.444444444444445,1.0,4.444444444444445,Satisfied,4.0,,6.0,6.0,6.0,6.0,6.0,,6.0,6.0,6.0,6.0,6.0,6.0,6.0,6.0,1.0,6.0,1.0,1.0,1.0,1.0,1.0,1.0,1.0
198076378,Jawa Barat,Banjar,Banjar 2,CS (KUOTA 50%),Wanita,34,31 - 35 tahun,5 tahun atau lebih,1 bulan sekali,Menikah,2 anak,Sarjana (S1),Pegawai Negeri Sipil (Bukan Guru),B : Rp. 2.000.001 - Rp. 3.000.000,Rp 10.500.0001 - Rp 15.000.000,10.0,6.0,6.0,Promoter,6.0,1.0,5.0,Satisfied,4.0,,6.0,6.0,6.0,6.0,6.0,,6.0,6.0,6.0,6.0,6.0,6.0,6.0,6.0,6.0,6.0,1.0,1.0,1.0,1.0,1.0,1.0,1.0
198076595,Jawa Barat,Sukabumi,Sukabumi 2,CS (KUOTA 50%),Pria,27,26 - 30 tahun,5 tahun atau lebih,1 minggu 2 kali atau lebih,Menikah,Tidak memiliki anak,SLTA,Pegawai/Karyawan Swasta,A2 : Rp. 3.000.001 - Rp. 4.500.000,Rp. 3.000.001 - Rp. 4.500.000,10.0,6.0,6.0,Promoter,6.0,1.0,5.0,Loyal Champion,4.0,3.0,6.0,6.0,6.0,6.0,6.0,,6.0,6.0,6.0,6.0,6.0,6.0,6.0,6.0,6.0,6.0,1.0,1.0,1.0,1.0,1.0,1.0,1.0
198076596,Jawa Barat,Sukabumi,Sukabumi 2,CS (KUOTA 50%),Pria,22,20 - 25 tahun,1 tahun s/d 2 tahun 11 bulan,2 minggu sekali,Belum menikah,Tidak memiliki anak,SLTA,Pegawai/Karyawan Swasta,B : Rp. 2.000.001 - Rp. 3.000.000,Rp. 2.000.001 - Rp. 3.000.000,10.0,6.0,6.0,Promoter,6.0,1.0,5.0,Unknown,,,6.0,6.0,6.0,6.0,6.0,,6.0,6.0,6.0,6.0,6.0,6.0,6.0,6.0,6.0,6.0,1.0,1.0,1.0,1.0,1.0,1.0,1.0
198076597,Jawa Barat,Sukabumi,Sukabumi 2,CS (KUOTA 50%),Pria,45,41 - 45 tahun,5 tahun atau lebih,1 minggu 2 kali atau lebih,Menikah,4 anak,SLTA,Wiraswasta/Pengusaha/Pedagang,A2 : Rp. 3.000.001 - Rp. 4.500.000,Rp 6.000.001 - Rp 7.500.000,10.0,6.0,6.0,Promoter,6.0,1.7142857142857142,4.285714285714286,Loyal Champion,4.0,3.0,6.0,6.0,6.0,6.0,6.0,,6.0,6.0,6.0,6.0,6.0,6.0,6.0,6.0,6.0,6.0,6.0,1.0,1.0,1.0,1.0,1.0,1.0
198076598,Jawa Barat,Sukabumi,Sukabumi 4,Teller (KUOTA 50%),Pria,28,26 - 30 tahun,3 tahun s/d 4 tahun 11 bulan,1 minggu 2 kali atau lebih,Menikah,2 anak,SLTA,Pegawai/Karyawan Swasta,A2 : Rp. 3.000.001 - Rp. 4.500.000,Rp. 3.000.001 - Rp. 4.500.000,10.0,6.0,6.0,Promoter,6.0,1.0,5.0,Unknown,,3.0,6.0,6.0,6.0,6.0,6.0,6.0,,6.0,6.0,6.0,6.0,6.0,6.0,6.0,6.0,6.0,1.0,1.0,1.0,1.0,1.0,1.0,1.0
198077722,Jawa Barat,Bandung,Bandung 9,Teller (KUOTA 50%),Wanita,42,41 - 45 tahun,3 tahun s/d 4 tahun 11 bulan,1 minggu sekali,Menikah,1 anak,Sarjana (S1),Tenaga Honorer,C1 : Rp. 1.500.001 - Rp. 2.000.000,Rp. 2.000.001 - Rp. 3.000.000,10.0,6.0,6.0,Promoter,5.444444444444445,1.0,4.444444444444445,Unknown,,,6.0,6.0,6.0,6.0,6.0,6.0,,6.0,6.0,6.0,1.0,6.0,6.0,6.0,6.0,6.0,1.0,1.0,1.0,1.0,1.0,1.0,1.0
198077723,Jawa Barat,Bandung,Bandung 9,CS (KUOTA 50%),Wanita,21,20 - 25 tahun,1 tahun s/d 2 tahun 11 bulan,1 bulan sekali,Belum menikah,Tidak memiliki anak,SLTA,Guru (Non PNS),A2 : Rp. 3.000.001 - Rp. 4.500.000,Rp. 2.000.001 - Rp. 3.000.000,9.0,6.0,5.0,Promoter,5.444444444444445,1.0,4.444444444444445,Unknown,,,6.0,5.0,6.0,5.0,6.0,6.0,6.0,5.0,6.0,6.0,5.0,5.0,5.0,5.0,6.0,6.0,1.0,1.0,1.0,1.0,1.0,1.0,1.0
198077724,Jawa Barat,Bandung,Bandung 9,Teller (KUOTA 50%),Pria,50,46 - 50 tahun,5 tahun atau lebih,1 bulan sekali,Menikah,3 anak,SLTA,Tenaga Honorer,C1 : Rp. 1.500.001 - Rp. 2.000.000,Rp. 2.000.001 - Rp. 3.000.000,10.0,6.0,6.0,Promoter,6.0,1.0,5.0,Satisfied,4.0,,6.0,6.0,6.0,6.0,6.0,6.0,,6.0,6.0,6.0,6.0,6.0,6.0,6.0,6.0,6.0,1.0,1.0,1.0,1.0,1.0,1.0,1.0
198077725,Jawa Barat,Bandung,Bandung 9,CS (KUOTA 50%),Pria,39,36 - 40 tahun,5 tahun atau lebih,1 minggu 2 kali atau lebih,Menikah,3 anak,Sarjana (S1),Wiraswasta/Pengusaha/Pedagang,A1.6 : Rp 20.000.001 - Rp 25.000.000,Di atas Rp 25.000.000,9.0,6.0,6.0,Promoter,6.0,1.0,5.0,Loyal Champion,4.0,3.0,6.0,6.0,6.0,6.0,6.0,,6.0,6.0,6.0,6.0,6.0,6.0,6.0,6.0,6.0,6.0,1.0,1.0,1.0,1.0,1.0,1.0,1.0
198078108,DKI Jakarta,Jakarta Selatan,Jakarta Selatan 2,CS (KUOTA 50%),Wanita,27,26 - 30 tahun,1 tahun s/d 2 tahun 11 bulan,2 minggu sekali,Belum menikah,Tidak memiliki anak,SLTA,Pegawai/Karyawan Swasta,A1 : Rp. 4.500.000 - Rp 6.000.000,Rp. 3.000.001 - Rp. 4.500.000,8.0,5.0,5.0,Passive,5.111111111111111,1.4285714285714286,3.682539682539682,Unknown,,,6.0,6.0,6.0,6.0,6.0,,6.0,5.0,5.0,6.0,5.0,5.0,5.0,5.0,5.0,5.0,2.0,1.0,1.0,2.0,2.0,1.0,1.0
198079477,Jawa Barat,Purwakarta,Purwakarta 1,CS (KUOTA 50%),Wanita,37,36 - 40 tahun,3 tahun s/d 4 tahun 11 bulan,1 minggu sekali,Duda / Janda,1 anak,SLTA,Pegawai/Karyawan Swasta,C1 : Rp. 1.500.001 - Rp. 2.000.000,Rp. 4.500.000 - Rp 6.000.000,10.0,6.0,6.0,Promoter,5.777777777777778,1.1428571428571428,4.634920634920634,Unknown,,,6.0,6.0,6.0,6.0,6.0,,6.0,6.0,5.0,6.0,6.0,5.0,6.0,6.0,6.0,6.0,1.0,2.0,1.0,1.0,1.0,1.0,1.0
198079478,Jawa Barat,Purwakarta,Purwakarta 1,CS (KUOTA 50%),Wanita,31,31 - 35 tahun,1 tahun s/d 2 tahun 11 bulan,1 minggu 2 kali atau lebih,Belum menikah,Tidak memiliki anak,Sarjana (S1),Tenaga Honorer,C1 : Rp. 1.500.001 - Rp. 2.000.000,Rp. 3.000.001 - Rp. 4.500.000,10.0,6.0,6.0,Promoter,6.0,1.0,5.0,Unknown,,3.0,5.0,6.0,6.0,6.0,6.0,,6.0,6.0,6.0,6.0,6.0,6.0,6.0,6.0,6.0,6.0,1.0,1.0,1.0,1.0,1.0,1.0,1.0
198079479,Jawa Barat,Purwakarta,Purwakarta 1,CS (KUOTA 50%),Wanita,28,26 - 30 tahun,3 tahun s/d 4 tahun 11 bulan,1 minggu sekali,Duda / Janda,2 anak,SLTA,Pegawai/Karyawan Swasta,C1 : Rp. 1.500.001 - Rp. 2.000.000,Rp. 4.500.000 - Rp 6.000.000,10.0,6.0,6.0,Promoter,6.0,1.0,5.0,Unknown,,,6.0,6.0,6.0,6.0,6.0,,6.0,6.0,6.0,6.0,6.0,6.0,6.0,6.0,6.0,6.0,1.0,1.0,1.0,1.0,1.0,1.0,1.0
198079480,Jawa Barat,Purwakarta,Purwakarta 1,Teller (KUOTA 50%),Wanita,34,31 - 35 tahun,3 tahun s/d 4 tahun 11 bulan,1 minggu 2 kali atau lebih,Menikah,> 4 anak,SLTA,Pegawai/Karyawan Swasta,A1.2 : Rp 7.500.001- Rp 9.000.000,Rp 10.500.0001 - Rp 15.000.000,10.0,6.0,6.0,Promoter,6.0,1.0,5.0,Unknown,,3.0,6.0,6.0,6.0,6.0,6.0,6.0,,6.0,6.0,6.0,6.0,6.0,6.0,6.0,6.0,6.0,1.0,1.0,1.0,1.0,1.0,1.0,1.0
198079481,Jawa Barat,Purwakarta,Purwakarta 1,Teller (KUOTA 50%),Pria,35,31 - 35 tahun,3 tahun s/d 4 tahun 11 bulan,1 minggu 2 kali atau lebih,Menikah,1 anak,Sarjana (S1),Pegawai/Karyawan Swasta,A2 : Rp. 3.000.001 - Rp. 4.500.000,Rp 9.000.001- Rp 10.500.000,10.0,6.0,6.0,Promoter,5.888888888888889,1.0,4.888888888888889,Unknown,,3.0,6.0,6.0,6.0,6.0,6.0,6.0,,6.0,6.0,6.0,6.0,6.0,5.0,6.0,6.0,6.0,1.0,1.0,1.0,1.0,1.0,1.0,1.0
198079482,Jawa Barat,Purwakarta,Purwakarta 1,Teller (KUOTA 50%),Wanita,39,36 - 40 tahun,5 tahun atau lebih,1 minggu 2 kali atau lebih,Menikah,3 anak,Sarjana (S1),Pegawai Negeri Sipil (Guru),A1 : Rp. 4.500.000 - Rp 6.000.000,Rp 10.500.0001 - Rp 15.000.000,10.0,6.0,6.0,Promoter,6.0,1.0,5.0,Loyal Champion,4.0,3.0,6.0,6.0,6.0,6.0,6.0,6.0,,6.0,6.0,6.0,6.0,6.0,6.0,6.0,6.0,6.0,1.0,1.0,1.0,1.0,1.0,1.0,1.0
198079921,Banten,Tangerang,Tangerang 1,CS (KUOTA 50%),Wanita,37,36 - 40 tahun,5 tahun atau lebih,2 minggu sekali,Menikah,2 anak,SLTA,Pegawai/Karyawan Swasta,A2 : Rp. 3.000.001 - Rp. 4.500.000,Rp 6.000.001 - Rp 7.500.000,10.0,6.0,6.0,Promoter,6.0,5.857142857142857,0.14285714285714324,Satisfied,4.0,,6.0,6.0,6.0,6.0,6.0,,6.0,6.0,6.0,6.0,6.0,6.0,6.0,6.0,6.0,6.0,6.0,5.0,6.0,6.0,6.0,6.0,6.0
198080680,DKI Jakarta,Jakarta Selatan,Jakarta Selatan 4,CS (KUOTA 50%),Pria,48,46 - 50 tahun,1 tahun s/d 2 tahun 11 bulan,2 minggu sekali,Menikah,2 anak,Sarjana (S1),Pegawai/Karyawan Swasta,A1.1 : Rp 6.000.001 - Rp 7.500.000,Rp. 3.000.001 - Rp. 4.500.000,8.0,5.0,5.0,Passive,5.0,1.2857142857142858,3.7142857142857144,Unknown,,,5.0,5.0,6.0,5.0,6.0,,6.0,5.0,5.0,5.0,5.0,5.0,5.0,5.0,5.0,5.0,1.0,1.0,2.0,1.0,2.0,1.0,1.0
198080903,Jawa Barat,Banjar,Banjar 2,Teller (KUOTA 50%),Wanita,42,41 - 45 tahun,5 tahun atau lebih,1 minggu 2 kali atau lebih,Menikah,2 anak,Sarjana (S1),Pegawai Negeri Sipil (Guru),A1 : Rp. 4.500.000 - Rp 6.000.000,Rp 6.000.001 - Rp 7.500.000,10.0,6.0,6.0,Promoter,6.0,1.0,5.0,Loyal Champion,4.0,3.0,6.0,6.0,6.0,6.0,6.0,6.0,,6.0,6.0,6.0,6.0,6.0,6.0,6.0,6.0,6.0,1.0,1.0,1.0,1.0,1.0,1.0,1.0
198081395,Banten,Tangerang,Tangerang 3,CS (KUOTA 50%),Wanita,48,46 - 50 tahun,5 tahun atau lebih,1 minggu 2 kali atau lebih,Menikah,1 anak,SLTA,Ibu Rumah Tangga,A1 : Rp. 4.500.000 - Rp 6.000.000,Rp 6.000.001 - Rp 7.500.000,10.0,6.0,5.0,Promoter,5.111111111111111,1.0,4.111111111111111,Loyal Champion,4.0,3.0,5.0,5.0,5.0,5.0,5.0,6.0,5.0,5.0,5.0,5.0,6.0,5.0,5.0,5.0,5.0,5.0,1.0,1.0,1.0,1.0,1.0,1.0,1.0
198081404,Sumatera Selatan,Palembang,Palembang 1,CS (KUOTA 50%),Pria,45,41 - 45 tahun,5 tahun atau lebih,1 minggu sekali,Menikah,1 anak,Sarjana (S1),Pegawai/Karyawan Swasta,A2 : Rp. 3.000.001 - Rp. 4.500.000,Rp 9.000.001- Rp 10.500.000,10.0,6.0,6.0,Promoter,6.0,1.2857142857142858,4.714285714285714,Satisfied,4.0,,6.0,6.0,6.0,6.0,6.0,,6.0,6.0,6.0,6.0,6.0,6.0,6.0,6.0,6.0,6.0,1.0,2.0,1.0,1.0,1.0,1.0,2.0
198081405,Sumatera Selatan,Palembang,Palembang 1,Teller (KUOTA 50%),Wanita,28,26 - 30 tahun,1 tahun s/d 2 tahun 11 bulan,2 minggu sekali,Menikah,1 anak,Akademi/D3,Pegawai/Karyawan Swasta,B : Rp. 2.000.001 - Rp. 3.000.000,Rp 6.000.001 - Rp 7.500.000,10.0,6.0,6.0,Promoter,6.0,1.1428571428571428,4.857142857142858,Unknown,,,6.0,6.0,6.0,6.0,6.0,6.0,,6.0,6.0,6.0,6.0,6.0,6.0,6.0,6.0,6.0,1.0,1.0,1.0,1.0,1.0,1.0,2.0
198082784,Jawa Barat,Sukabumi,Sukabumi 2,CS (KUOTA 50%),Pria,25,20 - 25 tahun,3 tahun s/d 4 tahun 11 bulan,1 minggu 2 kali atau lebih,Menikah,1 anak,Sarjana (S1),Pegawai Negeri Sipil (Bukan Guru),B : Rp. 2.000.001 - Rp. 3.000.000,Rp. 3.000.001 - Rp. 4.500.000,10.0,6.0,6.0,Promoter,6.0,1.0,5.0,Unknown,,3.0,6.0,6.0,6.0,6.0,6.0,,6.0,6.0,6.0,6.0,6.0,6.0,6.0,6.0,6.0,6.0,1.0,1.0,1.0,1.0,1.0,1.0,1.0
198082785,Jawa Barat,Sukabumi,Sukabumi 2,CS (KUOTA 50%),Pria,41,41 - 45 tahun,5 tahun atau lebih,1 minggu 2 kali atau lebih,Menikah,2 anak,Akademi/D3,Pegawai/Karyawan Swasta,A1 : Rp. 4.500.000 - Rp 6.000.000,Rp. 4.500.000 - Rp 6.000.000,10.0,6.0,6.0,Promoter,6.0,1.2857142857142858,4.714285714285714,Loyal Champion,4.0,3.0,6.0,6.0,6.0,6.0,6.0,,6.0,6.0,6.0,6.0,6.0,6.0,6.0,6.0,6.0,6.0,1.0,1.0,1.0,1.0,1.0,1.0,3.0
198082786,Jawa Barat,Sukabumi,Sukabumi 2,CS (KUOTA 50%),Pria,45,41 - 45 tahun,5 tahun atau lebih,1 minggu 2 kali atau lebih,Menikah,4 anak,SLTA,Pegawai/Karyawan Swasta,A1 : Rp. 4.500.000 - Rp 6.000.000,Rp. 4.500.000 - Rp 6.000.000,10.0,6.0,6.0,Promoter,6.0,1.0,5.0,Loyal Champion,4.0,3.0,6.0,6.0,6.0,6.0,6.0,,6.0,6.0,6.0,6.0,6.0,6.0,6.0,6.0,6.0,6.0,1.0,1.0,1.0,1.0,1.0,1.0,1.0
198084882,DKI Jakarta,Jakarta Barat,Jakarta Barat 6,CS (KUOTA 50%),Pria,50,46 - 50 tahun,3 tahun s/d 4 tahun 11 bulan,1 bulan sekali,Menikah,2 anak,SLTA,Lainnya,A2 : Rp. 3.000.001 - Rp. 4.500.000,Rp. 4.500.000 - Rp 6.000.000,8.0,5.0,5.0,Passive,5.0,4.857142857142857,0.14285714285714324,Unknown,,,5.0,6.0,6.0,6.0,5.0,,5.0,5.0,5.0,5.0,5.0,5.0,5.0,5.0,5.0,5.0,5.0,4.0,5.0,5.0,5.0,5.0,5.0
198087170,DKI Jakarta,Jakarta Barat,Jakarta Barat 6,Teller (KUOTA 50%),Wanita,30,26 - 30 tahun,5 tahun atau lebih,1 minggu 2 kali atau lebih,Menikah,2 anak,SLTA,Wiraswasta/Pengusaha/Pedagang,A1 : Rp. 4.500.000 - Rp 6.000.000,Rp 7.500.001- Rp 9.000.000,8.0,5.0,5.0,Passive,5.0,5.142857142857143,-0.14285714285714324,Passive,4.0,3.0,5.0,5.0,5.0,5.0,5.0,5.0,,5.0,5.0,5.0,5.0,5.0,5.0,5.0,5.0,5.0,5.0,6.0,5.0,5.0,5.0,5.0,5.0
198093591,Lampung,Bandar Lampung,Bandar Lampung 1,CS (KUOTA 50%),Wanita,45,41 - 45 tahun,3 tahun s/d 4 tahun 11 bulan,2 minggu sekali,Menikah,4 anak,Sarjana (S1),Pegawai Negeri Sipil (Bukan Guru),A1 : Rp. 4.500.000 - Rp 6.000.000,Rp 6.000.001 - Rp 7.500.000,9.0,6.0,6.0,Promoter,5.111111111111111,1.5714285714285714,3.5396825396825395,Unknown,,,5.0,6.0,5.0,5.0,6.0,,6.0,5.0,5.0,5.0,5.0,5.0,5.0,6.0,5.0,5.0,5.0,1.0,1.0,1.0,1.0,1.0,1.0
198112136,Lampung,Bandar Lampung,Bandar Lampung 1,Teller (KUOTA 50%),Pria,35,31 - 35 tahun,3 tahun s/d 4 tahun 11 bulan,2 minggu sekali,Belum menikah,Tidak memiliki anak,SLTA,Pegawai/Karyawan Swasta,C1 : Rp. 1.500.001 - Rp. 2.000.000,Rp. 3.000.001 - Rp. 4.500.000,9.0,6.0,6.0,Promoter,5.777777777777778,1.1428571428571428,4.634920634920634,Unknown,,,5.0,5.0,6.0,6.0,5.0,6.0,,6.0,6.0,6.0,6.0,5.0,5.0,6.0,6.0,6.0,1.0,1.0,1.0,2.0,1.0,1.0,1.0
198123323,Jawa Barat,Bandung,Bandung 16,CS (KUOTA 50%),Pria,50,46 - 50 tahun,5 tahun atau lebih,1 bulan sekali,Menikah,2 anak,Sarjana (S1),Pegawai Negeri Sipil (Guru),A2 : Rp. 3.000.001 - Rp. 4.500.000,Rp. 4.500.000 - Rp 6.000.000,10.0,6.0,6.0,Promoter,5.888888888888889,1.0,4.888888888888889,Satisfied,4.0,,6.0,6.0,6.0,6.0,6.0,,6.0,6.0,6.0,6.0,6.0,6.0,6.0,5.0,6.0,6.0,1.0,1.0,1.0,1.0,1.0,1.0,1.0
198123898,Jawa Barat,Sumedang,Sumedang 1,CS (KUOTA 50%),Pria,28,26 - 30 tahun,3 tahun s/d 4 tahun 11 bulan,2 minggu sekali,Menikah,1 anak,Sarjana (S1),Pegawai/Karyawan Swasta,A1.1 : Rp 6.000.001 - Rp 7.500.000,Rp 9.000.001- Rp 10.500.000,8.0,6.0,6.0,Passive,6.0,1.0,5.0,Unknown,,,6.0,6.0,6.0,9.0,6.0,,6.0,6.0,6.0,6.0,6.0,6.0,6.0,6.0,6.0,6.0,1.0,1.0,1.0,1.0,1.0,1.0,1.0
198123902,Jawa Barat,Bandung,Bandung 16,CS (KUOTA 50%),Pria,50,46 - 50 tahun,5 tahun atau lebih,1 minggu 2 kali atau lebih,Menikah,3 anak,Sarjana (S1),Pegawai Negeri Sipil (Guru),A1 : Rp. 4.500.000 - Rp 6.000.000,Rp. 4.500.000 - Rp 6.000.000,10.0,6.0,6.0,Promoter,6.0,1.0,5.0,Loyal Champion,4.0,3.0,6.0,6.0,6.0,6.0,6.0,,6.0,6.0,6.0,6.0,6.0,6.0,6.0,6.0,6.0,6.0,1.0,1.0,1.0,1.0,1.0,1.0,1.0
198123903,Jawa Barat,Bandung Barat,Bandung Barat 1,Teller (KUOTA 50%),Wanita,35,31 - 35 tahun,3 tahun s/d 4 tahun 11 bulan,1 minggu 2 kali atau lebih,Menikah,2 anak,SLTA,Ibu Rumah Tangga,B : Rp. 2.000.001 - Rp. 3.000.000,Rp. 4.500.000 - Rp 6.000.000,10.0,6.0,6.0,Promoter,5.888888888888889,1.0,4.888888888888889,Unknown,,3.0,6.0,6.0,6.0,6.0,6.0,6.0,,6.0,6.0,5.0,6.0,6.0,6.0,6.0,6.0,6.0,1.0,1.0,1.0,1.0,1.0,1.0,1.0
198124058,DKI Jakarta,Jakarta Timur,Jakarta Timur 2,Teller (KUOTA 50%),Pria,32,31 - 35 tahun,5 tahun atau lebih,1 bulan sekali,Menikah,2 anak,SLTA,Pegawai/Karyawan Swasta,A1 : Rp. 4.500.000 - Rp 6.000.000,Rp. 4.500.000 - Rp 6.000.000,10.0,6.0,6.0,Promoter,6.0,1.0,5.0,Satisfied,4.0,,6.0,6.0,6.0,6.0,6.0,6.0,,6.0,6.0,6.0,6.0,6.0,6.0,6.0,6.0,6.0,1.0,1.0,1.0,1.0,1.0,1.0,1.0
198124059,DKI Jakarta,Jakarta Timur,Jakarta Timur 2,CS (KUOTA 50%),Pria,50,46 - 50 tahun,5 tahun atau lebih,2 minggu sekali,Menikah,2 anak,SLTA,Pegawai/Karyawan Swasta,A1 : Rp. 4.500.000 - Rp 6.000.000,Rp 7.500.001- Rp 9.000.000,10.0,6.0,6.0,Promoter,6.0,1.0,5.0,Satisfied,4.0,,6.0,6.0,6.0,6.0,6.0,6.0,6.0,6.0,6.0,6.0,6.0,6.0,6.0,6.0,6.0,6.0,1.0,1.0,1.0,1.0,1.0,1.0,1.0
198124281,Jawa Barat,Bandung,Bandung 16,CS (KUOTA 50%),Wanita,29,26 - 30 tahun,5 tahun atau lebih,2 minggu sekali,Menikah,1 anak,Sarjana (S1),Pegawai Negeri Sipil (Guru),B : Rp. 2.000.001 - Rp. 3.000.000,Rp. 4.500.000 - Rp 6.000.000,10.0,6.0,6.0,Promoter,6.0,1.7142857142857142,4.285714285714286,Satisfied,4.0,,6.0,6.0,6.0,6.0,6.0,,6.0,6.0,6.0,6.0,6.0,6.0,6.0,6.0,6.0,6.0,6.0,1.0,1.0,1.0,1.0,1.0,1.0
198124438,Jawa Barat,Bandung,Bandung 11,CS (KUOTA 50%),Wanita,36,36 - 40 tahun,1 tahun s/d 2 tahun 11 bulan,2 minggu sekali,Menikah,3 anak,Sarjana (S1),Pegawai Negeri Sipil (Guru),A1 : Rp. 4.500.000 - Rp 6.000.000,Rp. 4.500.000 - Rp 6.000.000,9.0,5.0,5.0,Promoter,5.0,2.0,3.0,Unknown,,,5.0,5.0,5.0,6.0,6.0,,5.0,5.0,5.0,5.0,5.0,5.0,5.0,5.0,5.0,5.0,2.0,2.0,2.0,2.0,2.0,2.0,2.0
198124450,Jawa Barat,Pangandaran,Pangandaran 1,Teller (KUOTA 50%),Pria,35,31 - 35 tahun,5 tahun atau lebih,2 minggu sekali,Menikah,2 anak,SLTA,Wiraswasta/Pengusaha/Pedagang,C1 : Rp. 1.500.001 - Rp. 2.000.000,Rp. 3.000.001 - Rp. 4.500.000,9.0,6.0,5.0,Promoter,5.666666666666667,1.2857142857142858,4.380952380952381,Satisfied,4.0,,6.0,5.0,6.0,6.0,6.0,6.0,,5.0,6.0,6.0,6.0,6.0,6.0,6.0,5.0,5.0,1.0,2.0,1.0,1.0,2.0,1.0,1.0
198124573,Jawa Barat,Bandung,Bandung 11,CS (KUOTA 50%),Wanita,35,31 - 35 tahun,5 tahun atau lebih,1 bulan sekali,Menikah,2 anak,Paska Sarjana (S2),Pegawai Negeri Sipil (Bukan Guru),A1.3 : Rp 9.000.001- Rp 10.500.000,Rp 20.000.001 - Rp 25.000.000,7.0,5.0,5.0,Passive,5.666666666666667,1.2857142857142858,4.380952380952381,Passive,4.0,,6.0,6.0,6.0,6.0,6.0,,5.0,6.0,6.0,6.0,5.0,6.0,6.0,6.0,5.0,5.0,2.0,1.0,1.0,1.0,1.0,1.0,2.0
198124745,Jawa Barat,Tasikmalaya,Tasikmalaya 1,CS (KUOTA 50%),Wanita,46,46 - 50 tahun,3 tahun s/d 4 tahun 11 bulan,2 minggu sekali,Menikah,2 anak,Akademi/D3,Perangkat Desa (Camat/Lurah/RW),A1 : Rp. 4.500.000 - Rp 6.000.000,Rp 7.500.001- Rp 9.000.000,10.0,6.0,6.0,Promoter,6.0,1.0,5.0,Unknown,,,6.0,6.0,6.0,6.0,6.0,,6.0,6.0,6.0,6.0,6.0,6.0,6.0,6.0,6.0,6.0,1.0,1.0,1.0,1.0,1.0,1.0,1.0
198124855,Jawa Tengah,Surakarta,Surakarta 1,Teller (KUOTA 50%),Pria,39,36 - 40 tahun,5 tahun atau lebih,1 minggu 2 kali atau lebih,Menikah,2 anak,SLTA,Pegawai/Karyawan Swasta,B : Rp. 2.000.001 - Rp. 3.000.000,Rp. 3.000.001 - Rp. 4.500.000,10.0,6.0,6.0,Promoter,6.0,1.0,5.0,Loyal Champion,4.0,3.0,6.0,6.0,6.0,6.0,6.0,6.0,6.0,6.0,6.0,6.0,6.0,6.0,6.0,6.0,6.0,6.0,1.0,1.0,1.0,1.0,1.0,1.0,1.0
198124864,Banten,Pandeglang,Pandeglang 1,CS (KUOTA 50%),Pria,36,36 - 40 tahun,5 tahun atau lebih,1 minggu 2 kali atau lebih,Menikah,2 anak,Sarjana (S1),Wiraswasta/Pengusaha/Pedagang,A1 : Rp. 4.500.000 - Rp 6.000.000,Rp. 4.500.000 - Rp 6.000.000,10.0,6.0,6.0,Promoter,5.888888888888889,1.7142857142857142,4.174603174603175,Loyal Champion,4.0,3.0,6.0,6.0,6.0,6.0,6.0,6.0,6.0,6.0,6.0,6.0,6.0,6.0,6.0,6.0,6.0,5.0,1.0,2.0,2.0,2.0,1.0,2.0,2.0
198124876,Bali,Denpasar,Denpasar 1,CS (KUOTA 50%),Wanita,50,46 - 50 tahun,5 tahun atau lebih,1 minggu sekali,Menikah,2 anak,Sarjana (S1),Pegawai Negeri Sipil (Guru),A2 : Rp. 3.000.001 - Rp. 4.500.000,Rp 9.000.001- Rp 10.500.000,10.0,6.0,6.0,Promoter,5.444444444444445,1.0,4.444444444444445,Satisfied,4.0,,6.0,6.0,6.0,6.0,6.0,6.0,6.0,6.0,6.0,6.0,6.0,6.0,1.0,6.0,6.0,6.0,1.0,1.0,1.0,1.0,1.0,1.0,1.0
198124883,Jawa Barat,Pangandaran,Pangandaran 1,Teller (KUOTA 50%),Pria,39,36 - 40 tahun,3 tahun s/d 4 tahun 11 bulan,1 minggu sekali,Menikah,2 anak,SLTA,Wiraswasta/Pengusaha/Pedagang,A1.3 : Rp 9.000.001- Rp 10.500.000,Rp 15.000.001- Rp 20.000.000,10.0,6.0,6.0,Promoter,6.0,1.0,5.0,Unknown,,,6.0,6.0,6.0,6.0,6.0,6.0,,6.0,6.0,6.0,6.0,6.0,6.0,6.0,6.0,6.0,1.0,1.0,1.0,1.0,1.0,1.0,1.0
198124884,Jawa Barat,Bandung Barat,Bandung Barat 1,CS (KUOTA 50%),Wanita,35,31 - 35 tahun,5 tahun atau lebih,1 minggu 2 kali atau lebih,Menikah,2 anak,Sarjana (S1),Pegawai/Karyawan Swasta,A1 : Rp. 4.500.000 - Rp 6.000.000,Rp. 4.500.000 - Rp 6.000.000,10.0,6.0,6.0,Promoter,5.888888888888889,1.0,4.888888888888889,Loyal Champion,4.0,3.0,6.0,6.0,6.0,6.0,6.0,,6.0,5.0,6.0,6.0,6.0,6.0,6.0,6.0,6.0,6.0,1.0,1.0,1.0,1.0,1.0,1.0,1.0
198124954,Jawa Tengah,Surakarta,Surakarta 1,Teller (KUOTA 50%),Pria,38,36 - 40 tahun,1 tahun s/d 2 tahun 11 bulan,2 minggu sekali,Menikah,2 anak,Sarjana (S1),Wiraswasta/Pengusaha/Pedagang,A1.4 : Rp 10.500.0001 - Rp 15.000.000,Di atas Rp 25.000.000,9.0,5.0,5.0,Promoter,6.0,1.0,5.0,Unknown,,,6.0,5.0,6.0,6.0,6.0,6.0,,6.0,6.0,6.0,6.0,6.0,6.0,6.0,6.0,6.0,1.0,1.0,1.0,1.0,1.0,1.0,1.0
198124995,Riau,Pekanbaru,Pekanbaru 1,CS (KUOTA 50%),Pria,34,31 - 35 tahun,3 tahun s/d 4 tahun 11 bulan,1 minggu sekali,Duda / Janda,2 anak,SLTA,Pegawai/Karyawan Swasta,C1 : Rp. 1.500.001 - Rp. 2.000.000,Rp. 3.000.001 - Rp. 4.500.000,10.0,5.0,6.0,Promoter,5.0,1.0,4.0,Unknown,,,5.0,5.0,5.0,5.0,5.0,,5.0,5.0,5.0,5.0,5.0,5.0,5.0,5.0,5.0,5.0,1.0,1.0,1.0,1.0,1.0,1.0,1.0
198125014,DKI Jakarta,Jakarta Barat,Jakarta Barat 4,CS (KUOTA 50%),Pria,40,36 - 40 tahun,5 tahun atau lebih,1 minggu sekali,Menikah,2 anak,Akademi/D3,Wiraswasta/Pengusaha/Pedagang,A1.3 : Rp 9.000.001- Rp 10.500.000,Rp 15.000.001- Rp 20.000.000,9.0,6.0,5.0,Promoter,5.777777777777778,1.2857142857142858,4.492063492063492,Satisfied,4.0,,6.0,6.0,6.0,6.0,6.0,,5.0,6.0,5.0,6.0,6.0,6.0,6.0,5.0,6.0,6.0,1.0,2.0,1.0,1.0,1.0,2.0,1.0
198125019,Jawa Barat,Bandung,Bandung 11,CS (KUOTA 50%),Wanita,31,31 - 35 tahun,5 tahun atau lebih,1 bulan sekali,Menikah,1 anak,Akademi/D3,Pegawai/Karyawan Swasta,A2 : Rp. 3.000.001 - Rp. 4.500.000,Rp 6.000.001 - Rp 7.500.000,10.0,6.0,6.0,Promoter,6.0,1.0,5.0,Satisfied,4.0,,6.0,6.0,6.0,6.0,6.0,,6.0,6.0,6.0,6.0,6.0,6.0,6.0,6.0,6.0,6.0,1.0,1.0,1.0,1.0,1.0,1.0,1.0
198125063,Jawa Barat,Sukabumi,Sukabumi 4,Teller (KUOTA 50%),Pria,25,20 - 25 tahun,1 tahun s/d 2 tahun 11 bulan,1 minggu 2 kali atau lebih,Menikah,Tidak memiliki anak,Sarjana (S1),Tenaga Honorer,B : Rp. 2.000.001 - Rp. 3.000.000,Rp. 2.000.001 - Rp. 3.000.000,9.0,6.0,6.0,Promoter,5.555555555555555,1.0,4.555555555555555,Unknown,,3.0,6.0,6.0,6.0,6.0,6.0,6.0,6.0,5.0,6.0,6.0,6.0,5.0,5.0,5.0,6.0,6.0,1.0,1.0,1.0,1.0,1.0,1.0,1.0
198125064,Jawa Barat,Sukabumi,Sukabumi 4,CS (KUOTA 50%),Pria,47,46 - 50 tahun,1 tahun s/d 2 tahun 11 bulan,1 minggu 2 kali atau lebih,Menikah,3 anak,Sarjana (S1),Pegawai Negeri Sipil (Bukan Guru),A1.2 : Rp 7.500.001- Rp 9.000.000,Rp. 4.500.000 - Rp 6.000.000,10.0,6.0,6.0,Promoter,6.0,2.4285714285714284,3.5714285714285716,Unknown,,3.0,6.0,6.0,6.0,6.0,6.0,,6.0,6.0,6.0,6.0,6.0,6.0,6.0,6.0,6.0,6.0,6.0,1.0,1.0,1.0,6.0,1.0,1.0
198125065,Jawa Barat,Sukabumi,Sukabumi 4,Teller (KUOTA 50%),Pria,30,26 - 30 tahun,1 tahun s/d 2 tahun 11 bulan,1 minggu 2 kali atau lebih,Menikah,1 anak,Sarjana (S1),Pegawai/Karyawan Swasta,B : Rp. 2.000.001 - Rp. 3.000.000,Rp. 4.500.000 - Rp 6.000.000,8.0,6.0,6.0,Passive,5.555555555555555,2.4285714285714284,3.126984126984127,Unknown,,3.0,5.0,5.0,6.0,6.0,6.0,6.0,,5.0,6.0,6.0,6.0,6.0,5.0,5.0,5.0,6.0,1.0,1.0,1.0,6.0,1.0,1.0,6.0
198125067,Jawa Barat,Sukabumi,Sukabumi 4,CS (KUOTA 50%),Wanita,17,17 -19 tahun,1 tahun s/d 2 tahun 11 bulan,2 minggu sekali,Belum menikah,Tidak memiliki anak,SLTA,Tenaga Honorer,C2 : Rp. 1.000.001 - Rp. 1.500.000,Rp. 3.000.001 - Rp. 4.500.000,10.0,6.0,6.0,Promoter,6.0,1.0,5.0,Unknown,,,6.0,6.0,6.0,6.0,6.0,,6.0,6.0,6.0,6.0,6.0,6.0,6.0,6.0,6.0,6.0,1.0,1.0,1.0,1.0,1.0,1.0,1.0
198125068,Jawa Barat,Sukabumi,Sukabumi 4,Teller (KUOTA 50%),Wanita,21,20 - 25 tahun,3 tahun s/d 4 tahun 11 bulan,1 bulan sekali,Belum menikah,Tidak memiliki anak,SLTA,Mahasiswa/i,C2 : Rp. 1.000.001 - Rp. 1.500.000,Rp. 4.500.000 - Rp 6.000.000,9.0,6.0,6.0,Promoter,5.666666666666667,1.0,4.666666666666667,Unknown,,,6.0,6.0,6.0,6.0,6.0,6.0,,6.0,5.0,6.0,6.0,6.0,5.0,6.0,5.0,6.0,1.0,1.0,1.0,1.0,1.0,1.0,1.0
198125069,Jawa Barat,Sukabumi,Sukabumi 4,CS (KUOTA 50%),Pria,37,36 - 40 tahun,3 tahun s/d 4 tahun 11 bulan,1 minggu 2 kali atau lebih,Menikah,2 anak,SLTA,Wiraswasta/Pengusaha/Pedagang,A2 : Rp. 3.000.001 - Rp. 4.500.000,Rp. 4.500.000 - Rp 6.000.000,10.0,6.0,6.0,Promoter,6.0,1.0,5.0,Unknown,,3.0,6.0,6.0,6.0,6.0,6.0,,6.0,6.0,6.0,6.0,6.0,6.0,6.0,6.0,6.0,6.0,1.0,1.0,1.0,1.0,1.0,1.0,1.0
198125070,Jawa Barat,Sukabumi,Sukabumi 4,CS (KUOTA 50%),Wanita,23,20 - 25 tahun,1 tahun s/d 2 tahun 11 bulan,1 minggu 2 kali atau lebih,Belum menikah,Tidak memiliki anak,Sarjana (S1),Pegawai/Karyawan Swasta,C2 : Rp. 1.000.001 - Rp. 1.500.000,Rp. 3.000.001 - Rp. 4.500.000,10.0,6.0,6.0,Promoter,6.0,1.0,5.0,Unknown,,3.0,6.0,5.0,6.0,6.0,6.0,,6.0,6.0,6.0,6.0,6.0,6.0,6.0,6.0,6.0,6.0,1.0,1.0,1.0,1.0,1.0,1.0,1.0
198125071,Jawa Barat,Sukabumi,Sukabumi 4,CS (KUOTA 50%),Wanita,40,36 - 40 tahun,3 tahun s/d 4 tahun 11 bulan,1 bulan sekali,Menikah,3 anak,Sarjana (S1),Pegawai Negeri Sipil (Guru),A1 : Rp. 4.500.000 - Rp 6.000.000,Rp 6.000.001 - Rp 7.500.000,9.0,6.0,6.0,Promoter,6.0,1.7142857142857142,4.285714285714286,Unknown,,,5.0,5.0,6.0,5.0,6.0,,5.0,6.0,6.0,6.0,6.0,6.0,6.0,6.0,6.0,6.0,1.0,1.0,1.0,1.0,6.0,1.0,1.0
198125072,Jawa Barat,Sukabumi,Sukabumi 4,CS (KUOTA 50%),Pria,39,36 - 40 tahun,5 tahun atau lebih,1 minggu 2 kali atau lebih,Menikah,2 anak,Sarjana (S1),Guru (Non PNS),B : Rp. 2.000.001 - Rp. 3.000.000,Rp. 3.000.001 - Rp. 4.500.000,10.0,6.0,6.0,Promoter,5.222222222222222,1.0,4.222222222222222,Loyal Champion,4.0,3.0,5.0,6.0,6.0,6.0,6.0,,6.0,5.0,5.0,5.0,5.0,6.0,5.0,5.0,6.0,5.0,1.0,1.0,1.0,1.0,1.0,1.0,1.0
198125098,Jawa Barat,Bandung,Bandung 16,Teller (KUOTA 50%),Pria,35,31 - 35 tahun,5 tahun atau lebih,1 minggu 2 kali atau lebih,Menikah,1 anak,SLTA,Wiraswasta/Pengusaha/Pedagang,A2 : Rp. 3.000.001 - Rp. 4.500.000,Rp. 4.500.000 - Rp 6.000.000,10.0,6.0,6.0,Promoter,6.0,1.7142857142857142,4.285714285714286,Loyal Champion,4.0,3.0,6.0,6.0,6.0,6.0,6.0,6.0,,6.0,6.0,6.0,6.0,6.0,6.0,6.0,6.0,6.0,1.0,1.0,1.0,1.0,6.0,1.0,1.0
198125165,Sulawesi Selatan,Makassar,Makassar 1,CS (KUOTA 50%),Wanita,35,31 - 35 tahun,1 tahun s/d 2 tahun 11 bulan,1 bulan sekali,Menikah,2 anak,Sarjana (S1),Ibu Rumah Tangga,A1.1 : Rp 6.000.001 - Rp 7.500.000,Rp 9.000.001- Rp 10.500.000,10.0,6.0,6.0,Promoter,6.0,1.2857142857142858,4.714285714285714,Unknown,,,6.0,6.0,6.0,6.0,6.0,6.0,6.0,6.0,6.0,6.0,6.0,6.0,6.0,6.0,6.0,6.0,1.0,1.0,1.0,1.0,1.0,1.0,3.0
198125389,Banten,Pandeglang,Pandeglang 1,CS (KUOTA 50%),Wanita,40,36 - 40 tahun,5 tahun atau lebih,1 minggu 2 kali atau lebih,Menikah,> 4 anak,Sarjana (S1),Tenaga Honorer,A1 : Rp. 4.500.000 - Rp 6.000.000,Rp. 4.500.000 - Rp 6.000.000,10.0,6.0,6.0,Promoter,6.0,1.0,5.0,Loyal Champion,4.0,3.0,6.0,6.0,6.0,6.0,6.0,,6.0,6.0,6.0,6.0,6.0,6.0,6.0,6.0,6.0,6.0,1.0,1.0,1.0,1.0,1.0,1.0,1.0
198125512,Banten,Lebak,Lebak 2,Teller (KUOTA 50%),Wanita,50,46 - 50 tahun,5 tahun atau lebih,2 minggu sekali,Menikah,2 anak,Akademi/D3,Ibu Rumah Tangga,B : Rp. 2.000.001 - Rp. 3.000.000,Rp. 2.000.001 - Rp. 3.000.000,5.0,6.0,5.0,Detractor,5.0,4.857142857142857,0.14285714285714324,At Risk,4.0,,6.0,5.0,6.0,5.0,6.0,6.0,,5.0,5.0,5.0,5.0,5.0,5.0,5.0,5.0,5.0,5.0,5.0,5.0,5.0,5.0,4.0,5.0
198125560,Jawa Barat,Tasikmalaya,Tasikmalaya 1,CS (KUOTA 50%),Wanita,35,31 - 35 tahun,3 tahun s/d 4 tahun 11 bulan,1 bulan sekali,Menikah,2 anak,SLTA,Tenaga Honorer,B : Rp. 2.000.001 - Rp. 3.000.000,Rp. 3.000.001 - Rp. 4.500.000,10.0,6.0,6.0,Promoter,6.0,1.0,5.0,Unknown,,,6.0,6.0,6.0,6.0,6.0,6.0,6.0,6.0,6.0,6.0,6.0,6.0,6.0,6.0,6.0,6.0,1.0,1.0,1.0,1.0,1.0,1.0,1.0
198125722,Jawa Barat,Tasikmalaya,Tasikmalaya 1,CS (KUOTA 50%),Pria,38,36 - 40 tahun,5 tahun atau lebih,1 minggu 2 kali atau lebih,Menikah,2 anak,SLTA,Pegawai/Karyawan Swasta,B : Rp. 2.000.001 - Rp. 3.000.000,Rp. 3.000.001 - Rp. 4.500.000,10.0,6.0,6.0,Promoter,6.0,1.0,5.0,Loyal Champion,4.0,3.0,6.0,6.0,6.0,6.0,6.0,,6.0,6.0,6.0,6.0,6.0,6.0,6.0,6.0,6.0,6.0,1.0,1.0,1.0,1.0,1.0,1.0,1.0
198125862,Jawa Barat,Bandung,Bandung 16,CS (KUOTA 50%),Wanita,25,20 - 25 tahun,5 tahun atau lebih,1 minggu 2 kali atau lebih,Menikah,Tidak memiliki anak,Sarjana (S1),Guru (Non PNS),B : Rp. 2.000.001 - Rp. 3.000.000,Rp. 3.000.001 - Rp. 4.500.000,10.0,6.0,6.0,Promoter,6.0,1.7142857142857142,4.285714285714286,Loyal Champion,4.0,3.0,6.0,6.0,6.0,6.0,6.0,,6.0,6.0,6.0,6.0,6.0,6.0,6.0,6.0,6.0,6.0,1.0,1.0,1.0,1.0,6.0,1.0,1.0
198125867,Jawa Barat,Pangandaran,Pangandaran 1,CS (KUOTA 50%),Wanita,50,46 - 50 tahun,5 tahun atau lebih,1 bulan sekali,Menikah,2 anak,Sarjana (S1),Pegawai Negeri Sipil (Guru),A1 : Rp. 4.500.000 - Rp 6.000.000,Rp 10.500.0001 - Rp 15.000.000,10.0,6.0,6.0,Promoter,6.0,1.0,5.0,Satisfied,4.0,,6.0,5.0,6.0,6.0,6.0,,6.0,6.0,6.0,6.0,6.0,6.0,6.0,6.0,6.0,6.0,1.0,1.0,1.0,1.0,1.0,1.0,1.0
198125872,Jawa Barat,Sumedang,Sumedang 1,CS (KUOTA 50%),Wanita,36,36 - 40 tahun,3 tahun s/d 4 tahun 11 bulan,2 minggu sekali,Menikah,2 anak,SLTA,Ibu Rumah Tangga,A2 : Rp. 3.000.001 - Rp. 4.500.000,Rp. 4.500.000 - Rp 6.000.000,8.0,5.0,6.0,Passive,5.444444444444445,1.1428571428571428,4.301587301587302,Unknown,,,6.0,6.0,6.0,5.0,6.0,,5.0,5.0,5.0,6.0,6.0,6.0,5.0,6.0,5.0,5.0,1.0,1.0,1.0,1.0,2.0,1.0,1.0
198125873,Jawa Barat,Sumedang,Sumedang 1,Teller (KUOTA 50%),Wanita,28,26 - 30 tahun,3 tahun s/d 4 tahun 11 bulan,1 minggu sekali,Menikah,1 anak,Sarjana (S1),Perangkat Desa (Camat/Lurah/RW),B : Rp. 2.000.001 - Rp. 3.000.000,Rp. 4.500.000 - Rp 6.000.000,9.0,5.0,6.0,Promoter,6.0,1.0,5.0,Unknown,,,6.0,5.0,6.0,5.0,6.0,6.0,,6.0,6.0,6.0,6.0,6.0,6.0,6.0,6.0,6.0,1.0,1.0,1.0,1.0,1.0,1.0,1.0
198125959,Banten,Pandeglang,Pandeglang 1,CS (KUOTA 50%),Wanita,47,46 - 50 tahun,3 tahun s/d 4 tahun 11 bulan,2 minggu sekali,Menikah,2 anak,SLTA,Wiraswasta/Pengusaha/Pedagang,A2 : Rp. 3.000.001 - Rp. 4.500.000,Rp 6.000.001 - Rp 7.500.000,10.0,6.0,6.0,Promoter,6.0,1.0,5.0,Unknown,,,6.0,6.0,6.0,6.0,6.0,6.0,6.0,6.0,6.0,6.0,6.0,6.0,6.0,6.0,6.0,6.0,1.0,1.0,1.0,1.0,1.0,1.0,1.0
198125983,Bali,Denpasar,Denpasar 2,CS (KUOTA 50%),Wanita,41,41 - 45 tahun,1 tahun s/d 2 tahun 11 bulan,1 minggu sekali,Menikah,1 anak,SLTA,Wiraswasta/Pengusaha/Pedagang,A2 : Rp. 3.000.001 - Rp. 4.500.000,Rp 6.000.001 - Rp 7.500.000,10.0,6.0,6.0,Promoter,6.0,1.0,5.0,Unknown,,,6.0,6.0,6.0,6.0,6.0,6.0,6.0,6.0,6.0,6.0,6.0,6.0,6.0,6.0,6.0,6.0,1.0,1.0,1.0,1.0,1.0,1.0,1.0
198126021,Jawa Tengah,Tegal,Tegal 1,Teller (KUOTA 50%),Pria,34,31 - 35 tahun,5 tahun atau lebih,1 minggu 2 kali atau lebih,Menikah,1 anak,Sarjana (S1),Wiraswasta/Pengusaha/Pedagang,A1.1 : Rp 6.000.001 - Rp 7.500.000,Rp 10.500.0001 - Rp 15.000.000,10.0,6.0,6.0,Promoter,6.0,1.0,5.0,Loyal Champion,4.0,3.0,6.0,6.0,6.0,6.0,6.0,6.0,,6.0,6.0,6.0,6.0,6.0,6.0,6.0,6.0,6.0,1.0,1.0,1.0,1.0,1.0,1.0,1.0
198126128,Jawa Barat,Indramayu,Indramayu 4,Teller (KUOTA 50%),Wanita,21,20 - 25 tahun,1 tahun s/d 2 tahun 11 bulan,1 minggu sekali,Belum menikah,Tidak memiliki anak,SLTA,Mahasiswa/i,A2 : Rp. 3.000.001 - Rp. 4.500.000,Rp. 3.000.001 - Rp. 4.500.000,10.0,6.0,6.0,Promoter,6.0,1.0,5.0,Unknown,,,6.0,6.0,6.0,6.0,6.0,6.0,,6.0,6.0,6.0,6.0,6.0,6.0,6.0,6.0,6.0,1.0,1.0,1.0,1.0,1.0,1.0,1.0
198126191,Bali,Denpasar,Denpasar 2,Teller (KUOTA 50%),Pria,35,31 - 35 tahun,3 tahun s/d 4 tahun 11 bulan,2 minggu sekali,Menikah,1 anak,Sarjana (S1),Pegawai/Karyawan Swasta,A1.1 : Rp 6.000.001 - Rp 7.500.000,Rp 6.000.001 - Rp 7.500.000,10.0,6.0,6.0,Promoter,5.0,4.857142857142857,0.14285714285714324,Unknown,,,5.0,5.0,5.0,5.0,5.0,5.0,5.0,5.0,5.0,5.0,5.0,5.0,5.0,5.0,5.0,5.0,5.0,4.0,5.0,5.0,5.0,5.0,5.0
198126217,Jawa Barat,Tasikmalaya,Tasikmalaya 1,CS (KUOTA 50%),Pria,21,20 - 25 tahun,1 tahun s/d 2 tahun 11 bulan,1 bulan sekali,Belum menikah,Tidak memiliki anak,SLTA,Polisi / Tentara / Militer,A2 : Rp. 3.000.001 - Rp. 4.500.000,Rp. 3.000.001 - Rp. 4.500.000,10.0,6.0,6.0,Promoter,6.0,1.0,5.0,Unknown,,,6.0,6.0,6.0,6.0,6.0,6.0,6.0,6.0,6.0,6.0,6.0,6.0,6.0,6.0,6.0,6.0,1.0,1.0,1.0,1.0,1.0,1.0,1.0
198126249,Jawa Tengah,Surakarta,Surakarta 1,Teller (KUOTA 50%),Pria,42,41 - 45 tahun,5 tahun atau lebih,1 minggu sekali,Menikah,2 anak,SLTA,Pegawai/Karyawan Swasta,B : Rp. 2.000.001 - Rp. 3.000.000,Rp. 2.000.001 - Rp. 3.000.000,10.0,6.0,6.0,Promoter,6.0,1.7142857142857142,4.285714285714286,Satisfied,4.0,,6.0,6.0,6.0,6.0,6.0,6.0,6.0,6.0,6.0,6.0,6.0,6.0,6.0,6.0,6.0,6.0,1.0,1.0,1.0,1.0,1.0,6.0,1.0
198126254,Sulawesi Selatan,Makassar,Makassar 1,Teller (KUOTA 50%),Pria,35,31 - 35 tahun,1 tahun s/d 2 tahun 11 bulan,1 minggu sekali,Menikah,2 anak,Sarjana (S1),Pegawai/Karyawan Swasta,A1 : Rp. 4.500.000 - Rp 6.000.000,Rp 6.000.001 - Rp 7.500.000,9.0,6.0,6.0,Promoter,6.0,1.0,5.0,Unknown,,,6.0,6.0,6.0,6.0,6.0,6.0,,6.0,6.0,6.0,6.0,6.0,6.0,6.0,6.0,6.0,1.0,1.0,1.0,1.0,1.0,1.0,1.0
198126263,Banten,Pandeglang,Pandeglang 1,CS (KUOTA 50%),Pria,28,26 - 30 tahun,5 tahun atau lebih,1 minggu 2 kali atau lebih,Menikah,2 anak,Sarjana (S1),Wiraswasta/Pengusaha/Pedagang,A1.1 : Rp 6.000.001 - Rp 7.500.000,Rp 6.000.001 - Rp 7.500.000,10.0,6.0,6.0,Promoter,6.0,1.0,5.0,Loyal Champion,4.0,3.0,6.0,6.0,6.0,6.0,6.0,,6.0,6.0,6.0,6.0,6.0,6.0,6.0,6.0,6.0,6.0,1.0,1.0,1.0,1.0,1.0,1.0,1.0
198126348,Jawa Tengah,Surakarta,Surakarta 1,CS (KUOTA 50%),Pria,35,31 - 35 tahun,3 tahun s/d 4 tahun 11 bulan,1 minggu 2 kali atau lebih,Menikah,2 anak,SLTA,Pegawai/Karyawan Swasta,A1 : Rp. 4.500.000 - Rp 6.000.000,Rp 6.000.001 - Rp 7.500.000,9.0,6.0,6.0,Promoter,6.0,1.0,5.0,Unknown,,3.0,6.0,5.0,6.0,6.0,6.0,,6.0,6.0,6.0,6.0,6.0,6.0,6.0,6.0,6.0,6.0,1.0,1.0,1.0,1.0,1.0,1.0,1.0
198126527,Banten,Lebak,Lebak 2,CS (KUOTA 50%),Pria,42,41 - 45 tahun,5 tahun atau lebih,1 minggu 2 kali atau lebih,Menikah,4 anak,SLTA,Tenaga Honorer,A1 : Rp. 4.500.000 - Rp 6.000.000,Rp. 1.000.001 - Rp. 1.500.000,5.0,5.0,5.0,Detractor,5.0,2.7142857142857144,2.2857142857142856,At Risk,4.0,3.0,5.0,5.0,5.0,5.0,6.0,,6.0,5.0,5.0,5.0,5.0,5.0,5.0,5.0,5.0,5.0,5.0,2.0,2.0,5.0,2.0,1.0,2.0
198126603,Banten,Pandeglang,Pandeglang 1,CS (KUOTA 50%),Pria,49,46 - 50 tahun,5 tahun atau lebih,1 minggu 2 kali atau lebih,Menikah,3 anak,Sarjana (S1),Wiraswasta/Pengusaha/Pedagang,A1.3 : Rp 9.000.001- Rp 10.500.000,Rp 10.500.0001 - Rp 15.000.000,10.0,6.0,6.0,Promoter,6.0,1.0,5.0,Loyal Champion,4.0,3.0,6.0,6.0,6.0,6.0,6.0,,6.0,6.0,6.0,6.0,6.0,6.0,6.0,6.0,6.0,6.0,1.0,1.0,1.0,1.0,1.0,1.0,1.0
198126660,Kepulauan Riau,Batam,Batam 1,CS (KUOTA 50%),Wanita,50,46 - 50 tahun,1 tahun s/d 2 tahun 11 bulan,1 bulan sekali,Duda / Janda,1 anak,Akademi/D3,Wiraswasta/Pengusaha/Pedagang,A1 : Rp. 4.500.000 - Rp 6.000.000,Rp 15.000.001- Rp 20.000.000,7.0,6.0,6.0,Passive,4.777777777777778,1.1428571428571428,3.634920634920635,Unknown,,,5.0,5.0,5.0,5.0,5.0,,6.0,5.0,5.0,5.0,4.0,5.0,5.0,5.0,5.0,4.0,1.0,1.0,1.0,1.0,1.0,1.0,2.0
198126694,Jawa Barat,Tasikmalaya,Tasikmalaya 1,CS (KUOTA 50%),Wanita,48,46 - 50 tahun,5 tahun atau lebih,1 minggu 2 kali atau lebih,Menikah,2 anak,Sarjana (S1),Pegawai Negeri Sipil (Guru),A2 : Rp. 3.000.001 - Rp. 4.500.000,Rp 7.500.001- Rp 9.000.000,10.0,6.0,6.0,Promoter,6.0,1.0,5.0,Loyal Champion,4.0,3.0,6.0,6.0,6.0,6.0,6.0,,6.0,6.0,6.0,6.0,6.0,6.0,6.0,6.0,6.0,6.0,1.0,1.0,1.0,1.0,1.0,1.0,1.0
198126799,Jawa Barat,Indramayu,Indramayu 4,CS (KUOTA 50%),Wanita,20,20 - 25 tahun,1 tahun s/d 2 tahun 11 bulan,1 minggu sekali,Belum menikah,Tidak memiliki anak,SLTA,Mahasiswa/i,A2 : Rp. 3.000.001 - Rp. 4.500.000,Rp. 3.000.001 - Rp. 4.500.000,10.0,6.0,6.0,Promoter,6.0,1.0,5.0,Unknown,,,6.0,6.0,6.0,6.0,6.0,,6.0,6.0,6.0,6.0,6.0,6.0,6.0,6.0,6.0,6.0,1.0,1.0,1.0,1.0,1.0,1.0,1.0
198126846,Jawa Barat,Pangandaran,Pangandaran 1,CS (KUOTA 50%),Pria,30,26 - 30 tahun,5 tahun atau lebih,1 bulan sekali,Menikah,1 anak,Sarjana (S1),Guru (Non PNS),B : Rp. 2.000.001 - Rp. 3.000.000,Rp. 3.000.001 - Rp. 4.500.000,9.0,6.0,6.0,Promoter,6.0,1.0,5.0,Satisfied,4.0,,6.0,5.0,6.0,6.0,6.0,,6.0,6.0,6.0,6.0,6.0,6.0,6.0,6.0,6.0,6.0,1.0,1.0,1.0,1.0,1.0,1.0,1.0
198127005,Jawa Tengah,Boyolali,Boyolali 1,Teller (KUOTA 50%),Pria,39,36 - 40 tahun,5 tahun atau lebih,2 minggu sekali,Menikah,2 anak,SLTA,Pegawai/Karyawan Swasta,C2 : Rp. 1.000.001 - Rp. 1.500.000,Rp. 3.000.001 - Rp. 4.500.000,8.0,6.0,6.0,Passive,6.0,1.0,5.0,Passive,4.0,,6.0,5.0,6.0,6.0,6.0,6.0,,6.0,6.0,6.0,6.0,6.0,6.0,6.0,6.0,6.0,1.0,1.0,1.0,1.0,1.0,1.0,1.0
198127038,Jawa Tengah,Pekalongan,Pekalongan 1,Teller (KUOTA 50%),Wanita,48,46 - 50 tahun,3 tahun s/d 4 tahun 11 bulan,1 minggu sekali,Duda / Janda,3 anak,SLTP,Wiraswasta/Pengusaha/Pedagang,A2 : Rp. 3.000.001 - Rp. 4.500.000,Rp 7.500.001- Rp 9.000.000,10.0,6.0,6.0,Promoter,5.888888888888889,1.0,4.888888888888889,Unknown,,,6.0,6.0,6.0,6.0,6.0,6.0,,6.0,6.0,6.0,6.0,6.0,6.0,5.0,6.0,6.0,1.0,1.0,1.0,1.0,1.0,1.0,1.0
198127045,Jawa Tengah,Boyolali,Boyolali 1,Teller (KUOTA 50%),Pria,39,36 - 40 tahun,1 tahun s/d 2 tahun 11 bulan,1 bulan sekali,Menikah,Tidak memiliki anak,Sarjana (S1),Pegawai/Karyawan Swasta,C1 : Rp. 1.500.001 - Rp. 2.000.000,Rp. 2.000.001 - Rp. 3.000.000,7.0,5.0,4.0,Passive,4.888888888888889,1.0,3.8888888888888893,Unknown,,,6.0,5.0,5.0,5.0,6.0,6.0,,5.0,4.0,6.0,6.0,5.0,4.0,6.0,4.0,4.0,1.0,1.0,1.0,1.0,1.0,1.0,1.0
198127065,Banten,Pandeglang,Pandeglang 1,CS (KUOTA 50%),Wanita,27,26 - 30 tahun,1 tahun s/d 2 tahun 11 bulan,2 minggu sekali,Menikah,Tidak memiliki anak,Sarjana (S1),Pegawai Negeri Sipil (Bukan Guru),B : Rp. 2.000.001 - Rp. 3.000.000,Rp. 3.000.001 - Rp. 4.500.000,9.0,6.0,6.0,Promoter,5.888888888888889,1.0,4.888888888888889,Unknown,,,6.0,5.0,6.0,6.0,6.0,,6.0,6.0,6.0,6.0,6.0,6.0,6.0,6.0,6.0,5.0,1.0,1.0,1.0,1.0,1.0,1.0,1.0
198127195,Jawa Barat,Bandung,Bandung 1,Teller (KUOTA 50%),Pria,30,26 - 30 tahun,5 tahun atau lebih,1 bulan sekali,Menikah,Tidak memiliki anak,Sarjana (S1),Pegawai/Karyawan Swasta,A1 : Rp. 4.500.000 - Rp 6.000.000,Rp 9.000.001- Rp 10.500.000,10.0,6.0,6.0,Promoter,6.0,1.0,5.0,Satisfied,4.0,,6.0,6.0,6.0,6.0,6.0,6.0,,6.0,6.0,6.0,6.0,6.0,6.0,6.0,6.0,6.0,1.0,1.0,1.0,1.0,1.0,1.0,1.0
198127497,Jawa Barat,Kuningan,Kuningan 1,CS (KUOTA 50%),Pria,28,26 - 30 tahun,3 tahun s/d 4 tahun 11 bulan,1 bulan sekali,Belum menikah,Tidak memiliki anak,SLTA,Wiraswasta/Pengusaha/Pedagang,C2 : Rp. 1.000.001 - Rp. 1.500.000,Rp. 2.000.001 - Rp. 3.000.000,10.0,6.0,6.0,Promoter,6.0,1.0,5.0,Unknown,,,6.0,6.0,6.0,6.0,6.0,,6.0,6.0,6.0,6.0,6.0,6.0,6.0,6.0,6.0,6.0,1.0,1.0,1.0,1.0,1.0,1.0,1.0
198127752,Jawa Tengah,Semarang,Semarang 2,CS (KUOTA 50%),Wanita,36,36 - 40 tahun,5 tahun atau lebih,1 bulan sekali,Menikah,2 anak,SLTA,Pegawai/Karyawan Swasta,A2 : Rp. 3.000.001 - Rp. 4.500.000,Rp. 4.500.000 - Rp 6.000.000,8.0,5.0,5.0,Passive,5.0,5.0,0.0,Passive,4.0,,5.0,5.0,5.0,5.0,5.0,,5.0,5.0,5.0,5.0,5.0,5.0,5.0,5.0,5.0,5.0,5.0,5.0,5.0,5.0,5.0,5.0,5.0
198127753,Jawa Tengah,Semarang,Semarang 2,CS (KUOTA 50%),Wanita,36,36 - 40 tahun,5 tahun atau lebih,1 bulan sekali,Menikah,2 anak,SLTA,Pegawai/Karyawan Swasta,A2 : Rp. 3.000.001 - Rp. 4.500.000,Rp. 4.500.000 - Rp 6.000.000,8.0,5.0,5.0,Passive,5.0,5.0,0.0,Passive,4.0,,5.0,5.0,5.0,5.0,5.0,,5.0,5.0,5.0,5.0,5.0,5.0,5.0,5.0,5.0,5.0,5.0,5.0,5.0,5.0,5.0,5.0,5.0
198127754,Jawa Tengah,Semarang,Semarang 2,CS (KUOTA 50%),Pria,22,20 - 25 tahun,1 tahun s/d 2 tahun 11 bulan,1 bulan sekali,Belum menikah,Tidak memiliki anak,SLTA,Pegawai/Karyawan Swasta,A2 : Rp. 3.000.001 - Rp. 4.500.000,Rp. 4.500.000 - Rp 6.000.000,8.0,5.0,5.0,Passive,5.0,5.0,0.0,Unknown,,,5.0,5.0,5.0,5.0,5.0,,5.0,5.0,5.0,5.0,5.0,5.0,5.0,5.0,5.0,5.0,5.0,5.0,5.0,5.0,5.0,5.0,5.0
198127755,Jawa Tengah,Semarang,Semarang 2,Teller (KUOTA 50%),Wanita,39,36 - 40 tahun,1 tahun s/d 2 tahun 11 bulan,1 bulan sekali,Menikah,2 anak,SLTA,Pegawai/Karyawan Swasta,B : Rp. 2.000.001 - Rp. 3.000.000,Rp. 3.000.001 - Rp. 4.500.000,8.0,5.0,5.0,Passive,5.0,5.0,0.0,Unknown,,,5.0,5.0,5.0,5.0,5.0,5.0,,5.0,5.0,5.0,5.0,5.0,5.0,5.0,5.0,5.0,5.0,5.0,5.0,5.0,5.0,5.0,5.0
198127756,Jawa Tengah,Semarang,Semarang 2,Teller (KUOTA 50%),Wanita,33,31 - 35 tahun,5 tahun atau lebih,1 bulan sekali,Menikah,2 anak,SLTA,Pegawai/Karyawan Swasta,B : Rp. 2.000.001 - Rp. 3.000.000,Rp. 3.000.001 - Rp. 4.500.000,8.0,5.0,5.0,Passive,5.0,5.0,0.0,Passive,4.0,,5.0,5.0,5.0,5.0,5.0,5.0,,5.0,5.0,5.0,5.0,5.0,5.0,5.0,5.0,5.0,5.0,5.0,5.0,5.0,5.0,5.0,5.0
198127757,Jawa Tengah,Semarang,Semarang 2,Teller (KUOTA 50%),Pria,36,36 - 40 tahun,1 tahun s/d 2 tahun 11 bulan,1 bulan sekali,Belum menikah,Tidak memiliki anak,SLTA,Pegawai/Karyawan Swasta,B : Rp. 2.000.001 - Rp. 3.000.000,Rp. 3.000.001 - Rp. 4.500.000,8.0,5.0,5.0,Passive,5.0,5.0,0.0,Unknown,,,5.0,5.0,5.0,5.0,5.0,5.0,,5.0,5.0,5.0,5.0,5.0,5.0,5.0,5.0,5.0,5.0,5.0,5.0,5.0,5.0,5.0,5.0
198127816,Jawa Barat,Bandung,Bandung 8,CS (KUOTA 50%),Wanita,32,31 - 35 tahun,3 tahun s/d 4 tahun 11 bulan,2 minggu sekali,Menikah,1 anak,Sarjana (S1),Pegawai/Karyawan Swasta,B : Rp. 2.000.001 - Rp. 3.000.000,Rp. 3.000.001 - Rp. 4.500.000,10.0,6.0,6.0,Promoter,6.0,1.0,5.0,Unknown,,,6.0,6.0,6.0,6.0,6.0,,6.0,6.0,6.0,6.0,6.0,6.0,6.0,6.0,6.0,6.0,1.0,1.0,1.0,1.0,1.0,1.0,1.0
198127817,Jawa Barat,Bandung,Bandung 8,Teller (KUOTA 50%),Wanita,50,46 - 50 tahun,5 tahun atau lebih,2 minggu sekali,Duda / Janda,3 anak,Sarjana (S1),Pegawai Negeri Sipil (Guru),A2 : Rp. 3.000.001 - Rp. 4.500.000,Rp 7.500.001- Rp 9.000.000,8.0,6.0,6.0,Passive,6.0,1.0,5.0,Passive,4.0,,6.0,6.0,6.0,6.0,6.0,6.0,,6.0,6.0,6.0,6.0,6.0,6.0,6.0,6.0,6.0,1.0,1.0,1.0,1.0,1.0,1.0,1.0
198127818,Jawa Barat,Bandung,Bandung 8,CS (KUOTA 50%),Pria,50,46 - 50 tahun,5 tahun atau lebih,1 minggu sekali,Menikah,Tidak memiliki anak,SLTA,Pegawai Negeri Sipil (Bukan Guru),B : Rp. 2.000.001 - Rp. 3.000.000,Rp 9.000.001- Rp 10.500.000,10.0,6.0,6.0,Promoter,6.0,1.0,5.0,Satisfied,4.0,,6.0,6.0,6.0,6.0,6.0,,6.0,6.0,6.0,6.0,6.0,6.0,6.0,6.0,6.0,6.0,1.0,1.0,1.0,1.0,1.0,1.0,1.0
198127926,Riau,Pekanbaru,Pekanbaru 1,CS (KUOTA 50%),Wanita,33,31 - 35 tahun,1 tahun s/d 2 tahun 11 bulan,1 minggu sekali,Belum menikah,Tidak memiliki anak,Sarjana (S1),Pegawai/Karyawan Swasta,A1.1 : Rp 6.000.001 - Rp 7.500.000,Rp 10.500.0001 - Rp 15.000.000,8.0,6.0,5.0,Passive,4.777777777777778,4.142857142857143,0.6349206349206344,Unknown,,,6.0,5.0,4.0,6.0,5.0,,5.0,5.0,5.0,5.0,5.0,5.0,4.0,4.0,5.0,5.0,5.0,3.0,3.0,3.0,4.0,5.0,6.0
198127988,Bali,Denpasar,Denpasar 2,CS (KUOTA 50%),Wanita,20,20 - 25 tahun,1 tahun s/d 2 tahun 11 bulan,1 minggu sekali,Belum menikah,Tidak memiliki anak,SLTA,Pegawai/Karyawan Swasta,A1.3 : Rp 9.000.001- Rp 10.500.000,Rp 7.500.001- Rp 9.000.000,10.0,6.0,6.0,Promoter,5.0,5.0,0.0,Unknown,,,5.0,5.0,5.0,5.0,6.0,5.0,5.0,5.0,5.0,5.0,5.0,5.0,5.0,5.0,5.0,5.0,5.0,5.0,5.0,5.0,5.0,5.0,5.0
198128035,DKI Jakarta,Jakarta Barat,Jakarta Barat 3,Teller (KUOTA 50%),Pria,48,46 - 50 tahun,5 tahun atau lebih,1 minggu 2 kali atau lebih,Menikah,1 anak,Akademi/D3,Pegawai/Karyawan Swasta,A1.2 : Rp 7.500.001- Rp 9.000.000,Rp 10.500.0001 - Rp 15.000.000,8.0,6.0,6.0,Passive,6.0,3.7142857142857144,2.2857142857142856,Passive,4.0,3.0,6.0,6.0,6.0,6.0,6.0,6.0,6.0,6.0,6.0,6.0,6.0,6.0,6.0,6.0,6.0,6.0,6.0,1.0,6.0,1.0,6.0,1.0,5.0
198128050,Jawa Barat,Tasikmalaya,Tasikmalaya 1,CS (KUOTA 50%),Wanita,49,46 - 50 tahun,5 tahun atau lebih,1 bulan sekali,Menikah,> 4 anak,SD,Ibu Rumah Tangga,B : Rp. 2.000.001 - Rp. 3.000.000,Rp. 2.000.001 - Rp. 3.000.000,10.0,6.0,6.0,Promoter,6.0,1.0,5.0,Satisfied,4.0,,6.0,6.0,6.0,6.0,6.0,6.0,6.0,6.0,6.0,6.0,6.0,6.0,6.0,6.0,6.0,6.0,1.0,1.0,1.0,1.0,1.0,1.0,1.0
198128188,Kepulauan Riau,Batam,Batam 1,CS (KUOTA 50%),Pria,50,46 - 50 tahun,5 tahun atau lebih,1 bulan sekali,Menikah,2 anak,SLTA,Wiraswasta/Pengusaha/Pedagang,A1.3 : Rp 9.000.001- Rp 10.500.000,Rp 20.000.001 - Rp 25.000.000,9.0,5.0,6.0,Promoter,4.888888888888889,1.0,3.8888888888888893,Satisfied,4.0,,6.0,6.0,6.0,6.0,6.0,,5.0,4.0,5.0,5.0,5.0,5.0,5.0,5.0,5.0,5.0,1.0,1.0,1.0,1.0,1.0,1.0,1.0
198128217,Jawa Tengah,Pekalongan,Pekalongan 1,CS (KUOTA 50%),Wanita,49,46 - 50 tahun,3 tahun s/d 4 tahun 11 bulan,1 bulan sekali,Duda / Janda,1 anak,Paska Sarjana (S2),Ibu Rumah Tangga,A2 : Rp. 3.000.001 - Rp. 4.500.000,Rp. 4.500.000 - Rp 6.000.000,10.0,6.0,6.0,Promoter,6.0,1.2857142857142858,4.714285714285714,Unknown,,,6.0,6.0,6.0,6.0,6.0,6.0,6.0,6.0,6.0,6.0,6.0,6.0,6.0,6.0,6.0,6.0,1.0,1.0,1.0,1.0,1.0,1.0,3.0
198128274,Kalimantan Timur,Samarinda,Samarinda 1,CS (KUOTA 50%),Pria,25,20 - 25 tahun,1 tahun s/d 2 tahun 11 bulan,1 minggu sekali,Belum menikah,Tidak memiliki anak,SLTA,Pegawai/Karyawan Swasta,B : Rp. 2.000.001 - Rp. 3.000.000,Rp. 2.000.001 - Rp. 3.000.000,10.0,6.0,6.0,Promoter,5.777777777777778,1.0,4.777777777777778,Unknown,,,6.0,6.0,6.0,6.0,6.0,,6.0,6.0,5.0,6.0,6.0,6.0,6.0,6.0,5.0,6.0,1.0,1.0,1.0,1.0,1.0,1.0,1.0
198128340,Sumatera Utara,Medan,Medan 1,Teller (KUOTA 50%),Wanita,47,46 - 50 tahun,5 tahun atau lebih,1 bulan sekali,Menikah,3 anak,Paska Sarjana (S2),Pegawai Negeri Sipil (Bukan Guru),A1.2 : Rp 7.500.001- Rp 9.000.000,Rp 9.000.001- Rp 10.500.000,8.0,6.0,6.0,Passive,5.555555555555555,1.7142857142857142,3.841269841269841,Passive,4.0,,6.0,6.0,6.0,6.0,6.0,6.0,,5.0,6.0,6.0,6.0,6.0,6.0,5.0,5.0,5.0,1.0,2.0,2.0,2.0,2.0,2.0,1.0
198128357,Jawa Tengah,Boyolali,Boyolali 1,Teller (KUOTA 50%),Wanita,48,46 - 50 tahun,5 tahun atau lebih,1 bulan sekali,Menikah,1 anak,Sarjana (S1),Pegawai Negeri Sipil (Guru),A2 : Rp. 3.000.001 - Rp. 4.500.000,Rp 7.500.001- Rp 9.000.000,8.0,6.0,5.0,Passive,6.0,1.0,5.0,Passive,4.0,,6.0,4.0,6.0,6.0,6.0,6.0,,6.0,6.0,6.0,6.0,6.0,6.0,6.0,6.0,6.0,1.0,1.0,1.0,1.0,1.0,1.0,1.0
198128410,Jawa Barat,Tasikmalaya,Tasikmalaya 1,CS (KUOTA 50%),Pria,44,41 - 45 tahun,5 tahun atau lebih,2 minggu sekali,Menikah,2 anak,SLTA,Tenaga Honorer,B : Rp. 2.000.001 - Rp. 3.000.000,Rp. 4.500.000 - Rp 6.000.000,10.0,6.0,6.0,Promoter,6.0,1.0,5.0,Satisfied,4.0,,6.0,6.0,6.0,6.0,6.0,,6.0,6.0,6.0,6.0,6.0,6.0,6.0,6.0,6.0,6.0,1.0,1.0,1.0,1.0,1.0,1.0,1.0
198128451,Jawa Barat,Indramayu,Indramayu 4,CS (KUOTA 50%),Wanita,29,26 - 30 tahun,5 tahun atau lebih,1 minggu sekali,Menikah,2 anak,SLTA,Ibu Rumah Tangga,A2 : Rp. 3.000.001 - Rp. 4.500.000,Rp. 4.500.000 - Rp 6.000.000,10.0,6.0,6.0,Promoter,6.0,1.0,5.0,Satisfied,4.0,,6.0,6.0,6.0,6.0,6.0,,6.0,6.0,6.0,6.0,6.0,6.0,6.0,6.0,6.0,6.0,1.0,1.0,1.0,1.0,1.0,1.0,1.0
198128832,Jawa Barat,Tasikmalaya,Tasikmalaya 1,CS (KUOTA 50%),Wanita,43,41 - 45 tahun,5 tahun atau lebih,1 minggu 2 kali atau lebih,Menikah,2 anak,Sarjana (S1),Pegawai Negeri Sipil (Guru),A1.1 : Rp 6.000.001 - Rp 7.500.000,Rp 7.500.001- Rp 9.000.000,10.0,6.0,6.0,Promoter,6.0,1.0,5.0,Loyal Champion,4.0,3.0,6.0,6.0,6.0,6.0,6.0,6.0,6.0,6.0,6.0,6.0,6.0,6.0,6.0,6.0,6.0,6.0,1.0,1.0,1.0,1.0,1.0,1.0,1.0
198128998,Jawa Barat,Tasikmalaya,Tasikmalaya 1,Teller (KUOTA 50%),Wanita,36,36 - 40 tahun,5 tahun atau lebih,1 minggu 2 kali atau lebih,Menikah,2 anak,Sarjana (S1),Pegawai Negeri Sipil (Guru),A2 : Rp. 3.000.001 - Rp. 4.500.000,Rp. 4.500.000 - Rp 6.000.000,10.0,6.0,6.0,Promoter,6.0,1.0,5.0,Loyal Champion,4.0,3.0,6.0,6.0,6.0,6.0,6.0,6.0,6.0,6.0,6.0,6.0,6.0,6.0,6.0,6.0,6.0,6.0,1.0,1.0,1.0,1.0,1.0,1.0,1.0
198129032,DKI Jakarta,Jakarta Barat,Jakarta Barat 5,CS (KUOTA 50%),Pria,50,46 - 50 tahun,5 tahun atau lebih,1 minggu sekali,Menikah,2 anak,Sarjana (S1),Wiraswasta/Pengusaha/Pedagang,A1.4 : Rp 10.500.0001 - Rp 15.000.000,Rp 20.000.001 - Rp 25.000.000,9.0,6.0,6.0,Promoter,6.0,2.2857142857142856,3.7142857142857144,Satisfied,4.0,,6.0,6.0,6.0,6.0,6.0,,6.0,6.0,6.0,6.0,6.0,6.0,6.0,6.0,6.0,6.0,1.0,1.0,5.0,6.0,1.0,1.0,1.0
198129085,Jawa Barat,Bandung,Bandung 8,Teller (KUOTA 50%),Wanita,36,36 - 40 tahun,5 tahun atau lebih,1 minggu 2 kali atau lebih,Menikah,3 anak,Sarjana (S1),Pegawai Negeri Sipil (Guru),A2 : Rp. 3.000.001 - Rp. 4.500.000,Rp 7.500.001- Rp 9.000.000,8.0,5.0,6.0,Passive,5.0,1.7142857142857142,3.2857142857142856,Passive,4.0,3.0,6.0,6.0,6.0,6.0,6.0,6.0,,5.0,6.0,5.0,6.0,6.0,5.0,6.0,1.0,5.0,1.0,1.0,1.0,6.0,1.0,1.0,1.0
198129150,Jawa Barat,Pangandaran,Pangandaran 1,Teller (KUOTA 50%),Wanita,50,46 - 50 tahun,5 tahun atau lebih,2 minggu sekali,Menikah,3 anak,Akademi/D3,Wiraswasta/Pengusaha/Pedagang,B : Rp. 2.000.001 - Rp. 3.000.000,Rp. 3.000.001 - Rp. 4.500.000,7.0,6.0,6.0,Passive,5.0,2.4285714285714284,2.5714285714285716,Passive,4.0,,4.0,4.0,5.0,9.0,5.0,6.0,,5.0,5.0,5.0,5.0,5.0,5.0,5.0,5.0,5.0,2.0,2.0,2.0,2.0,3.0,2.0,4.0
198129335,Jawa Barat,Tasikmalaya,Tasikmalaya 1,Teller (KUOTA 50%),Pria,43,41 - 45 tahun,3 tahun s/d 4 tahun 11 bulan,1 minggu 2 kali atau lebih,Menikah,3 anak,SLTA,Perangkat Desa (Camat/Lurah/RW),B : Rp. 2.000.001 - Rp. 3.000.000,Rp. 4.500.000 - Rp 6.000.000,10.0,6.0,6.0,Promoter,6.0,1.0,5.0,Unknown,,3.0,6.0,6.0,6.0,6.0,6.0,6.0,,6.0,6.0,6.0,6.0,6.0,6.0,6.0,6.0,6.0,1.0,1.0,1.0,1.0,1.0,1.0,1.0
198129486,Riau,Pekanbaru,Pekanbaru 1,CS (KUOTA 50%),Pria,43,41 - 45 tahun,5 tahun atau lebih,1 minggu sekali,Menikah,1 anak,SLTA,Pegawai/Karyawan Swasta,B : Rp. 2.000.001 - Rp. 3.000.000,Rp. 3.000.001 - Rp. 4.500.000,10.0,6.0,6.0,Promoter,6.0,1.0,5.0,Satisfied,4.0,,6.0,6.0,6.0,6.0,6.0,,6.0,6.0,6.0,6.0,6.0,6.0,6.0,6.0,6.0,6.0,1.0,1.0,1.0,1.0,1.0,1.0,1.0
198129513,DKI Jakarta,Jakarta Selatan,Jakarta Selatan 5,Teller (KUOTA 50%),Pria,40,36 - 40 tahun,3 tahun s/d 4 tahun 11 bulan,1 bulan sekali,Menikah,1 anak,SLTA,Wiraswasta/Pengusaha/Pedagang,A1.3 : Rp 9.000.001- Rp 10.500.000,Rp 10.500.0001 - Rp 15.000.000,9.0,6.0,6.0,Promoter,5.0,4.714285714285714,0.2857142857142856,Unknown,,,5.0,6.0,5.0,6.0,6.0,6.0,6.0,5.0,5.0,5.0,5.0,5.0,5.0,5.0,5.0,5.0,5.0,5.0,5.0,5.0,3.0,5.0,5.0
198129697,Jawa Tengah,Boyolali,Boyolali 1,CS (KUOTA 50%),Wanita,28,26 - 30 tahun,1 tahun s/d 2 tahun 11 bulan,1 bulan sekali,Belum menikah,Tidak memiliki anak,Sarjana (S1),Pegawai/Karyawan Swasta,A2 : Rp. 3.000.001 - Rp. 4.500.000,Rp. 4.500.000 - Rp 6.000.000,10.0,6.0,6.0,Promoter,6.0,1.0,5.0,Unknown,,,6.0,6.0,6.0,6.0,6.0,,6.0,6.0,6.0,6.0,6.0,6.0,6.0,6.0,6.0,6.0,1.0,1.0,1.0,1.0,1.0,1.0,1.0
198129796,Jawa Barat,Tasikmalaya,Tasikmalaya 1,Teller (KUOTA 50%),Wanita,37,36 - 40 tahun,3 tahun s/d 4 tahun 11 bulan,1 bulan sekali,Menikah,4 anak,SLTA,Tenaga Honorer,A2 : Rp. 3.000.001 - Rp. 4.500.000,Rp. 3.000.001 - Rp. 4.500.000,10.0,6.0,6.0,Promoter,6.0,1.0,5.0,Unknown,,,6.0,6.0,6.0,6.0,6.0,6.0,,6.0,6.0,6.0,6.0,6.0,6.0,6.0,6.0,6.0,1.0,1.0,1.0,1.0,1.0,1.0,1.0
198130064,Jawa Barat,Pangandaran,Pangandaran 1,CS (KUOTA 50%),Pria,48,46 - 50 tahun,3 tahun s/d 4 tahun 11 bulan,2 minggu sekali,Menikah,2 anak,SLTA,Wiraswasta/Pengusaha/Pedagang,B : Rp. 2.000.001 - Rp. 3.000.000,Rp. 2.000.001 - Rp. 3.000.000,10.0,6.0,6.0,Promoter,6.0,1.0,5.0,Unknown,,,6.0,6.0,6.0,6.0,6.0,,6.0,6.0,6.0,6.0,6.0,6.0,6.0,6.0,6.0,6.0,1.0,1.0,1.0,1.0,1.0,1.0,1.0
198130252,Banten,Lebak,Lebak 2,CS (KUOTA 50%),Wanita,50,46 - 50 tahun,5 tahun atau lebih,1 bulan sekali,Menikah,4 anak,Akademi/D3,Pensiunan,B : Rp. 2.000.001 - Rp. 3.000.000,Rp. 3.000.001 - Rp. 4.500.000,9.0,6.0,6.0,Promoter,5.0,1.5714285714285714,3.428571428571429,Satisfied,4.0,,5.0,3.0,4.0,5.0,5.0,5.0,5.0,5.0,5.0,5.0,5.0,5.0,5.0,5.0,5.0,5.0,2.0,2.0,1.0,2.0,1.0,1.0,2.0
198130312,Jawa Barat,Tasikmalaya,Tasikmalaya 1,Teller (KUOTA 50%),Wanita,49,46 - 50 tahun,5 tahun atau lebih,1 minggu 2 kali atau lebih,Duda / Janda,2 anak,Sarjana (S1),Pegawai Negeri Sipil (Guru),A1 : Rp. 4.500.000 - Rp 6.000.000,Rp 9.000.001- Rp 10.500.000,10.0,6.0,6.0,Promoter,6.0,1.0,5.0,Loyal Champion,4.0,3.0,6.0,6.0,6.0,6.0,6.0,6.0,,6.0,6.0,6.0,6.0,6.0,6.0,6.0,6.0,6.0,1.0,1.0,1.0,1.0,1.0,1.0,1.0
198130682,Jawa Barat,Depok,Depok 2,CS (KUOTA 50%),Wanita,22,20 - 25 tahun,3 tahun s/d 4 tahun 11 bulan,1 minggu sekali,Belum menikah,Tidak memiliki anak,Sarjana (S1),Pegawai/Karyawan Swasta,B : Rp. 2.000.001 - Rp. 3.000.000,Rp. 4.500.000 - Rp 6.000.000,8.0,6.0,6.0,Passive,6.0,1.7142857142857142,4.285714285714286,Unknown,,,6.0,5.0,6.0,6.0,6.0,6.0,6.0,6.0,6.0,6.0,6.0,6.0,6.0,6.0,6.0,6.0,1.0,1.0,1.0,1.0,1.0,1.0,6.0
198130886,Banten,Lebak,Lebak 2,CS (KUOTA 50%),Pria,32,31 - 35 tahun,5 tahun atau lebih,1 minggu sekali,Menikah,2 anak,SLTA,Wiraswasta/Pengusaha/Pedagang,B : Rp. 2.000.001 - Rp. 3.000.000,Rp. 2.000.001 - Rp. 3.000.000,9.0,5.0,5.0,Promoter,4.888888888888889,2.142857142857143,2.7460317460317465,Satisfied,4.0,,6.0,6.0,6.0,5.0,5.0,,5.0,5.0,5.0,5.0,5.0,5.0,5.0,4.0,5.0,5.0,2.0,2.0,1.0,2.0,1.0,2.0,5.0
198130914,Riau,Pekanbaru,Pekanbaru 1,CS (KUOTA 50%),Pria,37,36 - 40 tahun,5 tahun atau lebih,1 minggu 2 kali atau lebih,Menikah,3 anak,Sarjana (S1),Pegawai/Karyawan Swasta,A2 : Rp. 3.000.001 - Rp. 4.500.000,Rp. 4.500.000 - Rp 6.000.000,10.0,6.0,6.0,Promoter,6.0,1.0,5.0,Loyal Champion,4.0,3.0,6.0,6.0,6.0,6.0,6.0,,6.0,6.0,6.0,6.0,6.0,6.0,6.0,6.0,6.0,6.0,1.0,1.0,1.0,1.0,1.0,1.0,1.0
198131523,Jawa Barat,Pangandaran,Pangandaran 1,CS (KUOTA 50%),Pria,50,46 - 50 tahun,3 tahun s/d 4 tahun 11 bulan,2 minggu sekali,Menikah,2 anak,SLTA,Perangkat Desa (Camat/Lurah/RW),A1 : Rp. 4.500.000 - Rp 6.000.000,Rp 6.000.001 - Rp 7.500.000,10.0,6.0,6.0,Promoter,5.555555555555555,1.0,4.555555555555555,Unknown,,,5.0,5.0,6.0,6.0,6.0,,6.0,6.0,5.0,6.0,6.0,6.0,5.0,6.0,5.0,5.0,1.0,1.0,1.0,1.0,1.0,1.0,1.0
198131704,Jawa Barat,Bandung,Bandung 9,CS (KUOTA 50%),Pria,39,36 - 40 tahun,5 tahun atau lebih,1 bulan sekali,Menikah,1 anak,SLTA,Pegawai/Karyawan Swasta,B : Rp. 2.000.001 - Rp. 3.000.000,Rp. 3.000.001 - Rp. 4.500.000,9.0,6.0,6.0,Promoter,6.0,1.0,5.0,Satisfied,4.0,,6.0,6.0,6.0,6.0,6.0,6.0,6.0,6.0,6.0,6.0,6.0,6.0,6.0,6.0,6.0,6.0,1.0,1.0,1.0,1.0,1.0,1.0,1.0
198131754,Jawa Tengah,Boyolali,Boyolali 1,CS (KUOTA 50%),Wanita,31,31 - 35 tahun,5 tahun atau lebih,2 minggu sekali,Menikah,Tidak memiliki anak,Sarjana (S1),Wiraswasta/Pengusaha/Pedagang,C1 : Rp. 1.500.001 - Rp. 2.000.000,Rp. 2.000.001 - Rp. 3.000.000,10.0,6.0,6.0,Promoter,6.0,1.7142857142857142,4.285714285714286,Satisfied,4.0,,6.0,5.0,6.0,6.0,6.0,,6.0,6.0,6.0,6.0,6.0,6.0,6.0,6.0,6.0,6.0,1.0,1.0,1.0,6.0,1.0,1.0,1.0
198131911,Jawa Barat,Purwakarta,Purwakarta 2,Teller (KUOTA 50%),Wanita,38,36 - 40 tahun,5 tahun atau lebih,2 minggu sekali,Menikah,3 anak,SLTA,Tenaga Honorer,C1 : Rp. 1.500.001 - Rp. 2.000.000,Rp. 2.000.001 - Rp. 3.000.000,10.0,6.0,6.0,Promoter,6.0,1.0,5.0,Satisfied,4.0,,6.0,6.0,6.0,6.0,6.0,6.0,,6.0,6.0,6.0,6.0,6.0,6.0,6.0,6.0,6.0,1.0,1.0,1.0,1.0,1.0,1.0,1.0
198131912,Jawa Barat,Purwakarta,Purwakarta 2,CS (KUOTA 50%),Pria,43,41 - 45 tahun,5 tahun atau lebih,1 minggu 2 kali atau lebih,Menikah,3 anak,Sarjana (S1),Tenaga Honorer,A1 : Rp. 4.500.000 - Rp 6.000.000,Rp. 4.500.000 - Rp 6.000.000,9.0,6.0,6.0,Promoter,6.0,1.0,5.0,Loyal Champion,4.0,3.0,6.0,6.0,6.0,6.0,6.0,,6.0,6.0,6.0,6.0,6.0,6.0,6.0,6.0,6.0,6.0,1.0,1.0,1.0,1.0,1.0,1.0,1.0
198131913,Jawa Barat,Purwakarta,Purwakarta 2,Teller (KUOTA 50%),Wanita,50,46 - 50 tahun,5 tahun atau lebih,2 minggu sekali,Menikah,3 anak,Sarjana (S1),Pegawai Negeri Sipil (Guru),A2 : Rp. 3.000.001 - Rp. 4.500.000,Rp 9.000.001- Rp 10.500.000,10.0,6.0,6.0,Promoter,6.0,1.0,5.0,Satisfied,4.0,,6.0,6.0,6.0,6.0,6.0,6.0,,6.0,6.0,6.0,6.0,6.0,6.0,6.0,6.0,6.0,1.0,1.0,1.0,1.0,1.0,1.0,1.0
198131914,Jawa Barat,Purwakarta,Purwakarta 2,Teller (KUOTA 50%),Wanita,50,46 - 50 tahun,5 tahun atau lebih,1 minggu 2 kali atau lebih,Duda / Janda,2 anak,Paska Sarjana (S2),Pegawai Negeri Sipil (Guru),A2 : Rp. 3.000.001 - Rp. 4.500.000,Rp 6.000.001 - Rp 7.500.000,10.0,6.0,6.0,Promoter,6.0,1.0,5.0,Loyal Champion,4.0,3.0,6.0,6.0,6.0,6.0,6.0,6.0,,6.0,6.0,6.0,6.0,6.0,6.0,6.0,6.0,6.0,1.0,1.0,1.0,1.0,1.0,1.0,1.0
198133118,Jawa Barat,Sumedang,Sumedang 1,Teller (KUOTA 50%),Wanita,48,46 - 50 tahun,1 tahun s/d 2 tahun 11 bulan,2 minggu sekali,Menikah,2 anak,Sarjana (S1),Ibu Rumah Tangga,A1 : Rp. 4.500.000 - Rp 6.000.000,Rp 7.500.001- Rp 9.000.000,8.0,5.0,5.0,Passive,6.0,1.0,5.0,Unknown,,,5.0,5.0,5.0,5.0,6.0,6.0,,6.0,6.0,6.0,6.0,6.0,6.0,6.0,6.0,6.0,1.0,1.0,1.0,1.0,1.0,1.0,1.0
198133119,Jawa Barat,Sumedang,Sumedang 1,Teller (KUOTA 50%),Pria,43,41 - 45 tahun,3 tahun s/d 4 tahun 11 bulan,1 minggu sekali,Menikah,3 anak,SLTA,Perangkat Desa (Camat/Lurah/RW),A2 : Rp. 3.000.001 - Rp. 4.500.000,Rp 6.000.001 - Rp 7.500.000,10.0,6.0,6.0,Promoter,5.555555555555555,1.0,4.555555555555555,Unknown,,,6.0,5.0,5.0,5.0,6.0,6.0,,6.0,6.0,5.0,5.0,6.0,6.0,5.0,6.0,5.0,1.0,1.0,1.0,1.0,1.0,1.0,1.0
198133403,Jawa Barat,Depok,Depok 2,Teller (KUOTA 50%),Pria,24,20 - 25 tahun,1 tahun s/d 2 tahun 11 bulan,1 minggu sekali,Belum menikah,Tidak memiliki anak,SLTA,Pegawai/Karyawan Swasta,C1 : Rp. 1.500.001 - Rp. 2.000.000,Rp. 4.500.000 - Rp 6.000.000,10.0,6.0,6.0,Promoter,6.0,1.0,5.0,Unknown,,,6.0,6.0,6.0,6.0,6.0,6.0,,6.0,6.0,6.0,6.0,6.0,6.0,6.0,6.0,6.0,1.0,1.0,1.0,1.0,1.0,1.0,1.0
198134073,DKI Jakarta,Jakarta Selatan,Jakarta Selatan 5,Teller (KUOTA 50%),Wanita,35,31 - 35 tahun,5 tahun atau lebih,1 bulan sekali,Menikah,1 anak,Akademi/D3,Pegawai/Karyawan Swasta,A1.3 : Rp 9.000.001- Rp 10.500.000,Rp 15.000.001- Rp 20.000.000,8.0,6.0,6.0,Passive,5.111111111111111,3.7142857142857144,1.3968253968253963,Passive,4.0,,6.0,6.0,5.0,6.0,6.0,6.0,,5.0,5.0,6.0,5.0,5.0,5.0,5.0,5.0,5.0,5.0,5.0,5.0,4.0,2.0,2.0,3.0
198134479,Jawa Tengah,Semarang,Semarang 1,CS (KUOTA 50%),Wanita,46,46 - 50 tahun,5 tahun atau lebih,2 minggu sekali,Menikah,2 anak,Sarjana (S1),Lainnya,A1.2 : Rp 7.500.001- Rp 9.000.000,Rp 7.500.001- Rp 9.000.000,10.0,6.0,6.0,Promoter,6.0,6.0,0.0,Satisfied,4.0,,6.0,6.0,6.0,6.0,6.0,,6.0,6.0,6.0,6.0,6.0,6.0,6.0,6.0,6.0,6.0,6.0,6.0,6.0,6.0,6.0,6.0,6.0
198134480,Jawa Tengah,Semarang,Semarang 1,Teller (KUOTA 50%),Pria,44,41 - 45 tahun,3 tahun s/d 4 tahun 11 bulan,2 minggu sekali,Menikah,2 anak,Sarjana (S1),Pegawai/Karyawan Swasta,A1 : Rp. 4.500.000 - Rp 6.000.000,Rp. 4.500.000 - Rp 6.000.000,10.0,6.0,6.0,Promoter,6.0,6.0,0.0,Unknown,,,5.0,5.0,5.0,5.0,5.0,5.0,,6.0,6.0,6.0,6.0,6.0,6.0,6.0,6.0,6.0,6.0,6.0,6.0,6.0,6.0,6.0,6.0
198134481,Jawa Tengah,Semarang,Semarang 1,Teller (KUOTA 50%),Pria,40,36 - 40 tahun,1 tahun s/d 2 tahun 11 bulan,2 minggu sekali,Menikah,1 anak,SLTA,Pegawai/Karyawan Swasta,A2 : Rp. 3.000.001 - Rp. 4.500.000,Rp. 3.000.001 - Rp. 4.500.000,10.0,6.0,6.0,Promoter,6.0,6.0,0.0,Unknown,,,6.0,6.0,6.0,6.0,6.0,6.0,,6.0,6.0,6.0,6.0,6.0,6.0,6.0,6.0,6.0,6.0,6.0,6.0,6.0,6.0,6.0,6.0
198136061,Jawa Barat,Kuningan,Kuningan 1,CS (KUOTA 50%),Pria,36,36 - 40 tahun,5 tahun atau lebih,1 minggu 2 kali atau lebih,Menikah,2 anak,SLTA,Wiraswasta/Pengusaha/Pedagang,C1 : Rp. 1.500.001 - Rp. 2.000.000,Rp. 3.000.001 - Rp. 4.500.000,10.0,6.0,6.0,Promoter,6.0,1.0,5.0,Loyal Champion,4.0,3.0,6.0,6.0,6.0,6.0,6.0,6.0,6.0,6.0,6.0,6.0,6.0,6.0,6.0,6.0,6.0,6.0,1.0,1.0,1.0,1.0,1.0,1.0,1.0
198136413,Jawa Barat,Sumedang,Sumedang 3,Teller (KUOTA 50%),Wanita,23,20 - 25 tahun,1 tahun s/d 2 tahun 11 bulan,1 bulan sekali,Belum menikah,Tidak memiliki anak,SLTA,Mahasiswa/i,B : Rp. 2.000.001 - Rp. 3.000.000,Rp. 2.000.001 - Rp. 3.000.000,10.0,6.0,6.0,Promoter,6.0,1.0,5.0,Unknown,,,6.0,6.0,6.0,6.0,6.0,6.0,,6.0,6.0,6.0,6.0,6.0,6.0,6.0,6.0,6.0,1.0,1.0,1.0,1.0,1.0,1.0,1.0
198136416,Jawa Barat,Sumedang,Sumedang 3,CS (KUOTA 50%),Wanita,50,46 - 50 tahun,5 tahun atau lebih,2 minggu sekali,Duda / Janda,3 anak,SLTA,Pegawai Negeri Sipil (Bukan Guru),A2 : Rp. 3.000.001 - Rp. 4.500.000,Rp. 3.000.001 - Rp. 4.500.000,10.0,6.0,6.0,Promoter,6.0,1.0,5.0,Satisfied,4.0,,6.0,6.0,6.0,6.0,6.0,6.0,6.0,6.0,6.0,6.0,6.0,6.0,6.0,6.0,6.0,6.0,1.0,1.0,1.0,1.0,1.0,1.0,1.0
198136417,Jawa Barat,Sumedang,Sumedang 3,Teller (KUOTA 50%),Pria,50,46 - 50 tahun,5 tahun atau lebih,1 bulan sekali,Menikah,2 anak,SLTA,Perangkat Desa (Camat/Lurah/RW),A1 : Rp. 4.500.000 - Rp 6.000.000,Rp 6.000.001 - Rp 7.500.000,10.0,6.0,6.0,Promoter,6.0,1.0,5.0,Satisfied,4.0,,6.0,6.0,6.0,6.0,6.0,6.0,,6.0,6.0,6.0,6.0,6.0,6.0,6.0,6.0,6.0,1.0,1.0,1.0,1.0,1.0,1.0,1.0
198136418,Jawa Barat,Sumedang,Sumedang 3,CS (KUOTA 50%),Pria,20,20 - 25 tahun,1 tahun s/d 2 tahun 11 bulan,1 bulan sekali,Belum menikah,Tidak memiliki anak,SLTA,Mahasiswa/i,A2 : Rp. 3.000.001 - Rp. 4.500.000,Rp. 4.500.000 - Rp 6.000.000,10.0,6.0,6.0,Promoter,6.0,1.0,5.0,Unknown,,,6.0,6.0,6.0,6.0,6.0,6.0,6.0,6.0,6.0,6.0,6.0,6.0,6.0,6.0,6.0,6.0,1.0,1.0,1.0,1.0,1.0,1.0,1.0
198136419,Jawa Barat,Sumedang,Sumedang 3,CS (KUOTA 50%),Wanita,48,46 - 50 tahun,5 tahun atau lebih,2 minggu sekali,Menikah,2 anak,SLTA,Perangkat Desa (Camat/Lurah/RW),A1 : Rp. 4.500.000 - Rp 6.000.000,Rp. 4.500.000 - Rp 6.000.000,8.0,6.0,6.0,Passive,6.0,1.0,5.0,Passive,4.0,,6.0,6.0,6.0,6.0,6.0,6.0,6.0,6.0,6.0,6.0,6.0,6.0,6.0,6.0,6.0,6.0,1.0,1.0,1.0,1.0,1.0,1.0,1.0
198136420,Jawa Barat,Sumedang,Sumedang 3,Teller (KUOTA 50%),Wanita,50,46 - 50 tahun,5 tahun atau lebih,2 minggu sekali,Menikah,2 anak,Sarjana (S1),Pegawai Negeri Sipil (Guru),B : Rp. 2.000.001 - Rp. 3.000.000,Rp. 4.500.000 - Rp 6.000.000,10.0,6.0,6.0,Promoter,6.0,1.0,5.0,Satisfied,4.0,,6.0,6.0,6.0,6.0,6.0,6.0,6.0,6.0,6.0,6.0,6.0,6.0,6.0,6.0,6.0,6.0,1.0,1.0,1.0,1.0,1.0,1.0,1.0
198136421,Jawa Barat,Sumedang,Sumedang 3,CS (KUOTA 50%),Wanita,28,26 - 30 tahun,5 tahun atau lebih,1 bulan sekali,Menikah,2 anak,SLTA,Pegawai/Karyawan Swasta,A1 : Rp. 4.500.000 - Rp 6.000.000,Rp. 4.500.000 - Rp 6.000.000,10.0,6.0,6.0,Promoter,6.0,1.0,5.0,Satisfied,4.0,,6.0,6.0,6.0,6.0,6.0,6.0,6.0,6.0,6.0,6.0,6.0,6.0,6.0,6.0,6.0,6.0,1.0,1.0,1.0,1.0,1.0,1.0,1.0
198136529,Jawa Barat,Sumedang,Sumedang 1,Teller (KUOTA 50%),Pria,43,41 - 45 tahun,5 tahun atau lebih,2 minggu sekali,Menikah,3 anak,SLTA,Pegawai Negeri Sipil (Bukan Guru),A2 : Rp. 3.000.001 - Rp. 4.500.000,Rp 6.000.001 - Rp 7.500.000,9.0,6.0,6.0,Promoter,5.666666666666667,1.0,4.666666666666667,Satisfied,4.0,,6.0,5.0,6.0,5.0,6.0,5.0,,6.0,6.0,5.0,6.0,6.0,5.0,5.0,6.0,6.0,1.0,1.0,1.0,1.0,1.0,1.0,1.0
198136530,Jawa Barat,Sumedang,Sumedang 1,Teller (KUOTA 50%),Pria,47,46 - 50 tahun,5 tahun atau lebih,2 minggu sekali,Menikah,2 anak,SLTA,Wiraswasta/Pengusaha/Pedagang,A1 : Rp. 4.500.000 - Rp 6.000.000,Rp 7.500.001- Rp 9.000.000,9.0,6.0,6.0,Promoter,5.444444444444445,1.0,4.444444444444445,Satisfied,4.0,,6.0,5.0,6.0,6.0,6.0,5.0,,6.0,6.0,5.0,5.0,6.0,6.0,5.0,5.0,5.0,1.0,1.0,1.0,1.0,1.0,1.0,1.0
198137444,Jawa Barat,Sumedang,Sumedang 1,CS (KUOTA 50%),Pria,25,20 - 25 tahun,1 tahun s/d 2 tahun 11 bulan,2 minggu sekali,Belum menikah,Tidak memiliki anak,SLTA,Pegawai/Karyawan Swasta,B : Rp. 2.000.001 - Rp. 3.000.000,Rp. 4.500.000 - Rp 6.000.000,9.0,5.0,5.0,Promoter,5.333333333333333,1.0,4.333333333333333,Unknown,,,6.0,5.0,6.0,6.0,6.0,,6.0,5.0,6.0,5.0,5.0,6.0,5.0,5.0,6.0,5.0,1.0,1.0,1.0,1.0,1.0,1.0,1.0
198139080,Sumatera Utara,Medan,Medan 1,Teller (KUOTA 50%),Pria,48,46 - 50 tahun,1 tahun s/d 2 tahun 11 bulan,2 minggu sekali,Menikah,1 anak,Sarjana (S1),Pegawai/Karyawan Swasta,A2 : Rp. 3.000.001 - Rp. 4.500.000,Rp 20.000.001 - Rp 25.000.000,9.0,6.0,6.0,Promoter,6.0,1.0,5.0,Unknown,,,6.0,6.0,6.0,6.0,6.0,6.0,6.0,6.0,6.0,6.0,6.0,6.0,6.0,6.0,6.0,6.0,1.0,1.0,1.0,1.0,1.0,1.0,1.0
198139081,Sumatera Utara,Medan,Medan 1,CS (KUOTA 50%),Pria,23,20 - 25 tahun,1 tahun s/d 2 tahun 11 bulan,1 minggu 2 kali atau lebih,Belum menikah,Tidak memiliki anak,Sarjana (S1),Pegawai/Karyawan Swasta,B : Rp. 2.000.001 - Rp. 3.000.000,Rp. 3.000.001 - Rp. 4.500.000,9.0,6.0,6.0,Promoter,6.0,1.0,5.0,Unknown,,3.0,6.0,6.0,6.0,6.0,6.0,,6.0,6.0,6.0,6.0,6.0,6.0,6.0,6.0,6.0,6.0,1.0,1.0,1.0,1.0,1.0,1.0,1.0
198139082,Sumatera Utara,Medan,Medan 1,Teller (KUOTA 50%),Pria,30,26 - 30 tahun,5 tahun atau lebih,1 minggu sekali,Menikah,2 anak,SLTA,Pegawai/Karyawan Swasta,A1.1 : Rp 6.000.001 - Rp 7.500.000,Rp 9.000.001- Rp 10.500.000,8.0,6.0,5.0,Passive,6.0,1.0,5.0,Passive,4.0,,6.0,6.0,6.0,6.0,6.0,6.0,6.0,6.0,6.0,6.0,6.0,6.0,6.0,6.0,6.0,6.0,1.0,1.0,1.0,1.0,1.0,1.0,1.0
198142647,Jawa Barat,Indramayu,Indramayu 4,Teller (KUOTA 50%),Pria,35,31 - 35 tahun,5 tahun atau lebih,1 minggu 2 kali atau lebih,Menikah,3 anak,SLTA,Pegawai/Karyawan Swasta,B : Rp. 2.000.001 - Rp. 3.000.000,Rp. 4.500.000 - Rp 6.000.000,10.0,6.0,6.0,Promoter,6.0,1.0,5.0,Loyal Champion,4.0,3.0,6.0,6.0,6.0,6.0,6.0,6.0,,6.0,6.0,6.0,6.0,6.0,6.0,6.0,6.0,6.0,1.0,1.0,1.0,1.0,1.0,1.0,1.0
198143111,Jawa Barat,Indramayu,Indramayu 4,Teller (KUOTA 50%),Pria,35,31 - 35 tahun,5 tahun atau lebih,1 minggu 2 kali atau lebih,Menikah,1 anak,SLTA,Pegawai/Karyawan Swasta,A1 : Rp. 4.500.000 - Rp 6.000.000,Rp. 4.500.000 - Rp 6.000.000,10.0,6.0,6.0,Promoter,6.0,1.0,5.0,Loyal Champion,4.0,3.0,6.0,6.0,6.0,6.0,6.0,6.0,,6.0,6.0,6.0,6.0,6.0,6.0,6.0,6.0,6.0,1.0,1.0,1.0,1.0,1.0,1.0,1.0
198143112,Jawa Barat,Indramayu,Indramayu 4,CS (KUOTA 50%),Pria,26,26 - 30 tahun,1 tahun s/d 2 tahun 11 bulan,2 minggu sekali,Belum menikah,Tidak memiliki anak,Akademi/D3,Pegawai/Karyawan Swasta,A2 : Rp. 3.000.001 - Rp. 4.500.000,Rp. 4.500.000 - Rp 6.000.000,10.0,6.0,6.0,Promoter,6.0,1.0,5.0,Unknown,,,6.0,6.0,6.0,6.0,6.0,,6.0,6.0,6.0,6.0,6.0,6.0,6.0,6.0,6.0,6.0,1.0,1.0,1.0,1.0,1.0,1.0,1.0
198143113,Jawa Barat,Indramayu,Indramayu 4,Teller (KUOTA 50%),Pria,32,31 - 35 tahun,1 tahun s/d 2 tahun 11 bulan,1 bulan sekali,Belum menikah,Tidak memiliki anak,Sarjana (S1),Pegawai Negeri Sipil (Guru),B : Rp. 2.000.001 - Rp. 3.000.000,Rp. 3.000.001 - Rp. 4.500.000,10.0,6.0,6.0,Promoter,6.0,1.0,5.0,Unknown,,,6.0,6.0,6.0,6.0,6.0,6.0,,6.0,6.0,6.0,6.0,6.0,6.0,6.0,6.0,6.0,1.0,1.0,1.0,1.0,1.0,1.0,1.0
198143254,Jawa Barat,Indramayu,Indramayu 4,Teller (KUOTA 50%),Wanita,20,20 - 25 tahun,1 tahun s/d 2 tahun 11 bulan,1 minggu 2 kali atau lebih,Belum menikah,Tidak memiliki anak,Sarjana (S1),Mahasiswa/i,C1 : Rp. 1.500.001 - Rp. 2.000.000,Menolak Memberikan Jawaban,10.0,6.0,6.0,Promoter,6.0,1.0,5.0,Unknown,,3.0,6.0,6.0,6.0,6.0,6.0,6.0,,6.0,6.0,6.0,6.0,6.0,6.0,6.0,6.0,6.0,1.0,1.0,1.0,1.0,1.0,1.0,1.0
198143255,Jawa Barat,Indramayu,Indramayu 4,CS (KUOTA 50%),Pria,40,36 - 40 tahun,5 tahun atau lebih,1 minggu 2 kali atau lebih,Menikah,2 anak,Sarjana (S1),Pegawai/Karyawan Swasta,A2 : Rp. 3.000.001 - Rp. 4.500.000,Rp. 4.500.000 - Rp 6.000.000,8.0,6.0,6.0,Passive,5.0,2.0,3.0,Passive,4.0,3.0,6.0,6.0,6.0,6.0,6.0,,6.0,5.0,5.0,5.0,5.0,5.0,5.0,5.0,5.0,5.0,2.0,2.0,2.0,2.0,2.0,2.0,2.0
198143256,Jawa Barat,Indramayu,Indramayu 4,CS (KUOTA 50%),Pria,25,20 - 25 tahun,1 tahun s/d 2 tahun 11 bulan,1 minggu 2 kali atau lebih,Belum menikah,Tidak memiliki anak,SLTA,Pegawai/Karyawan Swasta,B : Rp. 2.000.001 - Rp. 3.000.000,Rp. 4.500.000 - Rp 6.000.000,10.0,6.0,6.0,Promoter,6.0,1.0,5.0,Unknown,,3.0,6.0,6.0,6.0,6.0,6.0,,6.0,6.0,6.0,6.0,6.0,6.0,6.0,6.0,6.0,6.0,1.0,1.0,1.0,1.0,1.0,1.0,1.0
198143257,Jawa Barat,Indramayu,Indramayu 4,Teller (KUOTA 50%),Pria,29,26 - 30 tahun,1 tahun s/d 2 tahun 11 bulan,1 minggu 2 kali atau lebih,Menikah,1 anak,Sarjana (S1),Pegawai/Karyawan Swasta,B : Rp. 2.000.001 - Rp. 3.000.000,Rp. 3.000.001 - Rp. 4.500.000,7.0,6.0,6.0,Passive,5.333333333333333,1.4285714285714286,3.904761904761904,Unknown,,3.0,6.0,6.0,6.0,6.0,6.0,6.0,,5.0,6.0,6.0,6.0,6.0,5.0,6.0,6.0,2.0,1.0,2.0,1.0,2.0,1.0,1.0,2.0
198143258,Jawa Barat,Indramayu,Indramayu 4,CS (KUOTA 50%),Pria,40,36 - 40 tahun,5 tahun atau lebih,1 minggu 2 kali atau lebih,Menikah,3 anak,Sarjana (S1),Tenaga Honorer,A2 : Rp. 3.000.001 - Rp. 4.500.000,Rp. 3.000.001 - Rp. 4.500.000,7.0,6.0,5.0,Passive,5.222222222222222,2.0,3.2222222222222223,Passive,4.0,3.0,5.0,5.0,5.0,5.0,5.0,,5.0,6.0,5.0,5.0,5.0,5.0,5.0,5.0,5.0,6.0,2.0,2.0,2.0,2.0,2.0,2.0,2.0
198144511,Jawa Barat,Karawang,Karawang 2,Teller (KUOTA 50%),Pria,50,46 - 50 tahun,5 tahun atau lebih,1 minggu 2 kali atau lebih,Menikah,3 anak,Akademi/D3,Pegawai Negeri Sipil (Bukan Guru),A2 : Rp. 3.000.001 - Rp. 4.500.000,Rp 7.500.001- Rp 9.000.000,10.0,6.0,6.0,Promoter,6.0,1.0,5.0,Loyal Champion,4.0,3.0,6.0,6.0,6.0,6.0,6.0,6.0,,6.0,6.0,6.0,6.0,6.0,6.0,6.0,6.0,6.0,1.0,1.0,1.0,1.0,1.0,1.0,1.0
198144582,Jawa Barat,Bogor,Bogor 3,Teller (KUOTA 50%),Pria,50,46 - 50 tahun,5 tahun atau lebih,1 bulan sekali,Menikah,3 anak,SLTA,Perangkat Desa (Camat/Lurah/RW),A1.1 : Rp 6.000.001 - Rp 7.500.000,Rp 10.500.0001 - Rp 15.000.000,10.0,6.0,6.0,Promoter,6.0,1.1428571428571428,4.857142857142858,Satisfied,4.0,,5.0,6.0,5.0,6.0,5.0,6.0,,6.0,6.0,6.0,6.0,6.0,6.0,6.0,6.0,6.0,1.0,2.0,1.0,1.0,1.0,1.0,1.0
198146620,Jawa Barat,Karawang,Karawang 2,Teller (KUOTA 50%),Pria,50,46 - 50 tahun,5 tahun atau lebih,2 minggu sekali,Menikah,4 anak,Akademi/D3,Pegawai Negeri Sipil (Bukan Guru),A2 : Rp. 3.000.001 - Rp. 4.500.000,Rp 7.500.001- Rp 9.000.000,10.0,6.0,6.0,Promoter,6.0,1.0,5.0,Satisfied,4.0,,6.0,6.0,6.0,6.0,6.0,6.0,,6.0,6.0,6.0,6.0,6.0,6.0,6.0,6.0,6.0,1.0,1.0,1.0,1.0,1.0,1.0,1.0
198146672,Lampung,Lampung Tengah,Lampung Tengah 1,Teller (KUOTA 50%),Wanita,20,20 - 25 tahun,1 tahun s/d 2 tahun 11 bulan,1 bulan sekali,Belum menikah,Tidak memiliki anak,SLTA,Mahasiswa/i,A1 : Rp. 4.500.000 - Rp 6.000.000,Rp 6.000.001 - Rp 7.500.000,10.0,6.0,6.0,Promoter,5.888888888888889,1.4285714285714286,4.4603174603174605,Unknown,,,5.0,5.0,6.0,5.0,6.0,6.0,,6.0,6.0,6.0,6.0,6.0,6.0,6.0,5.0,6.0,1.0,2.0,1.0,1.0,2.0,1.0,2.0
198147140,Jawa Tengah,Semarang,Semarang 1,Teller (KUOTA 50%),Pria,36,36 - 40 tahun,5 tahun atau lebih,1 minggu 2 kali atau lebih,Menikah,1 anak,Sarjana (S1),Pegawai Negeri Sipil (Bukan Guru),A1.2 : Rp 7.500.001- Rp 9.000.000,Rp 7.500.001- Rp 9.000.000,10.0,6.0,6.0,Promoter,6.0,6.0,0.0,Loyal Champion,4.0,3.0,6.0,6.0,6.0,6.0,6.0,6.0,,6.0,6.0,6.0,6.0,6.0,6.0,6.0,6.0,6.0,6.0,6.0,6.0,6.0,6.0,6.0,6.0
198147141,Jawa Tengah,Semarang,Semarang 1,Teller (KUOTA 50%),Pria,36,36 - 40 tahun,1 tahun s/d 2 tahun 11 bulan,2 minggu sekali,Menikah,1 anak,SLTA,Pegawai/Karyawan Swasta,A1 : Rp. 4.500.000 - Rp 6.000.000,Rp. 4.500.000 - Rp 6.000.000,10.0,6.0,6.0,Promoter,6.0,6.0,0.0,Unknown,,,6.0,6.0,6.0,6.0,6.0,6.0,,6.0,6.0,6.0,6.0,6.0,6.0,6.0,6.0,6.0,6.0,6.0,6.0,6.0,6.0,6.0,6.0
198147142,Jawa Tengah,Semarang,Semarang 1,Teller (KUOTA 50%),Wanita,45,41 - 45 tahun,3 tahun s/d 4 tahun 11 bulan,1 minggu sekali,Menikah,2 anak,Sarjana (S1),Wiraswasta/Pengusaha/Pedagang,A1.3 : Rp 9.000.001- Rp 10.500.000,Rp 9.000.001- Rp 10.500.000,10.0,6.0,6.0,Promoter,6.0,5.714285714285714,0.2857142857142856,Unknown,,,6.0,6.0,6.0,6.0,6.0,6.0,,6.0,6.0,6.0,6.0,6.0,6.0,6.0,6.0,6.0,6.0,6.0,6.0,5.0,6.0,5.0,6.0
198147564,Jawa Barat,Bogor,Bogor 3,CS (KUOTA 50%),Pria,43,41 - 45 tahun,5 tahun atau lebih,1 bulan sekali,Menikah,2 anak,SLTA,Lainnya,A1 : Rp. 4.500.000 - Rp 6.000.000,Rp 6.000.001 - Rp 7.500.000,10.0,6.0,6.0,Promoter,6.0,1.0,5.0,Satisfied,4.0,,6.0,6.0,6.0,6.0,6.0,6.0,6.0,6.0,6.0,6.0,6.0,6.0,6.0,6.0,6.0,6.0,1.0,1.0,1.0,1.0,1.0,1.0,1.0
198149798,Jawa Barat,Karawang,Karawang 2,Teller (KUOTA 50%),Pria,42,41 - 45 tahun,5 tahun atau lebih,1 minggu 2 kali atau lebih,Menikah,4 anak,Sarjana (S1),Pegawai Negeri Sipil (Guru),A1.4 : Rp 10.500.0001 - Rp 15.000.000,Di atas Rp 25.000.000,10.0,6.0,6.0,Promoter,6.0,1.0,5.0,Loyal Champion,4.0,3.0,6.0,6.0,6.0,6.0,6.0,6.0,,6.0,6.0,6.0,6.0,6.0,6.0,6.0,6.0,6.0,1.0,1.0,1.0,1.0,1.0,1.0,1.0
198150857,Jawa Barat,Karawang,Karawang 2,Teller (KUOTA 50%),Pria,30,26 - 30 tahun,5 tahun atau lebih,1 minggu 2 kali atau lebih,Menikah,1 anak,Sarjana (S1),Pegawai Negeri Sipil (Bukan Guru),A2 : Rp. 3.000.001 - Rp. 4.500.000,Rp 7.500.001- Rp 9.000.000,10.0,6.0,6.0,Promoter,6.0,1.0,5.0,Loyal Champion,4.0,3.0,6.0,6.0,6.0,6.0,6.0,6.0,,6.0,6.0,6.0,6.0,6.0,6.0,6.0,6.0,6.0,1.0,1.0,1.0,1.0,1.0,1.0,1.0
198150872,Jawa Tengah,Semarang,Semarang 2,Teller (KUOTA 50%),Pria,27,26 - 30 tahun,1 tahun s/d 2 tahun 11 bulan,1 bulan sekali,Belum menikah,Tidak memiliki anak,Sarjana (S1),Pegawai/Karyawan Swasta,A1.1 : Rp 6.000.001 - Rp 7.500.000,Rp 7.500.001- Rp 9.000.000,8.0,5.0,5.0,Passive,5.0,5.0,0.0,Unknown,,,5.0,5.0,5.0,5.0,5.0,5.0,,5.0,5.0,5.0,5.0,5.0,5.0,5.0,5.0,5.0,5.0,5.0,5.0,5.0,5.0,5.0,5.0
198150873,Jawa Tengah,Semarang,Semarang 2,CS (KUOTA 50%),Wanita,27,26 - 30 tahun,1 tahun s/d 2 tahun 11 bulan,1 bulan sekali,Belum menikah,Tidak memiliki anak,Sarjana (S1),Pegawai/Karyawan Swasta,A1 : Rp. 4.500.000 - Rp 6.000.000,Rp 6.000.001 - Rp 7.500.000,8.0,5.0,5.0,Passive,5.0,5.0,0.0,Unknown,,,5.0,5.0,5.0,5.0,5.0,5.0,5.0,5.0,5.0,5.0,5.0,5.0,5.0,5.0,5.0,5.0,5.0,5.0,5.0,5.0,5.0,5.0,5.0
198150874,Jawa Tengah,Semarang,Semarang 1,Teller (KUOTA 50%),Pria,35,31 - 35 tahun,3 tahun s/d 4 tahun 11 bulan,1 bulan sekali,Menikah,2 anak,Akademi/D3,Pegawai Negeri Sipil (Bukan Guru),A1.1 : Rp 6.000.001 - Rp 7.500.000,Rp 7.500.001- Rp 9.000.000,8.0,5.0,5.0,Passive,5.0,5.0,0.0,Unknown,,,5.0,5.0,5.0,5.0,5.0,5.0,,5.0,5.0,5.0,5.0,5.0,5.0,5.0,5.0,5.0,5.0,5.0,5.0,5.0,5.0,5.0,5.0
198151686,Jawa Barat,Karawang,Karawang 2,CS (KUOTA 50%),Pria,50,46 - 50 tahun,5 tahun atau lebih,1 minggu 2 kali atau lebih,Menikah,2 anak,Akademi/D3,Pegawai Negeri Sipil (Bukan Guru),A2 : Rp. 3.000.001 - Rp. 4.500.000,Rp 7.500.001- Rp 9.000.000,10.0,6.0,6.0,Promoter,6.0,1.0,5.0,Loyal Champion,4.0,3.0,6.0,6.0,6.0,6.0,6.0,,6.0,6.0,6.0,6.0,6.0,6.0,6.0,6.0,6.0,6.0,1.0,1.0,1.0,1.0,1.0,1.0,1.0
198152640,Jawa Barat,Karawang,Karawang 2,CS (KUOTA 50%),Pria,34,31 - 35 tahun,3 tahun s/d 4 tahun 11 bulan,1 minggu 2 kali atau lebih,Menikah,1 anak,Akademi/D3,Wiraswasta/Pengusaha/Pedagang,A2 : Rp. 3.000.001 - Rp. 4.500.000,Rp 7.500.001- Rp 9.000.000,10.0,6.0,6.0,Promoter,6.0,1.7142857142857142,4.285714285714286,Unknown,,3.0,6.0,6.0,6.0,6.0,6.0,,6.0,6.0,6.0,6.0,6.0,6.0,6.0,6.0,6.0,6.0,1.0,1.0,1.0,1.0,1.0,1.0,6.0
198153195,Lampung,Lampung Tengah,Lampung Tengah 1,CS (KUOTA 50%),Pria,21,20 - 25 tahun,1 tahun s/d 2 tahun 11 bulan,1 bulan sekali,Belum menikah,Tidak memiliki anak,SLTA,Mahasiswa/i,A1.1 : Rp 6.000.001 - Rp 7.500.000,Rp 10.500.0001 - Rp 15.000.000,8.0,5.0,6.0,Passive,5.222222222222222,1.4285714285714286,3.7936507936507935,Unknown,,,5.0,6.0,6.0,6.0,6.0,,6.0,6.0,5.0,5.0,5.0,5.0,5.0,5.0,5.0,6.0,2.0,2.0,1.0,1.0,1.0,1.0,2.0
198158460,Jawa Barat,Indramayu,Indramayu 4,Teller (KUOTA 50%),Pria,22,20 - 25 tahun,5 tahun atau lebih,2 minggu sekali,Menikah,1 anak,SLTA,Pegawai/Karyawan Swasta,B : Rp. 2.000.001 - Rp. 3.000.000,Rp. 3.000.001 - Rp. 4.500.000,10.0,6.0,6.0,Promoter,5.444444444444445,1.0,4.444444444444445,Satisfied,4.0,,6.0,6.0,6.0,6.0,6.0,6.0,6.0,6.0,6.0,6.0,6.0,6.0,6.0,6.0,1.0,6.0,1.0,1.0,1.0,1.0,1.0,1.0,1.0
198158461,Jawa Barat,Indramayu,Indramayu 4,CS (KUOTA 50%),Pria,20,20 - 25 tahun,1 tahun s/d 2 tahun 11 bulan,2 minggu sekali,Belum menikah,Tidak memiliki anak,SLTA,Pegawai/Karyawan Swasta,A1 : Rp. 4.500.000 - Rp 6.000.000,Rp 6.000.001 - Rp 7.500.000,10.0,6.0,6.0,Promoter,6.0,1.0,5.0,Unknown,,,6.0,6.0,6.0,6.0,6.0,6.0,6.0,6.0,6.0,6.0,6.0,6.0,6.0,6.0,6.0,6.0,1.0,1.0,1.0,1.0,1.0,1.0,1.0
198158462,Jawa Barat,Indramayu,Indramayu 4,Teller (KUOTA 50%),Wanita,23,20 - 25 tahun,3 tahun s/d 4 tahun 11 bulan,1 minggu sekali,Belum menikah,Tidak memiliki anak,Sarjana (S1),Pegawai/Karyawan Swasta,A2 : Rp. 3.000.001 - Rp. 4.500.000,Rp. 4.500.000 - Rp 6.000.000,9.0,6.0,6.0,Promoter,6.0,2.4285714285714284,3.5714285714285716,Unknown,,,6.0,6.0,6.0,6.0,6.0,6.0,,6.0,6.0,6.0,6.0,6.0,6.0,6.0,6.0,6.0,1.0,1.0,1.0,1.0,1.0,6.0,6.0
198158463,Jawa Barat,Indramayu,Indramayu 4,Teller (KUOTA 50%),Wanita,23,20 - 25 tahun,3 tahun s/d 4 tahun 11 bulan,2 minggu sekali,Belum menikah,Tidak memiliki anak,Sarjana (S1),Pegawai/Karyawan Swasta,A2 : Rp. 3.000.001 - Rp. 4.500.000,Rp. 4.500.000 - Rp 6.000.000,9.0,6.0,6.0,Promoter,5.444444444444445,1.0,4.444444444444445,Unknown,,,6.0,6.0,6.0,6.0,6.0,6.0,,6.0,6.0,6.0,6.0,6.0,6.0,6.0,1.0,6.0,1.0,1.0,1.0,1.0,1.0,1.0,1.0
198158464,Jawa Barat,Indramayu,Indramayu 4,CS (KUOTA 50%),Pria,36,36 - 40 tahun,5 tahun atau lebih,2 minggu sekali,Menikah,3 anak,Sarjana (S1),Pegawai Negeri Sipil (Bukan Guru),A1 : Rp. 4.500.000 - Rp 6.000.000,Rp. 4.500.000 - Rp 6.000.000,10.0,6.0,6.0,Promoter,6.0,1.7142857142857142,4.285714285714286,Satisfied,4.0,,6.0,6.0,6.0,6.0,6.0,,6.0,6.0,6.0,6.0,6.0,6.0,6.0,6.0,6.0,6.0,1.0,1.0,1.0,1.0,1.0,6.0,1.0
198158465,Jawa Barat,Indramayu,Indramayu 4,CS (KUOTA 50%),Wanita,25,20 - 25 tahun,5 tahun atau lebih,1 minggu sekali,Belum menikah,Tidak memiliki anak,Sarjana (S1),Guru (Non PNS),A2 : Rp. 3.000.001 - Rp. 4.500.000,Rp. 4.500.000 - Rp 6.000.000,10.0,6.0,6.0,Promoter,6.0,1.0,5.0,Satisfied,4.0,,6.0,6.0,6.0,6.0,6.0,,6.0,6.0,6.0,6.0,6.0,6.0,6.0,6.0,6.0,6.0,1.0,1.0,1.0,1.0,1.0,1.0,1.0
198168009,Jawa Tengah,Boyolali,Boyolali 1,Teller (KUOTA 50%),Pria,38,36 - 40 tahun,3 tahun s/d 4 tahun 11 bulan,2 minggu sekali,Menikah,3 anak,SLTA,Pegawai/Karyawan Swasta,A1 : Rp. 4.500.000 - Rp 6.000.000,Rp. 4.500.000 - Rp 6.000.000,8.0,6.0,6.0,Passive,6.0,1.0,5.0,Unknown,,,6.0,6.0,6.0,6.0,6.0,6.0,,6.0,6.0,6.0,6.0,6.0,6.0,6.0,6.0,6.0,1.0,1.0,1.0,1.0,1.0,1.0,1.0
198175870,Jawa Barat,Banjar,Banjar 1,CS (KUOTA 50%),Pria,30,26 - 30 tahun,1 tahun s/d 2 tahun 11 bulan,2 minggu sekali,Menikah,Tidak memiliki anak,Akademi/D3,Wiraswasta/Pengusaha/Pedagang,C2 : Rp. 1.000.001 - Rp. 1.500.000,Rp. 2.000.001 - Rp. 3.000.000,10.0,6.0,6.0,Promoter,6.0,1.0,5.0,Unknown,,,6.0,6.0,6.0,6.0,6.0,,6.0,6.0,6.0,6.0,6.0,6.0,6.0,6.0,6.0,6.0,1.0,1.0,1.0,1.0,1.0,1.0,1.0
198176208,Jawa Barat,Kuningan,Kuningan 1,Teller (KUOTA 50%),Pria,30,26 - 30 tahun,1 tahun s/d 2 tahun 11 bulan,2 minggu sekali,Belum menikah,Tidak memiliki anak,SLTA,Wiraswasta/Pengusaha/Pedagang,C2 : Rp. 1.000.001 - Rp. 1.500.000,Rp. 1.000.001 - Rp. 1.500.000,10.0,6.0,6.0,Promoter,6.0,1.0,5.0,Unknown,,,6.0,6.0,6.0,6.0,6.0,6.0,,6.0,6.0,6.0,6.0,6.0,6.0,6.0,6.0,6.0,1.0,1.0,1.0,1.0,1.0,1.0,1.0
198176260,Riau,Pekanbaru,Pekanbaru 1,CS (KUOTA 50%),Pria,38,36 - 40 tahun,3 tahun s/d 4 tahun 11 bulan,1 minggu sekali,Menikah,2 anak,SLTA,Pegawai/Karyawan Swasta,B : Rp. 2.000.001 - Rp. 3.000.000,Rp. 3.000.001 - Rp. 4.500.000,10.0,6.0,6.0,Promoter,6.0,1.0,5.0,Unknown,,,6.0,6.0,6.0,6.0,6.0,,6.0,6.0,6.0,6.0,6.0,6.0,6.0,6.0,6.0,6.0,1.0,1.0,1.0,1.0,1.0,1.0,1.0
198176523,Jawa Barat,Ciamis,Ciamis 1,CS (KUOTA 50%),Pria,18,17 -19 tahun,1 tahun s/d 2 tahun 11 bulan,2 minggu sekali,Belum menikah,Tidak memiliki anak,SLTA,Lainnya,A2 : Rp. 3.000.001 - Rp. 4.500.000,Rp. 4.500.000 - Rp 6.000.000,10.0,6.0,6.0,Promoter,6.0,1.0,5.0,Unknown,,,6.0,6.0,6.0,6.0,6.0,,6.0,6.0,6.0,6.0,6.0,6.0,6.0,6.0,6.0,6.0,1.0,1.0,1.0,1.0,1.0,1.0,1.0
198176561,Jawa Barat,Banjar,Banjar 1,CS (KUOTA 50%),Pria,36,36 - 40 tahun,1 tahun s/d 2 tahun 11 bulan,1 minggu sekali,Menikah,1 anak,SLTA,Wiraswasta/Pengusaha/Pedagang,B : Rp. 2.000.001 - Rp. 3.000.000,Rp. 4.500.000 - Rp 6.000.000,10.0,6.0,6.0,Promoter,5.888888888888889,1.1428571428571428,4.746031746031747,Unknown,,,6.0,6.0,6.0,6.0,6.0,,6.0,6.0,6.0,6.0,6.0,6.0,6.0,6.0,6.0,5.0,1.0,1.0,1.0,1.0,1.0,1.0,2.0
198176888,DKI Jakarta,Jakarta Pusat,Jakarta Pusat 1,CS (KUOTA 50%),Pria,33,31 - 35 tahun,1 tahun s/d 2 tahun 11 bulan,1 minggu 2 kali atau lebih,Belum menikah,Tidak memiliki anak,Akademi/D3,Pegawai/Karyawan Swasta,B : Rp. 2.000.001 - Rp. 3.000.000,Rp. 3.000.001 - Rp. 4.500.000,9.0,6.0,6.0,Promoter,4.888888888888889,1.2857142857142858,3.6031746031746037,Unknown,,3.0,6.0,6.0,5.0,6.0,6.0,,6.0,5.0,6.0,5.0,5.0,5.0,5.0,5.0,4.0,4.0,1.0,1.0,1.0,1.0,1.0,1.0,3.0
198176962,Jawa Barat,Bandung Barat,Bandung Barat 1,CS (KUOTA 50%),Pria,42,41 - 45 tahun,5 tahun atau lebih,1 minggu sekali,Menikah,> 4 anak,Sarjana (S1),Pegawai Negeri Sipil (Guru),B : Rp. 2.000.001 - Rp. 3.000.000,Rp. 4.500.000 - Rp 6.000.000,10.0,6.0,6.0,Promoter,6.0,1.0,5.0,Satisfied,4.0,,6.0,6.0,6.0,6.0,6.0,,6.0,6.0,6.0,6.0,6.0,6.0,6.0,6.0,6.0,6.0,1.0,1.0,1.0,1.0,1.0,1.0,1.0
198176987,Jawa Barat,Ciamis,Ciamis 1,Teller (KUOTA 50%),Wanita,18,17 -19 tahun,1 tahun s/d 2 tahun 11 bulan,1 bulan sekali,Belum menikah,Tidak memiliki anak,SLTA,Pegawai/Karyawan Swasta,C1 : Rp. 1.500.001 - Rp. 2.000.000,Rp. 2.000.001 - Rp. 3.000.000,10.0,6.0,6.0,Promoter,6.0,1.7142857142857142,4.285714285714286,Unknown,,,6.0,6.0,6.0,6.0,6.0,6.0,,6.0,6.0,6.0,6.0,6.0,6.0,6.0,6.0,6.0,1.0,6.0,1.0,1.0,1.0,1.0,1.0
198177022,Jawa Barat,Ciamis,Ciamis 1,CS (KUOTA 50%),Wanita,23,20 - 25 tahun,1 tahun s/d 2 tahun 11 bulan,1 minggu 2 kali atau lebih,Belum menikah,Tidak memiliki anak,Akademi/D3,Pegawai/Karyawan Swasta,A2 : Rp. 3.000.001 - Rp. 4.500.000,Rp 6.000.001 - Rp 7.500.000,10.0,6.0,6.0,Promoter,6.0,1.0,5.0,Unknown,,3.0,6.0,6.0,6.0,6.0,6.0,,6.0,6.0,6.0,6.0,6.0,6.0,6.0,6.0,6.0,6.0,1.0,1.0,1.0,1.0,1.0,1.0,1.0
198177032,Jawa Barat,Kuningan,Kuningan 1,CS (KUOTA 50%),Wanita,20,20 - 25 tahun,3 tahun s/d 4 tahun 11 bulan,1 minggu 2 kali atau lebih,Belum menikah,Tidak memiliki anak,SLTA,Wiraswasta/Pengusaha/Pedagang,C2 : Rp. 1.000.001 - Rp. 1.500.000,Rp. 1.500.001 - Rp. 2.000.000,10.0,6.0,6.0,Promoter,6.0,1.0,5.0,Unknown,,3.0,6.0,6.0,6.0,6.0,6.0,6.0,6.0,6.0,6.0,6.0,6.0,6.0,6.0,6.0,6.0,6.0,1.0,1.0,1.0,1.0,1.0,1.0,1.0
198177075,Banten,Lebak,Lebak 2,Teller (KUOTA 50%),Wanita,45,41 - 45 tahun,5 tahun atau lebih,1 minggu 2 kali atau lebih,Menikah,3 anak,SLTA,Ibu Rumah Tangga,B : Rp. 2.000.001 - Rp. 3.000.000,Rp. 2.000.001 - Rp. 3.000.000,10.0,5.0,5.0,Promoter,5.0,2.0,3.0,Loyal Champion,4.0,3.0,6.0,6.0,5.0,5.0,5.0,6.0,,5.0,5.0,5.0,5.0,5.0,5.0,5.0,5.0,5.0,2.0,2.0,2.0,2.0,2.0,2.0,2.0
198177167,Jawa Barat,Banjar,Banjar 1,CS (KUOTA 50%),Pria,27,26 - 30 tahun,5 tahun atau lebih,1 minggu sekali,Menikah,1 anak,Sarjana (S1),Polisi / Tentara / Militer,A1 : Rp. 4.500.000 - Rp 6.000.000,Rp 9.000.001- Rp 10.500.000,10.0,6.0,6.0,Promoter,6.0,1.0,5.0,Satisfied,4.0,,6.0,6.0,6.0,6.0,6.0,,6.0,6.0,6.0,6.0,6.0,6.0,6.0,6.0,6.0,6.0,1.0,1.0,1.0,1.0,1.0,1.0,1.0
198177243,Jawa Barat,Ciamis,Ciamis 1,CS (KUOTA 50%),Pria,23,20 - 25 tahun,1 tahun s/d 2 tahun 11 bulan,2 minggu sekali,Belum menikah,Tidak memiliki anak,SLTA,Pegawai/Karyawan Swasta,C1 : Rp. 1.500.001 - Rp. 2.000.000,Rp. 2.000.001 - Rp. 3.000.000,10.0,6.0,6.0,Promoter,6.0,1.0,5.0,Unknown,,,6.0,6.0,6.0,6.0,6.0,6.0,6.0,6.0,6.0,6.0,6.0,6.0,6.0,6.0,6.0,6.0,1.0,1.0,1.0,1.0,1.0,1.0,1.0
198177556,Jawa Tengah,Surakarta,Surakarta 1,CS (KUOTA 50%),Wanita,39,36 - 40 tahun,5 tahun atau lebih,1 minggu 2 kali atau lebih,Menikah,Tidak memiliki anak,Sarjana (S1),Pegawai/Karyawan Swasta,A2 : Rp. 3.000.001 - Rp. 4.500.000,Rp. 4.500.000 - Rp 6.000.000,10.0,6.0,6.0,Promoter,6.0,1.7142857142857142,4.285714285714286,Loyal Champion,4.0,3.0,6.0,6.0,6.0,6.0,6.0,,6.0,6.0,6.0,6.0,6.0,6.0,6.0,6.0,6.0,6.0,1.0,1.0,1.0,6.0,1.0,1.0,1.0
198177576,Jawa Barat,Ciamis,Ciamis 1,Teller (KUOTA 50%),Wanita,34,31 - 35 tahun,5 tahun atau lebih,1 minggu 2 kali atau lebih,Menikah,2 anak,SLTA,Pegawai/Karyawan Swasta,A2 : Rp. 3.000.001 - Rp. 4.500.000,Rp 6.000.001 - Rp 7.500.000,10.0,6.0,6.0,Promoter,6.0,1.0,5.0,Loyal Champion,4.0,3.0,6.0,6.0,6.0,6.0,6.0,6.0,,6.0,6.0,6.0,6.0,6.0,6.0,6.0,6.0,6.0,1.0,1.0,1.0,1.0,1.0,1.0,1.0
198177580,Banten,Lebak,Lebak 2,Teller (KUOTA 50%),Pria,42,41 - 45 tahun,5 tahun atau lebih,1 minggu 2 kali atau lebih,Menikah,4 anak,Sarjana (S1),Wiraswasta/Pengusaha/Pedagang,A2 : Rp. 3.000.001 - Rp. 4.500.000,Rp. 2.000.001 - Rp. 3.000.000,9.0,5.0,5.0,Promoter,5.0,1.2857142857142858,3.7142857142857144,Loyal Champion,4.0,3.0,6.0,6.0,6.0,6.0,6.0,5.0,,5.0,5.0,5.0,5.0,5.0,5.0,5.0,5.0,5.0,1.0,1.0,1.0,2.0,1.0,2.0,1.0
198177581,Jawa Tengah,Surakarta,Surakarta 1,CS (KUOTA 50%),Wanita,33,31 - 35 tahun,1 tahun s/d 2 tahun 11 bulan,1 bulan sekali,Menikah,1 anak,Akademi/D3,Tenaga Honorer,A2 : Rp. 3.000.001 - Rp. 4.500.000,Rp. 4.500.000 - Rp 6.000.000,10.0,6.0,6.0,Promoter,6.0,1.0,5.0,Unknown,,,6.0,5.0,6.0,5.0,6.0,,6.0,6.0,6.0,6.0,6.0,6.0,6.0,6.0,6.0,6.0,1.0,1.0,1.0,1.0,1.0,1.0,1.0
198177608,Jawa Barat,Banjar,Banjar 1,CS (KUOTA 50%),Wanita,22,20 - 25 tahun,1 tahun s/d 2 tahun 11 bulan,1 bulan sekali,Belum menikah,Tidak memiliki anak,Sarjana (S1),Pegawai/Karyawan Swasta,B : Rp. 2.000.001 - Rp. 3.000.000,Rp. 3.000.001 - Rp. 4.500.000,10.0,6.0,6.0,Promoter,6.0,1.0,5.0,Unknown,,,6.0,6.0,6.0,6.0,6.0,,6.0,6.0,6.0,6.0,6.0,6.0,6.0,6.0,6.0,6.0,1.0,1.0,1.0,1.0,1.0,1.0,1.0
198177810,Banten,Lebak,Lebak 2,Teller (KUOTA 50%),Wanita,48,46 - 50 tahun,5 tahun atau lebih,1 bulan sekali,Menikah,3 anak,SLTA,Ibu Rumah Tangga,B : Rp. 2.000.001 - Rp. 3.000.000,Rp. 2.000.001 - Rp. 3.000.000,10.0,6.0,6.0,Promoter,5.0,5.0,0.0,Satisfied,4.0,,5.0,5.0,5.0,5.0,6.0,6.0,,5.0,5.0,5.0,5.0,5.0,5.0,5.0,5.0,5.0,5.0,5.0,5.0,5.0,5.0,5.0,5.0
198177842,Jawa Barat,Bandung Barat,Bandung Barat 1,CS (KUOTA 50%),Pria,40,36 - 40 tahun,3 tahun s/d 4 tahun 11 bulan,2 minggu sekali,Menikah,4 anak,Sarjana (S1),Pegawai/Karyawan Swasta,A2 : Rp. 3.000.001 - Rp. 4.500.000,Rp. 4.500.000 - Rp 6.000.000,10.0,6.0,6.0,Promoter,6.0,1.7142857142857142,4.285714285714286,Unknown,,,6.0,6.0,6.0,6.0,6.0,,6.0,6.0,6.0,6.0,6.0,6.0,6.0,6.0,6.0,6.0,1.0,1.0,1.0,6.0,1.0,1.0,1.0
198177882,Jawa Barat,Bogor,Bogor 3,CS (KUOTA 50%),Pria,44,41 - 45 tahun,5 tahun atau lebih,1 minggu sekali,Menikah,2 anak,SLTA,Wiraswasta/Pengusaha/Pedagang,A1 : Rp. 4.500.000 - Rp 6.000.000,Rp 6.000.001 - Rp 7.500.000,10.0,6.0,6.0,Promoter,6.0,1.4285714285714286,4.571428571428571,Satisfied,4.0,,6.0,6.0,6.0,6.0,6.0,,6.0,6.0,6.0,6.0,6.0,6.0,6.0,6.0,6.0,6.0,1.0,1.0,1.0,1.0,2.0,2.0,2.0
198177946,Jawa Barat,Ciamis,Ciamis 1,CS (KUOTA 50%),Wanita,34,31 - 35 tahun,5 tahun atau lebih,1 minggu sekali,Menikah,2 anak,SLTA,Tenaga Honorer,B : Rp. 2.000.001 - Rp. 3.000.000,Rp. 3.000.001 - Rp. 4.500.000,10.0,6.0,6.0,Promoter,6.0,1.0,5.0,Satisfied,4.0,,6.0,6.0,6.0,6.0,6.0,,6.0,6.0,6.0,6.0,6.0,6.0,6.0,6.0,6.0,6.0,1.0,1.0,1.0,1.0,1.0,1.0,1.0
198178124,Jawa Tengah,Pekalongan,Pekalongan 1,CS (KUOTA 50%),Pria,37,36 - 40 tahun,1 tahun s/d 2 tahun 11 bulan,1 minggu 2 kali atau lebih,Menikah,2 anak,SLTA,Polisi / Tentara / Militer,A1 : Rp. 4.500.000 - Rp 6.000.000,Rp 6.000.001 - Rp 7.500.000,10.0,6.0,6.0,Promoter,6.0,1.0,5.0,Unknown,,3.0,6.0,6.0,6.0,6.0,6.0,,6.0,6.0,6.0,6.0,6.0,6.0,6.0,6.0,6.0,6.0,1.0,1.0,1.0,1.0,1.0,1.0,1.0
198178257,Jawa Barat,Ciamis,Ciamis 1,Teller (KUOTA 50%),Pria,44,41 - 45 tahun,5 tahun atau lebih,1 minggu 2 kali atau lebih,Menikah,2 anak,Sarjana (S1),Pegawai Negeri Sipil (Bukan Guru),A1 : Rp. 4.500.000 - Rp 6.000.000,Rp 9.000.001- Rp 10.500.000,10.0,6.0,6.0,Promoter,6.0,1.0,5.0,Loyal Champion,4.0,3.0,6.0,6.0,6.0,6.0,6.0,6.0,,6.0,6.0,6.0,6.0,6.0,6.0,6.0,6.0,6.0,1.0,1.0,1.0,1.0,1.0,1.0,1.0
198178320,Jawa Tengah,Surakarta,Surakarta 1,CS (KUOTA 50%),Pria,30,26 - 30 tahun,3 tahun s/d 4 tahun 11 bulan,1 minggu 2 kali atau lebih,Menikah,1 anak,Sarjana (S1),Pegawai/Karyawan Swasta,A1 : Rp. 4.500.000 - Rp 6.000.000,Rp. 3.000.001 - Rp. 4.500.000,10.0,6.0,6.0,Promoter,6.0,1.0,5.0,Unknown,,3.0,6.0,6.0,6.0,6.0,6.0,,6.0,6.0,6.0,6.0,6.0,6.0,6.0,6.0,6.0,6.0,1.0,1.0,1.0,1.0,1.0,1.0,1.0
198178414,Jawa Tengah,Surakarta,Surakarta 1,CS (KUOTA 50%),Wanita,24,20 - 25 tahun,3 tahun s/d 4 tahun 11 bulan,2 minggu sekali,Belum menikah,Tidak memiliki anak,Akademi/D3,Mahasiswa/i,A1 : Rp. 4.500.000 - Rp 6.000.000,Rp. 4.500.000 - Rp 6.000.000,9.0,6.0,6.0,Promoter,6.0,1.0,5.0,Unknown,,,6.0,6.0,6.0,6.0,6.0,6.0,6.0,6.0,6.0,6.0,6.0,6.0,6.0,6.0,6.0,6.0,1.0,1.0,1.0,1.0,1.0,1.0,1.0
198178531,Banten,Tangerang,Tangerang 3,Teller (KUOTA 50%),Pria,49,46 - 50 tahun,5 tahun atau lebih,1 minggu 2 kali atau lebih,Menikah,3 anak,SLTA,Pegawai/Karyawan Swasta,A1.1 : Rp 6.000.001 - Rp 7.500.000,Rp 6.000.001 - Rp 7.500.000,7.0,5.0,5.0,Passive,5.0,1.0,4.0,Passive,4.0,3.0,5.0,5.0,5.0,5.0,5.0,5.0,5.0,5.0,5.0,5.0,5.0,5.0,5.0,5.0,5.0,5.0,1.0,1.0,1.0,1.0,1.0,1.0,1.0
198178638,Jawa Barat,Ciamis,Ciamis 1,Teller (KUOTA 50%),Pria,42,41 - 45 tahun,5 tahun atau lebih,1 minggu 2 kali atau lebih,Menikah,2 anak,SLTA,Lainnya,A2 : Rp. 3.000.001 - Rp. 4.500.000,Rp. 4.500.000 - Rp 6.000.000,10.0,6.0,6.0,Promoter,6.0,1.0,5.0,Loyal Champion,4.0,3.0,6.0,6.0,6.0,6.0,6.0,6.0,6.0,6.0,6.0,6.0,6.0,6.0,6.0,6.0,6.0,6.0,1.0,1.0,1.0,1.0,1.0,1.0,1.0
198178650,Banten,Tangerang,Tangerang 3,CS (KUOTA 50%),Pria,45,41 - 45 tahun,5 tahun atau lebih,2 minggu sekali,Menikah,1 anak,Akademi/D3,Pegawai/Karyawan Swasta,A1.1 : Rp 6.000.001 - Rp 7.500.000,Rp 7.500.001- Rp 9.000.000,7.0,5.0,5.0,Passive,5.0,1.0,4.0,Passive,4.0,,5.0,5.0,5.0,6.0,5.0,5.0,5.0,5.0,5.0,5.0,5.0,5.0,5.0,5.0,5.0,5.0,1.0,1.0,1.0,1.0,1.0,1.0,1.0
198178705,Kalimantan Timur,Balikpapan,Balikpapan 1,CS (KUOTA 50%),Wanita,39,36 - 40 tahun,5 tahun atau lebih,1 minggu 2 kali atau lebih,Menikah,2 anak,Sarjana (S1),Guru (Non PNS),A1 : Rp. 4.500.000 - Rp 6.000.000,Rp 9.000.001- Rp 10.500.000,9.0,6.0,6.0,Promoter,6.0,6.0,0.0,Loyal Champion,4.0,3.0,6.0,6.0,6.0,6.0,6.0,,6.0,6.0,6.0,6.0,6.0,6.0,6.0,6.0,6.0,6.0,6.0,6.0,6.0,6.0,6.0,6.0,6.0
198178796,Jawa Barat,Bandung Barat,Bandung Barat 1,CS (KUOTA 50%),Pria,40,36 - 40 tahun,5 tahun atau lebih,1 minggu 2 kali atau lebih,Menikah,2 anak,SLTA,Pegawai/Karyawan Swasta,C1 : Rp. 1.500.001 - Rp. 2.000.000,Rp. 3.000.001 - Rp. 4.500.000,10.0,6.0,6.0,Promoter,6.0,1.0,5.0,Loyal Champion,4.0,3.0,6.0,6.0,6.0,6.0,6.0,,6.0,6.0,6.0,6.0,6.0,6.0,6.0,6.0,6.0,6.0,1.0,1.0,1.0,1.0,1.0,1.0,1.0
198179126,DKI Jakarta,Jakarta Pusat,Jakarta Pusat 1,CS (KUOTA 50%),Pria,43,41 - 45 tahun,3 tahun s/d 4 tahun 11 bulan,1 bulan sekali,Menikah,1 anak,Sarjana (S1),Wiraswasta/Pengusaha/Pedagang,A1 : Rp. 4.500.000 - Rp 6.000.000,Rp 9.000.001- Rp 10.500.000,8.0,6.0,6.0,Passive,5.333333333333333,2.5714285714285716,2.7619047619047614,Unknown,,,4.0,4.0,4.0,5.0,6.0,,6.0,4.0,5.0,6.0,6.0,6.0,6.0,4.0,5.0,6.0,3.0,3.0,2.0,2.0,3.0,2.0,3.0
198179410,Kalimantan Timur,Balikpapan,Balikpapan 1,CS (KUOTA 50%),Wanita,36,36 - 40 tahun,5 tahun atau lebih,1 bulan sekali,Menikah,2 anak,Akademi/D3,Pegawai Negeri Sipil (Bukan Guru),A1 : Rp. 4.500.000 - Rp 6.000.000,Rp 10.500.0001 - Rp 15.000.000,9.0,5.0,5.0,Promoter,5.0,1.0,4.0,Satisfied,4.0,,5.0,5.0,5.0,5.0,5.0,,5.0,5.0,5.0,5.0,5.0,5.0,5.0,5.0,5.0,5.0,1.0,1.0,1.0,1.0,1.0,1.0,1.0
198179411,Lampung,Bandar Lampung,Bandar Lampung 1,Teller (KUOTA 50%),Pria,35,31 - 35 tahun,1 tahun s/d 2 tahun 11 bulan,1 bulan sekali,Menikah,2 anak,Sarjana (S1),Pegawai/Karyawan Swasta,A2 : Rp. 3.000.001 - Rp. 4.500.000,Rp. 4.500.000 - Rp 6.000.000,8.0,6.0,6.0,Passive,5.0,2.7142857142857144,2.2857142857142856,Unknown,,,5.0,5.0,5.0,5.0,6.0,6.0,,5.0,5.0,5.0,5.0,5.0,5.0,5.0,5.0,5.0,5.0,1.0,5.0,1.0,1.0,1.0,5.0
198180108,Jawa Barat,Kuningan,Kuningan 1,Teller (KUOTA 50%),Pria,21,20 - 25 tahun,1 tahun s/d 2 tahun 11 bulan,1 minggu sekali,Belum menikah,Tidak memiliki anak,SLTA,Pegawai Negeri Sipil (Bukan Guru),B : Rp. 2.000.001 - Rp. 3.000.000,Rp 6.000.001 - Rp 7.500.000,10.0,6.0,6.0,Promoter,6.0,1.0,5.0,Unknown,,,6.0,6.0,6.0,6.0,6.0,6.0,,6.0,6.0,6.0,6.0,6.0,6.0,6.0,6.0,6.0,1.0,1.0,1.0,1.0,1.0,1.0,1.0
198180453,Jawa Barat,Banjar,Banjar 1,Teller (KUOTA 50%),Pria,25,20 - 25 tahun,3 tahun s/d 4 tahun 11 bulan,1 minggu sekali,Belum menikah,Tidak memiliki anak,SLTA,Pegawai/Karyawan Swasta,C1 : Rp. 1.500.001 - Rp. 2.000.000,Rp. 2.000.001 - Rp. 3.000.000,10.0,6.0,6.0,Promoter,6.0,1.0,5.0,Unknown,,,6.0,6.0,6.0,6.0,6.0,6.0,,6.0,6.0,6.0,6.0,6.0,6.0,6.0,6.0,6.0,1.0,1.0,1.0,1.0,1.0,1.0,1.0
198180779,Riau,Pekanbaru,Pekanbaru 1,CS (KUOTA 50%),Wanita,36,36 - 40 tahun,5 tahun atau lebih,1 minggu 2 kali atau lebih,Menikah,1 anak,Sarjana (S1),Pegawai/Karyawan Swasta,A1.2 : Rp 7.500.001- Rp 9.000.000,Rp 15.000.001- Rp 20.000.000,10.0,6.0,6.0,Promoter,6.0,1.0,5.0,Loyal Champion,4.0,3.0,6.0,6.0,6.0,6.0,6.0,6.0,6.0,6.0,6.0,6.0,6.0,6.0,6.0,6.0,6.0,6.0,1.0,1.0,1.0,1.0,1.0,1.0,1.0
198180799,Jawa Barat,Bogor,Bogor 3,Teller (KUOTA 50%),Wanita,50,46 - 50 tahun,3 tahun s/d 4 tahun 11 bulan,1 bulan sekali,Menikah,2 anak,Sarjana (S1),Guru (Non PNS),A1 : Rp. 4.500.000 - Rp 6.000.000,Rp 6.000.001 - Rp 7.500.000,10.0,6.0,6.0,Promoter,5.777777777777778,1.1428571428571428,4.634920634920634,Unknown,,,6.0,6.0,6.0,6.0,6.0,6.0,,5.0,6.0,5.0,6.0,6.0,6.0,6.0,6.0,6.0,1.0,1.0,1.0,1.0,1.0,1.0,2.0
198180800,Jawa Barat,Bogor,Bogor 3,CS (KUOTA 50%),Wanita,35,31 - 35 tahun,5 tahun atau lebih,2 minggu sekali,Menikah,1 anak,Sarjana (S1),Pegawai Negeri Sipil (Bukan Guru),A1.1 : Rp 6.000.001 - Rp 7.500.000,Rp 9.000.001- Rp 10.500.000,10.0,6.0,6.0,Promoter,6.0,1.4285714285714286,4.571428571428571,Satisfied,4.0,,6.0,6.0,6.0,6.0,6.0,,6.0,6.0,6.0,6.0,6.0,6.0,6.0,6.0,6.0,6.0,1.0,2.0,1.0,1.0,1.0,2.0,2.0
198180958,DKI Jakarta,Jakarta Pusat,Jakarta Pusat 1,CS (KUOTA 50%),Pria,22,20 - 25 tahun,1 tahun s/d 2 tahun 11 bulan,1 bulan sekali,Belum menikah,Tidak memiliki anak,SLTA,Pegawai/Karyawan Swasta,C1 : Rp. 1.500.001 - Rp. 2.000.000,Rp 7.500.001- Rp 9.000.000,8.0,6.0,6.0,Passive,5.222222222222222,2.2857142857142856,2.9365079365079367,Unknown,,,5.0,4.0,5.0,5.0,6.0,,6.0,5.0,5.0,6.0,5.0,6.0,5.0,4.0,5.0,6.0,2.0,2.0,2.0,2.0,3.0,2.0,3.0
198181434,Jawa Barat,Kuningan,Kuningan 1,Teller (KUOTA 50%),Wanita,21,20 - 25 tahun,1 tahun s/d 2 tahun 11 bulan,1 minggu sekali,Belum menikah,Tidak memiliki anak,SLTA,Wiraswasta/Pengusaha/Pedagang,C1 : Rp. 1.500.001 - Rp. 2.000.000,Rp. 2.000.001 - Rp. 3.000.000,10.0,6.0,6.0,Promoter,6.0,1.0,5.0,Unknown,,,6.0,6.0,6.0,6.0,6.0,6.0,6.0,6.0,6.0,6.0,6.0,6.0,6.0,6.0,6.0,6.0,1.0,1.0,1.0,1.0,1.0,1.0,1.0
198181783,Jawa Barat,Banjar,Banjar 1,Teller (KUOTA 50%),Pria,28,26 - 30 tahun,3 tahun s/d 4 tahun 11 bulan,1 minggu 2 kali atau lebih,Menikah,1 anak,SLTA,Polisi / Tentara / Militer,B : Rp. 2.000.001 - Rp. 3.000.000,Rp. 3.000.001 - Rp. 4.500.000,10.0,6.0,6.0,Promoter,6.0,1.0,5.0,Unknown,,3.0,6.0,6.0,6.0,6.0,6.0,6.0,,6.0,6.0,6.0,6.0,6.0,6.0,6.0,6.0,6.0,1.0,1.0,1.0,1.0,1.0,1.0,1.0
198181966,Jawa Tengah,Boyolali,Boyolali 1,CS (KUOTA 50%),Wanita,33,31 - 35 tahun,3 tahun s/d 4 tahun 11 bulan,1 bulan sekali,Menikah,3 anak,Sarjana (S1),Pegawai Negeri Sipil (Guru),A2 : Rp. 3.000.001 - Rp. 4.500.000,Rp 6.000.001 - Rp 7.500.000,8.0,6.0,5.0,Passive,6.0,1.0,5.0,Unknown,,,6.0,5.0,6.0,6.0,6.0,,6.0,6.0,6.0,6.0,6.0,6.0,6.0,6.0,6.0,6.0,1.0,1.0,1.0,1.0,1.0,1.0,1.0
198182265,DKI Jakarta,Jakarta Pusat,Jakarta Pusat 1,Teller (KUOTA 50%),Pria,50,46 - 50 tahun,5 tahun atau lebih,2 minggu sekali,Menikah,1 anak,Akademi/D3,Wiraswasta/Pengusaha/Pedagang,A1.4 : Rp 10.500.0001 - Rp 15.000.000,Rp 10.500.0001 - Rp 15.000.000,9.0,6.0,5.0,Promoter,5.222222222222222,1.7142857142857142,3.507936507936508,Satisfied,4.0,,5.0,5.0,5.0,5.0,6.0,6.0,,5.0,5.0,5.0,5.0,6.0,5.0,6.0,5.0,5.0,5.0,1.0,1.0,1.0,1.0,1.0,2.0
198182266,DKI Jakarta,Jakarta Pusat,Jakarta Pusat 1,Teller (KUOTA 50%),Pria,41,41 - 45 tahun,5 tahun atau lebih,1 bulan sekali,Menikah,2 anak,SLTA,Pegawai/Karyawan Swasta,A1 : Rp. 4.500.000 - Rp 6.000.000,Rp 6.000.001 - Rp 7.500.000,7.0,6.0,6.0,Passive,5.333333333333333,1.2857142857142858,4.0476190476190474,Passive,4.0,,5.0,5.0,6.0,5.0,6.0,6.0,,5.0,6.0,6.0,5.0,5.0,6.0,5.0,5.0,5.0,1.0,1.0,1.0,2.0,1.0,1.0,2.0
198182811,Banten,Tangerang,Tangerang 3,Teller (KUOTA 50%),Wanita,44,41 - 45 tahun,5 tahun atau lebih,1 bulan sekali,Menikah,2 anak,Sarjana (S1),Wiraswasta/Pengusaha/Pedagang,A1.1 : Rp 6.000.001 - Rp 7.500.000,Rp 7.500.001- Rp 9.000.000,8.0,5.0,5.0,Passive,4.111111111111111,1.0,3.1111111111111107,Passive,4.0,,5.0,5.0,5.0,5.0,5.0,5.0,5.0,1.0,5.0,5.0,5.0,5.0,5.0,5.0,1.0,5.0,1.0,1.0,1.0,1.0,1.0,1.0,1.0
198183896,Jawa Barat,Banjar,Banjar 1,CS (KUOTA 50%),Pria,31,31 - 35 tahun,5 tahun atau lebih,2 minggu sekali,Menikah,1 anak,SLTA,Wiraswasta/Pengusaha/Pedagang,A2 : Rp. 3.000.001 - Rp. 4.500.000,Rp. 3.000.001 - Rp. 4.500.000,10.0,6.0,6.0,Promoter,6.0,1.0,5.0,Satisfied,4.0,,6.0,6.0,6.0,6.0,6.0,,6.0,6.0,6.0,6.0,6.0,6.0,6.0,6.0,6.0,6.0,1.0,1.0,1.0,1.0,1.0,1.0,1.0
198184356,Banten,Tangerang,Tangerang 3,Teller (KUOTA 50%),Pria,50,46 - 50 tahun,5 tahun atau lebih,2 minggu sekali,Menikah,2 anak,Sarjana (S1),Pegawai/Karyawan Swasta,A1.1 : Rp 6.000.001 - Rp 7.500.000,Rp 7.500.001- Rp 9.000.000,8.0,6.0,5.0,Passive,5.0,1.0,4.0,Passive,4.0,,5.0,5.0,5.0,6.0,5.0,5.0,5.0,5.0,5.0,5.0,5.0,5.0,5.0,5.0,5.0,5.0,1.0,1.0,1.0,1.0,1.0,1.0,1.0
198186229,Banten,Tangerang,Tangerang 3,Teller (KUOTA 50%),Wanita,37,36 - 40 tahun,5 tahun atau lebih,2 minggu sekali,Menikah,1 anak,SLTA,Wiraswasta/Pengusaha/Pedagang,A1.1 : Rp 6.000.001 - Rp 7.500.000,Rp 7.500.001- Rp 9.000.000,8.0,5.0,5.0,Passive,5.0,1.0,4.0,Passive,4.0,,5.0,5.0,5.0,5.0,5.0,5.0,5.0,5.0,5.0,5.0,5.0,5.0,5.0,5.0,5.0,5.0,1.0,1.0,1.0,1.0,1.0,1.0,1.0
198186617,DKI Jakarta,Jakarta Timur,Jakarta Timur 2,CS (KUOTA 50%),Wanita,50,46 - 50 tahun,5 tahun atau lebih,1 bulan sekali,Menikah,2 anak,SLTA,Ibu Rumah Tangga,A1.1 : Rp 6.000.001 - Rp 7.500.000,Rp 10.500.0001 - Rp 15.000.000,10.0,6.0,6.0,Promoter,6.0,1.7142857142857142,4.285714285714286,Satisfied,4.0,,6.0,6.0,6.0,6.0,6.0,,6.0,6.0,6.0,6.0,6.0,6.0,6.0,6.0,6.0,6.0,1.0,6.0,1.0,1.0,1.0,1.0,1.0
198190454,Sumatera Utara,Medan,Medan 1,Teller (KUOTA 50%),Pria,30,26 - 30 tahun,3 tahun s/d 4 tahun 11 bulan,1 bulan sekali,Menikah,3 anak,SLTA,Wiraswasta/Pengusaha/Pedagang,A1 : Rp. 4.500.000 - Rp 6.000.000,Rp 6.000.001 - Rp 7.500.000,10.0,6.0,6.0,Promoter,6.0,1.0,5.0,Unknown,,,6.0,6.0,6.0,6.0,6.0,6.0,6.0,6.0,6.0,6.0,6.0,6.0,6.0,6.0,6.0,6.0,1.0,1.0,1.0,1.0,1.0,1.0,1.0
198190455,Sumatera Utara,Medan,Medan 1,CS (KUOTA 50%),Wanita,31,31 - 35 tahun,5 tahun atau lebih,2 minggu sekali,Menikah,2 anak,Sarjana (S1),Pegawai/Karyawan Swasta,A1.4 : Rp 10.500.0001 - Rp 15.000.000,Rp 15.000.001- Rp 20.000.000,10.0,6.0,6.0,Promoter,6.0,1.0,5.0,Satisfied,4.0,,6.0,6.0,6.0,6.0,6.0,,6.0,6.0,6.0,6.0,6.0,6.0,6.0,6.0,6.0,6.0,1.0,1.0,1.0,1.0,1.0,1.0,1.0
198190456,Sumatera Utara,Medan,Medan 1,CS (KUOTA 50%),Pria,42,41 - 45 tahun,3 tahun s/d 4 tahun 11 bulan,1 minggu 2 kali atau lebih,Menikah,Tidak memiliki anak,SLTA,Pegawai/Karyawan Swasta,A1 : Rp. 4.500.000 - Rp 6.000.000,Rp 9.000.001- Rp 10.500.000,10.0,6.0,6.0,Promoter,6.0,1.0,5.0,Unknown,,3.0,6.0,6.0,6.0,6.0,6.0,6.0,6.0,6.0,6.0,6.0,6.0,6.0,6.0,6.0,6.0,6.0,1.0,1.0,1.0,1.0,1.0,1.0,1.0
198195176,Jawa Barat,Depok,Depok 2,CS (KUOTA 50%),Pria,47,46 - 50 tahun,3 tahun s/d 4 tahun 11 bulan,1 minggu sekali,Menikah,2 anak,Sarjana (S1),Pegawai/Karyawan Swasta,A2 : Rp. 3.000.001 - Rp. 4.500.000,Rp 6.000.001 - Rp 7.500.000,9.0,6.0,6.0,Promoter,6.0,1.0,5.0,Unknown,,,5.0,5.0,6.0,6.0,6.0,,6.0,6.0,6.0,6.0,6.0,6.0,6.0,6.0,6.0,6.0,1.0,1.0,1.0,1.0,1.0,1.0,1.0
198196423,Banten,Tangerang,Tangerang 4,Teller (KUOTA 50%),Pria,41,41 - 45 tahun,3 tahun s/d 4 tahun 11 bulan,1 minggu 2 kali atau lebih,Menikah,2 anak,Sarjana (S1),Wiraswasta/Pengusaha/Pedagang,A1 : Rp. 4.500.000 - Rp 6.000.000,Rp 10.500.0001 - Rp 15.000.000,10.0,6.0,6.0,Promoter,6.0,1.0,5.0,Unknown,,3.0,6.0,6.0,6.0,6.0,6.0,6.0,6.0,6.0,6.0,6.0,6.0,6.0,6.0,6.0,6.0,6.0,1.0,1.0,1.0,1.0,1.0,1.0,1.0
198197974,Banten,Tangerang,Tangerang 1,CS (KUOTA 50%),Wanita,49,46 - 50 tahun,5 tahun atau lebih,2 minggu sekali,Menikah,3 anak,Sarjana (S1),Pegawai Negeri Sipil (Bukan Guru),A2 : Rp. 3.000.001 - Rp. 4.500.000,Rp 6.000.001 - Rp 7.500.000,10.0,6.0,6.0,Promoter,6.0,5.714285714285714,0.2857142857142856,Satisfied,4.0,,6.0,6.0,6.0,6.0,6.0,4.0,3.0,6.0,6.0,6.0,6.0,6.0,6.0,6.0,6.0,6.0,5.0,6.0,6.0,6.0,6.0,6.0,5.0
198223717,Jawa Barat,Kuningan,Kuningan 2,CS (KUOTA 50%),Wanita,28,26 - 30 tahun,1 tahun s/d 2 tahun 11 bulan,1 minggu sekali,Menikah,2 anak,SLTA,Ibu Rumah Tangga,C2 : Rp. 1.000.001 - Rp. 1.500.000,Rp. 2.000.001 - Rp. 3.000.000,10.0,6.0,6.0,Promoter,6.0,1.0,5.0,Unknown,,,6.0,6.0,6.0,6.0,6.0,,6.0,6.0,6.0,6.0,6.0,6.0,6.0,6.0,6.0,6.0,1.0,1.0,1.0,1.0,1.0,1.0,1.0
198224048,Riau,Pekanbaru,Pekanbaru 1,Teller (KUOTA 50%),Wanita,28,26 - 30 tahun,1 tahun s/d 2 tahun 11 bulan,1 minggu sekali,Menikah,1 anak,SLTA,Pegawai/Karyawan Swasta,A2 : Rp. 3.000.001 - Rp. 4.500.000,Rp. 3.000.001 - Rp. 4.500.000,10.0,6.0,6.0,Promoter,6.0,1.0,5.0,Unknown,,,6.0,6.0,6.0,6.0,6.0,6.0,,6.0,6.0,6.0,6.0,6.0,6.0,6.0,6.0,6.0,1.0,1.0,1.0,1.0,1.0,1.0,1.0
198224132,Jawa Barat,Kuningan,Kuningan 2,Teller (KUOTA 50%),Wanita,23,20 - 25 tahun,1 tahun s/d 2 tahun 11 bulan,1 minggu sekali,Belum menikah,Tidak memiliki anak,SLTA,Wiraswasta/Pengusaha/Pedagang,C2 : Rp. 1.000.001 - Rp. 1.500.000,Rp. 1.500.001 - Rp. 2.000.000,10.0,6.0,6.0,Promoter,6.0,1.0,5.0,Unknown,,,6.0,6.0,6.0,6.0,6.0,6.0,,6.0,6.0,6.0,6.0,6.0,6.0,6.0,6.0,6.0,1.0,1.0,1.0,1.0,1.0,1.0,1.0
198224374,Jawa Tengah,Surakarta,Surakarta 1,CS (KUOTA 50%),Pria,41,41 - 45 tahun,5 tahun atau lebih,1 bulan sekali,Menikah,2 anak,SLTA,Wiraswasta/Pengusaha/Pedagang,A2 : Rp. 3.000.001 - Rp. 4.500.000,Rp. 4.500.000 - Rp 6.000.000,10.0,6.0,6.0,Promoter,6.0,1.0,5.0,Satisfied,4.0,,6.0,6.0,6.0,6.0,6.0,,6.0,6.0,6.0,6.0,6.0,6.0,6.0,6.0,6.0,6.0,1.0,1.0,1.0,1.0,1.0,1.0,1.0
198224471,Riau,Pekanbaru,Pekanbaru 1,Teller (KUOTA 50%),Wanita,42,41 - 45 tahun,5 tahun atau lebih,1 minggu 2 kali atau lebih,Menikah,2 anak,SLTA,Pegawai/Karyawan Swasta,A1.1 : Rp 6.000.001 - Rp 7.500.000,Rp 7.500.001- Rp 9.000.000,10.0,6.0,6.0,Promoter,6.0,1.0,5.0,Loyal Champion,4.0,3.0,6.0,6.0,6.0,6.0,6.0,6.0,,6.0,6.0,6.0,6.0,6.0,6.0,6.0,6.0,6.0,1.0,1.0,1.0,1.0,1.0,1.0,1.0
198224601,Jawa Barat,Ciamis,Ciamis 2,Teller (KUOTA 50%),Wanita,47,46 - 50 tahun,5 tahun atau lebih,1 minggu 2 kali atau lebih,Menikah,2 anak,Sarjana (S1),Pegawai Negeri Sipil (Bukan Guru),A1 : Rp. 4.500.000 - Rp 6.000.000,Rp 7.500.001- Rp 9.000.000,10.0,6.0,6.0,Promoter,6.0,1.0,5.0,Loyal Champion,4.0,3.0,6.0,6.0,6.0,6.0,6.0,6.0,,6.0,6.0,6.0,6.0,6.0,6.0,6.0,6.0,6.0,1.0,1.0,1.0,1.0,1.0,1.0,1.0
198224628,Jawa Barat,Cimahi,Cimahi 2,Teller (KUOTA 50%),Wanita,25,20 - 25 tahun,3 tahun s/d 4 tahun 11 bulan,1 minggu sekali,Menikah,1 anak,SLTA,Ibu Rumah Tangga,A2 : Rp. 3.000.001 - Rp. 4.500.000,Rp. 3.000.001 - Rp. 4.500.000,10.0,6.0,6.0,Promoter,6.0,1.0,5.0,Unknown,,,6.0,6.0,6.0,6.0,6.0,6.0,,6.0,6.0,6.0,6.0,6.0,6.0,6.0,6.0,6.0,1.0,1.0,1.0,1.0,1.0,1.0,1.0
198224747,Kalimantan Timur,Balikpapan,Balikpapan 1,Teller (KUOTA 50%),Wanita,35,31 - 35 tahun,5 tahun atau lebih,1 bulan sekali,Belum menikah,Tidak memiliki anak,SLTA,Wiraswasta/Pengusaha/Pedagang,A1 : Rp. 4.500.000 - Rp 6.000.000,Rp 10.500.0001 - Rp 15.000.000,8.0,5.0,6.0,Passive,5.0,5.142857142857143,-0.14285714285714324,Passive,4.0,,5.0,5.0,5.0,5.0,6.0,5.0,,5.0,5.0,5.0,5.0,5.0,5.0,5.0,5.0,5.0,5.0,5.0,6.0,5.0,5.0,5.0,5.0
198224972,DKI Jakarta,Jakarta Timur,Jakarta Timur 2,Teller (KUOTA 50%),Pria,42,41 - 45 tahun,5 tahun atau lebih,1 bulan sekali,Menikah,2 anak,SLTA,Pegawai/Karyawan Swasta,A1.1 : Rp 6.000.001 - Rp 7.500.000,Rp 9.000.001- Rp 10.500.000,10.0,6.0,6.0,Promoter,6.0,1.7142857142857142,4.285714285714286,Satisfied,4.0,,6.0,6.0,6.0,6.0,6.0,6.0,,6.0,6.0,6.0,6.0,6.0,6.0,6.0,6.0,6.0,1.0,1.0,1.0,6.0,1.0,1.0,1.0
198225007,Riau,Pekanbaru,Pekanbaru 1,CS (KUOTA 50%),Wanita,28,26 - 30 tahun,5 tahun atau lebih,1 minggu 2 kali atau lebih,Menikah,2 anak,Sarjana (S1),Pegawai/Karyawan Swasta,A2 : Rp. 3.000.001 - Rp. 4.500.000,Rp 6.000.001 - Rp 7.500.000,10.0,6.0,6.0,Promoter,6.0,1.0,5.0,Loyal Champion,4.0,3.0,6.0,6.0,6.0,6.0,6.0,,6.0,6.0,6.0,6.0,6.0,6.0,6.0,6.0,6.0,6.0,1.0,1.0,1.0,1.0,1.0,1.0,1.0
198225016,Jawa Tengah,Surakarta,Surakarta 1,Teller (KUOTA 50%),Pria,40,36 - 40 tahun,5 tahun atau lebih,1 minggu 2 kali atau lebih,Menikah,2 anak,SLTA,Pegawai/Karyawan Swasta,C1 : Rp. 1.500.001 - Rp. 2.000.000,Rp. 3.000.001 - Rp. 4.500.000,10.0,6.0,6.0,Promoter,6.0,1.0,5.0,Loyal Champion,4.0,3.0,6.0,6.0,6.0,6.0,6.0,6.0,,6.0,6.0,6.0,6.0,6.0,6.0,6.0,6.0,6.0,1.0,1.0,1.0,1.0,1.0,1.0,1.0
198225066,Bali,Denpasar,Denpasar 1,CS (KUOTA 50%),Pria,33,31 - 35 tahun,1 tahun s/d 2 tahun 11 bulan,1 minggu sekali,Menikah,2 anak,Sarjana (S1),Pegawai/Karyawan Swasta,A1 : Rp. 4.500.000 - Rp 6.000.000,Rp 10.500.0001 - Rp 15.000.000,10.0,6.0,6.0,Promoter,6.0,2.4285714285714284,3.5714285714285716,Unknown,,,6.0,6.0,6.0,6.0,6.0,6.0,6.0,6.0,6.0,6.0,6.0,6.0,6.0,6.0,6.0,6.0,1.0,1.0,1.0,6.0,1.0,6.0,1.0
198225568,Jawa Tengah,Surakarta,Surakarta 1,Teller (KUOTA 50%),Pria,28,26 - 30 tahun,1 tahun s/d 2 tahun 11 bulan,1 bulan sekali,Belum menikah,Tidak memiliki anak,Sarjana (S1),Pegawai/Karyawan Swasta,A1.2 : Rp 7.500.001- Rp 9.000.000,Rp 10.500.0001 - Rp 15.000.000,9.0,6.0,6.0,Promoter,5.777777777777778,1.1428571428571428,4.634920634920634,Unknown,,,6.0,6.0,6.0,6.0,6.0,6.0,,6.0,6.0,6.0,5.0,6.0,5.0,6.0,6.0,6.0,1.0,1.0,1.0,1.0,1.0,1.0,2.0
198225771,Jawa Barat,Ciamis,Ciamis 2,Teller (KUOTA 50%),Pria,50,46 - 50 tahun,5 tahun atau lebih,2 minggu sekali,Menikah,3 anak,Sarjana (S1),Pegawai Negeri Sipil (Bukan Guru),A2 : Rp. 3.000.001 - Rp. 4.500.000,Rp 7.500.001- Rp 9.000.000,10.0,6.0,6.0,Promoter,6.0,1.0,5.0,Satisfied,4.0,,6.0,6.0,6.0,6.0,6.0,6.0,,6.0,6.0,6.0,6.0,6.0,6.0,6.0,6.0,6.0,1.0,1.0,1.0,1.0,1.0,1.0,1.0
198226106,Jawa Tengah,Surakarta,Surakarta 1,Teller (KUOTA 50%),Wanita,24,20 - 25 tahun,3 tahun s/d 4 tahun 11 bulan,1 minggu 2 kali atau lebih,Belum menikah,Tidak memiliki anak,Sarjana (S1),Pegawai/Karyawan Swasta,C1 : Rp. 1.500.001 - Rp. 2.000.000,Rp. 4.500.000 - Rp 6.000.000,10.0,6.0,6.0,Promoter,6.0,1.0,5.0,Unknown,,3.0,6.0,6.0,6.0,6.0,6.0,6.0,,6.0,6.0,6.0,6.0,6.0,6.0,6.0,6.0,6.0,1.0,1.0,1.0,1.0,1.0,1.0,1.0
198226207,Bali,Denpasar,Denpasar 1,CS (KUOTA 50%),Wanita,34,31 - 35 tahun,3 tahun s/d 4 tahun 11 bulan,2 minggu sekali,Menikah,2 anak,SLTA,Pegawai Negeri Sipil (Bukan Guru),A2 : Rp. 3.000.001 - Rp. 4.500.000,Rp 7.500.001- Rp 9.000.000,10.0,6.0,6.0,Promoter,6.0,1.0,5.0,Unknown,,,6.0,6.0,6.0,6.0,6.0,6.0,6.0,6.0,6.0,6.0,6.0,6.0,6.0,6.0,6.0,6.0,1.0,1.0,1.0,1.0,1.0,1.0,1.0
198226427,Jawa Tengah,Surakarta,Surakarta 1,CS (KUOTA 50%),Wanita,24,20 - 25 tahun,1 tahun s/d 2 tahun 11 bulan,1 bulan sekali,Belum menikah,Tidak memiliki anak,SLTA,Mahasiswa/i,A1.1 : Rp 6.000.001 - Rp 7.500.000,Rp 9.000.001- Rp 10.500.000,10.0,6.0,6.0,Promoter,6.0,1.0,5.0,Unknown,,,6.0,6.0,6.0,6.0,6.0,,6.0,6.0,6.0,6.0,6.0,6.0,6.0,6.0,6.0,6.0,1.0,1.0,1.0,1.0,1.0,1.0,1.0
198226517,Bali,Denpasar,Denpasar 1,CS (KUOTA 50%),Wanita,35,31 - 35 tahun,1 tahun s/d 2 tahun 11 bulan,2 minggu sekali,Menikah,2 anak,Akademi/D3,Ibu Rumah Tangga,A1.3 : Rp 9.000.001- Rp 10.500.000,Rp 7.500.001- Rp 9.000.000,10.0,6.0,6.0,Promoter,5.111111111111111,5.0,0.11111111111111072,Unknown,,,6.0,5.0,6.0,6.0,6.0,6.0,5.0,5.0,5.0,5.0,5.0,5.0,5.0,5.0,5.0,6.0,5.0,5.0,5.0,5.0,5.0,5.0,5.0
198226571,Jawa Barat,Ciamis,Ciamis 2,Teller (KUOTA 50%),Wanita,43,41 - 45 tahun,5 tahun atau lebih,1 minggu 2 kali atau lebih,Menikah,3 anak,Sarjana (S1),Pegawai Negeri Sipil (Bukan Guru),A1.1 : Rp 6.000.001 - Rp 7.500.000,Rp 15.000.001- Rp 20.000.000,10.0,6.0,6.0,Promoter,6.0,1.0,5.0,Loyal Champion,4.0,3.0,6.0,6.0,6.0,6.0,6.0,6.0,,6.0,6.0,6.0,6.0,6.0,6.0,6.0,6.0,6.0,1.0,1.0,1.0,1.0,1.0,1.0,1.0
198226684,Bali,Denpasar,Denpasar 1,CS (KUOTA 50%),Wanita,29,26 - 30 tahun,3 tahun s/d 4 tahun 11 bulan,2 minggu sekali,Belum menikah,Tidak memiliki anak,Sarjana (S1),Pegawai/Karyawan Swasta,B : Rp. 2.000.001 - Rp. 3.000.000,Rp 6.000.001 - Rp 7.500.000,10.0,6.0,6.0,Promoter,6.0,1.0,5.0,Unknown,,,6.0,6.0,6.0,6.0,6.0,,6.0,6.0,6.0,6.0,6.0,6.0,6.0,6.0,6.0,6.0,1.0,1.0,1.0,1.0,1.0,1.0,1.0
198227013,Jawa Tengah,Surakarta,Surakarta 1,CS (KUOTA 50%),Wanita,35,31 - 35 tahun,5 tahun atau lebih,1 minggu 2 kali atau lebih,Menikah,Tidak memiliki anak,Sarjana (S1),Pegawai/Karyawan Swasta,A2 : Rp. 3.000.001 - Rp. 4.500.000,Rp 10.500.0001 - Rp 15.000.000,10.0,6.0,6.0,Promoter,6.0,2.4285714285714284,3.5714285714285716,Loyal Champion,4.0,3.0,6.0,6.0,6.0,6.0,6.0,,6.0,6.0,6.0,6.0,6.0,6.0,6.0,6.0,6.0,6.0,6.0,1.0,1.0,1.0,6.0,1.0,1.0
198227034,Bali,Denpasar,Denpasar 1,CS (KUOTA 50%),Wanita,35,31 - 35 tahun,5 tahun atau lebih,2 minggu sekali,Menikah,2 anak,SLTA,Wiraswasta/Pengusaha/Pedagang,A1.2 : Rp 7.500.001- Rp 9.000.000,Rp 6.000.001 - Rp 7.500.000,10.0,6.0,6.0,Promoter,5.333333333333333,5.428571428571429,-0.09523809523809579,Satisfied,4.0,,6.0,6.0,6.0,6.0,6.0,6.0,5.0,6.0,6.0,5.0,5.0,5.0,5.0,5.0,5.0,6.0,5.0,5.0,5.0,6.0,5.0,6.0,6.0
198227223,Jawa Barat,Kuningan,Kuningan 2,Teller (KUOTA 50%),Pria,21,20 - 25 tahun,1 tahun s/d 2 tahun 11 bulan,1 minggu 2 kali atau lebih,Belum menikah,Tidak memiliki anak,SLTA,Wiraswasta/Pengusaha/Pedagang,C1 : Rp. 1.500.001 - Rp. 2.000.000,Rp. 1.500.001 - Rp. 2.000.000,10.0,6.0,6.0,Promoter,6.0,1.0,5.0,Unknown,,3.0,6.0,6.0,6.0,6.0,6.0,6.0,6.0,6.0,6.0,6.0,6.0,6.0,6.0,6.0,6.0,6.0,1.0,1.0,1.0,1.0,1.0,1.0,1.0
198227224,Jawa Barat,Kuningan,Kuningan 2,CS (KUOTA 50%),Wanita,20,20 - 25 tahun,1 tahun s/d 2 tahun 11 bulan,1 minggu 2 kali atau lebih,Belum menikah,Tidak memiliki anak,SLTA,Wiraswasta/Pengusaha/Pedagang,A2 : Rp. 3.000.001 - Rp. 4.500.000,Rp. 4.500.000 - Rp 6.000.000,10.0,6.0,6.0,Promoter,6.0,1.0,5.0,Unknown,,3.0,6.0,6.0,6.0,6.0,6.0,6.0,6.0,6.0,6.0,6.0,6.0,6.0,6.0,6.0,6.0,6.0,1.0,1.0,1.0,1.0,1.0,1.0,1.0
198227615,Sulawesi Selatan,Makassar,Makassar 1,CS (KUOTA 50%),Wanita,24,20 - 25 tahun,1 tahun s/d 2 tahun 11 bulan,1 bulan sekali,Menikah,1 anak,Sarjana (S1),Wiraswasta/Pengusaha/Pedagang,A2 : Rp. 3.000.001 - Rp. 4.500.000,Rp 9.000.001- Rp 10.500.000,9.0,6.0,6.0,Promoter,6.0,1.0,5.0,Unknown,,,6.0,6.0,6.0,6.0,6.0,,6.0,6.0,6.0,6.0,6.0,6.0,6.0,6.0,6.0,6.0,1.0,1.0,1.0,1.0,1.0,1.0,1.0
198227628,DKI Jakarta,Jakarta Barat,Jakarta Barat 6,Teller (KUOTA 50%),Wanita,36,36 - 40 tahun,3 tahun s/d 4 tahun 11 bulan,1 bulan sekali,Menikah,2 anak,SLTA,Ibu Rumah Tangga,A2 : Rp. 3.000.001 - Rp. 4.500.000,Rp. 4.500.000 - Rp 6.000.000,8.0,5.0,5.0,Passive,6.0,1.5714285714285714,4.428571428571429,Unknown,,,5.0,5.0,5.0,5.0,6.0,5.0,,6.0,6.0,6.0,6.0,6.0,6.0,6.0,6.0,6.0,1.0,1.0,1.0,5.0,1.0,1.0,1.0
198227822,Bali,Denpasar,Denpasar 1,Teller (KUOTA 50%),Pria,31,31 - 35 tahun,5 tahun atau lebih,2 minggu sekali,Menikah,3 anak,SLTA,Pegawai/Karyawan Swasta,A1 : Rp. 4.500.000 - Rp 6.000.000,Rp 10.500.0001 - Rp 15.000.000,10.0,6.0,6.0,Promoter,6.0,1.0,5.0,Satisfied,4.0,,6.0,6.0,6.0,6.0,6.0,6.0,,6.0,6.0,6.0,6.0,6.0,6.0,6.0,6.0,6.0,1.0,1.0,1.0,1.0,1.0,1.0,1.0
198227837,Jawa Barat,Bandung,Bandung 10,Teller (KUOTA 50%),Wanita,21,20 - 25 tahun,1 tahun s/d 2 tahun 11 bulan,1 bulan sekali,Belum menikah,Tidak memiliki anak,SLTA,Mahasiswa/i,B : Rp. 2.000.001 - Rp. 3.000.000,Rp. 4.500.000 - Rp 6.000.000,9.0,5.0,6.0,Promoter,5.666666666666667,1.0,4.666666666666667,Unknown,,,6.0,5.0,6.0,5.0,6.0,6.0,,6.0,6.0,6.0,6.0,6.0,5.0,5.0,6.0,5.0,1.0,1.0,1.0,1.0,1.0,1.0,1.0
198228015,Jawa Barat,Kuningan,Kuningan 2,Teller (KUOTA 50%),Pria,30,26 - 30 tahun,1 tahun s/d 2 tahun 11 bulan,1 minggu 2 kali atau lebih,Menikah,1 anak,SLTA,Wiraswasta/Pengusaha/Pedagang,C2 : Rp. 1.000.001 - Rp. 1.500.000,Rp. 1.500.001 - Rp. 2.000.000,10.0,6.0,6.0,Promoter,6.0,1.0,5.0,Unknown,,3.0,6.0,6.0,6.0,6.0,6.0,6.0,6.0,6.0,6.0,6.0,6.0,6.0,6.0,6.0,6.0,6.0,1.0,1.0,1.0,1.0,1.0,1.0,1.0
198229628,DKI Jakarta,Jakarta Barat,Jakarta Barat 3,Teller (KUOTA 50%),Pria,36,36 - 40 tahun,5 tahun atau lebih,1 minggu sekali,Menikah,1 anak,Akademi/D3,Pegawai/Karyawan Swasta,A1.2 : Rp 7.500.001- Rp 9.000.000,Rp 9.000.001- Rp 10.500.000,9.0,6.0,6.0,Promoter,6.0,2.4285714285714284,3.5714285714285716,Satisfied,4.0,,6.0,6.0,6.0,6.0,6.0,6.0,,6.0,6.0,6.0,6.0,6.0,6.0,6.0,6.0,6.0,1.0,1.0,6.0,1.0,1.0,6.0,1.0
198232548,DKI Jakarta,Jakarta Timur,Jakarta Timur 2,CS (KUOTA 50%),Wanita,45,41 - 45 tahun,1 tahun s/d 2 tahun 11 bulan,2 minggu sekali,Menikah,1 anak,SLTA,Wiraswasta/Pengusaha/Pedagang,A1 : Rp. 4.500.000 - Rp 6.000.000,Rp 6.000.001 - Rp 7.500.000,9.0,6.0,6.0,Promoter,6.0,1.7142857142857142,4.285714285714286,Unknown,,,6.0,6.0,6.0,6.0,6.0,,6.0,6.0,6.0,6.0,6.0,6.0,6.0,6.0,6.0,6.0,1.0,1.0,6.0,1.0,1.0,1.0,1.0
198233238,Jawa Barat,Bogor,Bogor 3,CS (KUOTA 50%),Wanita,42,41 - 45 tahun,5 tahun atau lebih,1 bulan sekali,Menikah,3 anak,Sarjana (S1),Tenaga Honorer,A1.1 : Rp 6.000.001 - Rp 7.500.000,Rp 9.000.001- Rp 10.500.000,8.0,6.0,5.0,Passive,5.888888888888889,1.0,4.888888888888889,Passive,4.0,,6.0,6.0,6.0,6.0,6.0,,6.0,6.0,6.0,6.0,6.0,6.0,6.0,5.0,6.0,6.0,1.0,1.0,1.0,1.0,1.0,1.0,1.0
198233239,Jawa Barat,Bogor,Bogor 3,CS (KUOTA 50%),Wanita,47,46 - 50 tahun,5 tahun atau lebih,1 minggu sekali,Menikah,3 anak,SLTA,Pensiunan,A1.2 : Rp 7.500.001- Rp 9.000.000,Rp 10.500.0001 - Rp 15.000.000,10.0,6.0,6.0,Promoter,6.0,1.0,5.0,Satisfied,4.0,,6.0,6.0,6.0,6.0,6.0,,6.0,6.0,6.0,6.0,6.0,6.0,6.0,6.0,6.0,6.0,1.0,1.0,1.0,1.0,1.0,1.0,1.0
198233658,Jawa Barat,Bandung,Bandung 3,Teller (KUOTA 50%),Pria,39,36 - 40 tahun,3 tahun s/d 4 tahun 11 bulan,1 bulan sekali,Menikah,2 anak,SLTA,Polisi / Tentara / Militer,A2 : Rp. 3.000.001 - Rp. 4.500.000,Rp 7.500.001- Rp 9.000.000,10.0,6.0,6.0,Promoter,5.777777777777778,1.0,4.777777777777778,Unknown,,,6.0,6.0,6.0,6.0,6.0,6.0,,6.0,6.0,6.0,5.0,6.0,6.0,5.0,6.0,6.0,1.0,1.0,1.0,1.0,1.0,1.0,1.0
198236937,DKI Jakarta,Jakarta Barat,Jakarta Barat 3,Teller (KUOTA 50%),Wanita,28,26 - 30 tahun,3 tahun s/d 4 tahun 11 bulan,1 minggu sekali,Menikah,2 anak,Sarjana (S1),Pegawai/Karyawan Swasta,A1.2 : Rp 7.500.001- Rp 9.000.000,Rp 9.000.001- Rp 10.500.000,10.0,6.0,6.0,Promoter,6.0,5.857142857142857,0.14285714285714324,Unknown,,,6.0,6.0,6.0,6.0,6.0,6.0,,6.0,6.0,6.0,6.0,6.0,6.0,6.0,6.0,6.0,6.0,6.0,6.0,6.0,6.0,6.0,5.0
198238632,Jawa Barat,Karawang,Karawang 2,CS (KUOTA 50%),Pria,31,31 - 35 tahun,3 tahun s/d 4 tahun 11 bulan,1 minggu 2 kali atau lebih,Menikah,1 anak,Sarjana (S1),Pegawai Negeri Sipil (Guru),A2 : Rp. 3.000.001 - Rp. 4.500.000,Rp 9.000.001- Rp 10.500.000,10.0,6.0,6.0,Promoter,6.0,1.0,5.0,Unknown,,3.0,6.0,6.0,6.0,6.0,6.0,,6.0,6.0,6.0,6.0,6.0,6.0,6.0,6.0,6.0,6.0,1.0,1.0,1.0,1.0,1.0,1.0,1.0
198239609,Jawa Barat,Karawang,Karawang 2,CS (KUOTA 50%),Pria,40,36 - 40 tahun,5 tahun atau lebih,1 minggu 2 kali atau lebih,Menikah,3 anak,Sarjana (S1),Pegawai Negeri Sipil (Bukan Guru),A1 : Rp. 4.500.000 - Rp 6.000.000,Rp 9.000.001- Rp 10.500.000,10.0,6.0,6.0,Promoter,6.0,1.0,5.0,Loyal Champion,4.0,3.0,6.0,6.0,6.0,6.0,6.0,6.0,6.0,6.0,6.0,6.0,6.0,6.0,6.0,6.0,6.0,6.0,1.0,1.0,1.0,1.0,1.0,1.0,1.0
198240633,Jawa Barat,Karawang,Karawang 2,CS (KUOTA 50%),Wanita,42,41 - 45 tahun,5 tahun atau lebih,1 minggu 2 kali atau lebih,Menikah,2 anak,Sarjana (S1),Wiraswasta/Pengusaha/Pedagang,A1.1 : Rp 6.000.001 - Rp 7.500.000,Rp 10.500.0001 - Rp 15.000.000,10.0,6.0,6.0,Promoter,6.0,1.7142857142857142,4.285714285714286,Loyal Champion,4.0,3.0,6.0,6.0,6.0,6.0,6.0,6.0,6.0,6.0,6.0,6.0,6.0,6.0,6.0,6.0,6.0,6.0,6.0,1.0,1.0,1.0,1.0,1.0,1.0
198240914,DKI Jakarta,Jakarta Selatan,Jakarta Selatan 4,Teller (KUOTA 50%),Pria,34,31 - 35 tahun,5 tahun atau lebih,1 bulan sekali,Menikah,Tidak memiliki anak,SLTA,Pegawai/Karyawan Swasta,A1.1 : Rp 6.000.001 - Rp 7.500.000,Rp. 4.500.000 - Rp 6.000.000,10.0,6.0,5.0,Promoter,6.0,1.2857142857142858,4.714285714285714,Satisfied,4.0,,6.0,6.0,6.0,6.0,6.0,6.0,,6.0,6.0,6.0,6.0,6.0,6.0,6.0,6.0,6.0,2.0,1.0,2.0,1.0,1.0,1.0,1.0
198265995,Jawa Barat,Bekasi,Bekasi 4,Teller (KUOTA 50%),Wanita,50,46 - 50 tahun,5 tahun atau lebih,1 minggu sekali,Menikah,3 anak,SLTA,Ibu Rumah Tangga,A1 : Rp. 4.500.000 - Rp 6.000.000,Rp 6.000.001 - Rp 7.500.000,8.0,6.0,5.0,Passive,5.555555555555555,1.1428571428571428,4.412698412698413,Passive,4.0,,6.0,6.0,9.0,6.0,6.0,6.0,,5.0,6.0,6.0,6.0,6.0,5.0,5.0,5.0,6.0,1.0,1.0,2.0,1.0,1.0,1.0,1.0
198265996,Jawa Barat,Bekasi,Bekasi 4,CS (KUOTA 50%),Pria,35,31 - 35 tahun,5 tahun atau lebih,2 minggu sekali,Menikah,2 anak,Akademi/D3,Perangkat Desa (Camat/Lurah/RW),A1.1 : Rp 6.000.001 - Rp 7.500.000,Rp 7.500.001- Rp 9.000.000,10.0,6.0,6.0,Promoter,5.555555555555555,2.142857142857143,3.4126984126984126,Satisfied,4.0,,6.0,5.0,6.0,6.0,6.0,6.0,6.0,5.0,6.0,6.0,6.0,6.0,5.0,5.0,6.0,5.0,2.0,1.0,1.0,2.0,1.0,6.0,2.0
198266222,Jawa Barat,Bekasi,Bekasi 4,Teller (KUOTA 50%),Pria,30,26 - 30 tahun,5 tahun atau lebih,1 minggu 2 kali atau lebih,Menikah,Tidak memiliki anak,SLTA,Pegawai/Karyawan Swasta,A1 : Rp. 4.500.000 - Rp 6.000.000,Rp. 4.500.000 - Rp 6.000.000,10.0,6.0,6.0,Promoter,5.666666666666667,1.1428571428571428,4.523809523809524,Loyal Champion,4.0,3.0,6.0,6.0,6.0,6.0,6.0,6.0,,5.0,6.0,6.0,5.0,6.0,5.0,6.0,6.0,6.0,1.0,1.0,1.0,1.0,1.0,1.0,2.0
198270043,Jawa Barat,Kuningan,Kuningan 2,CS (KUOTA 50%),Pria,20,20 - 25 tahun,1 tahun s/d 2 tahun 11 bulan,1 minggu sekali,Belum menikah,Tidak memiliki anak,SLTA,Wiraswasta/Pengusaha/Pedagang,C2 : Rp. 1.000.001 - Rp. 1.500.000,Rp. 2.000.001 - Rp. 3.000.000,10.0,6.0,6.0,Promoter,6.0,1.0,5.0,Unknown,,,6.0,6.0,6.0,6.0,6.0,,6.0,6.0,6.0,6.0,6.0,6.0,6.0,6.0,6.0,6.0,1.0,1.0,1.0,1.0,1.0,1.0,1.0
198270125,Jawa Barat,Bekasi,Bekasi 4,CS (KUOTA 50%),Wanita,27,26 - 30 tahun,3 tahun s/d 4 tahun 11 bulan,2 minggu sekali,Menikah,1 anak,Sarjana (S1),Pegawai/Karyawan Swasta,A2 : Rp. 3.000.001 - Rp. 4.500.000,Rp 6.000.001 - Rp 7.500.000,7.0,5.0,5.0,Passive,5.222222222222222,5.0,0.22222222222222232,Unknown,,,5.0,4.0,5.0,4.0,5.0,5.0,6.0,5.0,5.0,5.0,6.0,6.0,5.0,5.0,5.0,5.0,5.0,5.0,5.0,5.0,5.0,5.0,5.0
198270129,Jawa Barat,Pangandaran,Pangandaran 1,CS (KUOTA 50%),Pria,27,26 - 30 tahun,1 tahun s/d 2 tahun 11 bulan,2 minggu sekali,Menikah,1 anak,Sarjana (S1),Guru (Non PNS),A2 : Rp. 3.000.001 - Rp. 4.500.000,Rp. 4.500.000 - Rp 6.000.000,9.0,6.0,6.0,Promoter,6.0,1.0,5.0,Unknown,,,6.0,6.0,6.0,6.0,6.0,,6.0,6.0,6.0,6.0,6.0,6.0,6.0,6.0,6.0,6.0,1.0,1.0,1.0,1.0,1.0,1.0,1.0
198270534,Jawa Barat,Bandung,Bandung 8,Teller (KUOTA 50%),Wanita,50,46 - 50 tahun,5 tahun atau lebih,1 bulan sekali,Menikah,3 anak,Sarjana (S1),Pegawai Negeri Sipil (Guru),A1.2 : Rp 7.500.001- Rp 9.000.000,Rp 10.500.0001 - Rp 15.000.000,8.0,6.0,6.0,Passive,6.0,2.142857142857143,3.857142857142857,Passive,4.0,,6.0,6.0,6.0,6.0,6.0,6.0,,6.0,6.0,6.0,6.0,6.0,6.0,6.0,6.0,6.0,3.0,3.0,3.0,1.0,1.0,1.0,3.0
198270722,Jawa Barat,Kuningan,Kuningan 2,CS (KUOTA 50%),Wanita,20,20 - 25 tahun,1 tahun s/d 2 tahun 11 bulan,1 minggu 2 kali atau lebih,Belum menikah,Tidak memiliki anak,SLTA,Wiraswasta/Pengusaha/Pedagang,C1 : Rp. 1.500.001 - Rp. 2.000.000,Rp. 2.000.001 - Rp. 3.000.000,10.0,6.0,6.0,Promoter,6.0,1.0,5.0,Unknown,,3.0,6.0,6.0,6.0,6.0,6.0,,6.0,6.0,6.0,6.0,6.0,6.0,6.0,6.0,6.0,6.0,1.0,1.0,1.0,1.0,1.0,1.0,1.0
198270767,DKI Jakarta,Jakarta Pusat,Jakarta Pusat 1,Teller (KUOTA 50%),Pria,44,41 - 45 tahun,1 tahun s/d 2 tahun 11 bulan,1 bulan sekali,Menikah,2 anak,SLTP,Pegawai/Karyawan Swasta,B : Rp. 2.000.001 - Rp. 3.000.000,Rp. 3.000.001 - Rp. 4.500.000,5.0,6.0,6.0,Detractor,5.0,2.4285714285714284,2.5714285714285716,Unknown,,,5.0,5.0,5.0,6.0,6.0,5.0,,5.0,5.0,5.0,5.0,5.0,5.0,4.0,5.0,6.0,2.0,3.0,3.0,3.0,2.0,2.0,2.0
198270907,Jawa Barat,Pangandaran,Pangandaran 1,Teller (KUOTA 50%),Pria,34,31 - 35 tahun,3 tahun s/d 4 tahun 11 bulan,1 minggu 2 kali atau lebih,Menikah,1 anak,SLTA,Pegawai/Karyawan Swasta,B : Rp. 2.000.001 - Rp. 3.000.000,Rp. 3.000.001 - Rp. 4.500.000,9.0,6.0,6.0,Promoter,6.0,1.0,5.0,Unknown,,3.0,6.0,5.0,6.0,6.0,6.0,6.0,,6.0,6.0,6.0,6.0,6.0,6.0,6.0,6.0,6.0,1.0,1.0,1.0,1.0,1.0,1.0,1.0
198270911,Jawa Tengah,Tegal,Tegal 1,Teller (KUOTA 50%),Wanita,38,36 - 40 tahun,5 tahun atau lebih,1 minggu 2 kali atau lebih,Menikah,3 anak,Sarjana (S1),Wiraswasta/Pengusaha/Pedagang,A2 : Rp. 3.000.001 - Rp. 4.500.000,Rp 9.000.001- Rp 10.500.000,9.0,6.0,6.0,Promoter,6.0,1.0,5.0,Loyal Champion,4.0,3.0,6.0,6.0,6.0,6.0,6.0,6.0,,6.0,6.0,6.0,6.0,6.0,6.0,6.0,6.0,6.0,1.0,1.0,1.0,1.0,1.0,1.0,1.0
198271585,Jawa Barat,Bandung,Bandung 8,Teller (KUOTA 50%),Wanita,41,41 - 45 tahun,5 tahun atau lebih,1 bulan sekali,Menikah,3 anak,Sarjana (S1),Guru (Non PNS),B : Rp. 2.000.001 - Rp. 3.000.000,Rp. 3.000.001 - Rp. 4.500.000,10.0,6.0,6.0,Promoter,6.0,1.0,5.0,Satisfied,4.0,,6.0,6.0,6.0,6.0,6.0,6.0,,6.0,6.0,6.0,6.0,6.0,6.0,6.0,6.0,6.0,1.0,1.0,1.0,1.0,1.0,1.0,1.0
198271614,Jawa Barat,Kuningan,Kuningan 2,Teller (KUOTA 50%),Wanita,40,36 - 40 tahun,1 tahun s/d 2 tahun 11 bulan,1 minggu 2 kali atau lebih,Menikah,1 anak,SLTA,Ibu Rumah Tangga,C1 : Rp. 1.500.001 - Rp. 2.000.000,Rp. 2.000.001 - Rp. 3.000.000,10.0,6.0,6.0,Promoter,6.0,1.0,5.0,Unknown,,3.0,6.0,6.0,6.0,6.0,6.0,6.0,,6.0,6.0,6.0,6.0,6.0,6.0,6.0,6.0,6.0,1.0,1.0,1.0,1.0,1.0,1.0,1.0
198272337,Jawa Barat,Garut,Garut 1,Teller (KUOTA 50%),Pria,29,26 - 30 tahun,5 tahun atau lebih,1 minggu 2 kali atau lebih,Menikah,1 anak,SLTA,Wiraswasta/Pengusaha/Pedagang,C2 : Rp. 1.000.001 - Rp. 1.500.000,Rp. 3.000.001 - Rp. 4.500.000,10.0,6.0,6.0,Promoter,6.0,1.0,5.0,Loyal Champion,4.0,3.0,6.0,6.0,6.0,6.0,6.0,6.0,,6.0,6.0,6.0,6.0,6.0,6.0,6.0,6.0,6.0,1.0,1.0,1.0,1.0,1.0,1.0,1.0
198272432,Jawa Barat,Kuningan,Kuningan 2,Teller (KUOTA 50%),Pria,30,26 - 30 tahun,1 tahun s/d 2 tahun 11 bulan,1 minggu sekali,Menikah,1 anak,SLTA,Wiraswasta/Pengusaha/Pedagang,C1 : Rp. 1.500.001 - Rp. 2.000.000,Rp. 3.000.001 - Rp. 4.500.000,10.0,6.0,6.0,Promoter,6.0,1.0,5.0,Unknown,,,6.0,6.0,6.0,6.0,6.0,6.0,,6.0,6.0,6.0,6.0,6.0,6.0,6.0,6.0,6.0,1.0,1.0,1.0,1.0,1.0,1.0,1.0
198272529,Jawa Tengah,Tegal,Tegal 1,Teller (KUOTA 50%),Pria,27,26 - 30 tahun,5 tahun atau lebih,1 minggu 2 kali atau lebih,Menikah,1 anak,SLTP,Pegawai/Karyawan Swasta,B : Rp. 2.000.001 - Rp. 3.000.000,Rp. 3.000.001 - Rp. 4.500.000,10.0,6.0,6.0,Promoter,6.0,1.0,5.0,Loyal Champion,4.0,3.0,6.0,6.0,6.0,6.0,6.0,6.0,,6.0,6.0,6.0,6.0,6.0,6.0,6.0,6.0,6.0,1.0,1.0,1.0,1.0,1.0,1.0,1.0
198272813,Kalimantan Timur,Balikpapan,Balikpapan 1,CS (KUOTA 50%),Pria,43,41 - 45 tahun,5 tahun atau lebih,1 bulan sekali,Menikah,1 anak,SLTA,Polisi / Tentara / Militer,A1.6 : Rp 20.000.001 - Rp 25.000.000,Rp 20.000.001 - Rp 25.000.000,8.0,6.0,6.0,Passive,6.0,1.0,5.0,Passive,4.0,,6.0,6.0,6.0,6.0,6.0,,6.0,6.0,6.0,6.0,6.0,6.0,6.0,6.0,6.0,6.0,1.0,1.0,1.0,1.0,1.0,1.0,1.0
198273027,DKI Jakarta,Jakarta Selatan,Jakarta Selatan 3,CS (KUOTA 50%),Wanita,40,36 - 40 tahun,5 tahun atau lebih,1 bulan sekali,Menikah,2 anak,SLTA,Pegawai/Karyawan Swasta,A1.1 : Rp 6.000.001 - Rp 7.500.000,Rp 9.000.001- Rp 10.500.000,10.0,6.0,6.0,Promoter,6.0,1.0,5.0,Satisfied,4.0,,6.0,6.0,6.0,6.0,6.0,,6.0,6.0,6.0,6.0,6.0,6.0,6.0,6.0,6.0,6.0,1.0,1.0,1.0,1.0,1.0,1.0,1.0
198275566,Jawa Tengah,Sragen,Sragen 1,CS (KUOTA 50%),Pria,20,20 - 25 tahun,1 tahun s/d 2 tahun 11 bulan,1 bulan sekali,Belum menikah,Tidak memiliki anak,SLTA,Pegawai/Karyawan Swasta,B : Rp. 2.000.001 - Rp. 3.000.000,Rp 7.500.001- Rp 9.000.000,8.0,6.0,5.0,Passive,5.333333333333333,1.1428571428571428,4.19047619047619,Unknown,,,6.0,5.0,6.0,6.0,6.0,,6.0,6.0,5.0,5.0,5.0,6.0,6.0,5.0,5.0,5.0,1.0,1.0,1.0,1.0,1.0,1.0,2.0
198275877,Bali,Denpasar,Denpasar 1,Teller (KUOTA 50%),Pria,37,36 - 40 tahun,3 tahun s/d 4 tahun 11 bulan,2 minggu sekali,Menikah,2 anak,SLTA,Pegawai/Karyawan Swasta,A1 : Rp. 4.500.000 - Rp 6.000.000,Rp. 2.000.001 - Rp. 3.000.000,10.0,6.0,6.0,Promoter,5.222222222222222,1.2857142857142858,3.9365079365079367,Unknown,,,5.0,6.0,6.0,6.0,6.0,6.0,,5.0,6.0,5.0,6.0,6.0,5.0,4.0,5.0,5.0,1.0,2.0,1.0,2.0,1.0,1.0,1.0
198276112,Jawa Barat,Bekasi,Bekasi 4,CS (KUOTA 50%),Pria,31,31 - 35 tahun,3 tahun s/d 4 tahun 11 bulan,2 minggu sekali,Menikah,Tidak memiliki anak,SLTA,Guru (Non PNS),A2 : Rp. 3.000.001 - Rp. 4.500.000,Rp. 4.500.000 - Rp 6.000.000,7.0,5.0,4.0,Passive,4.888888888888889,1.4285714285714286,3.4603174603174605,Unknown,,,5.0,5.0,5.0,5.0,5.0,,5.0,4.0,5.0,5.0,5.0,5.0,5.0,5.0,5.0,5.0,1.0,1.0,1.0,1.0,3.0,1.0,2.0
198276431,Jawa Barat,Kuningan,Kuningan 2,CS (KUOTA 50%),Pria,30,26 - 30 tahun,1 tahun s/d 2 tahun 11 bulan,1 minggu sekali,Duda / Janda,1 anak,SLTA,Wiraswasta/Pengusaha/Pedagang,C2 : Rp. 1.000.001 - Rp. 1.500.000,Rp. 2.000.001 - Rp. 3.000.000,10.0,6.0,6.0,Promoter,6.0,1.0,5.0,Unknown,,,6.0,6.0,6.0,6.0,6.0,,6.0,6.0,6.0,6.0,6.0,6.0,6.0,6.0,6.0,6.0,1.0,1.0,1.0,1.0,1.0,1.0,1.0
198277542,DKI Jakarta,Jakarta Barat,Jakarta Barat 6,CS (KUOTA 50%),Pria,42,41 - 45 tahun,5 tahun atau lebih,1 minggu 2 kali atau lebih,Menikah,3 anak,Sarjana (S1),Pegawai/Karyawan Swasta,A1 : Rp. 4.500.000 - Rp 6.000.000,Rp 10.500.0001 - Rp 15.000.000,10.0,6.0,6.0,Promoter,6.0,6.0,0.0,Loyal Champion,4.0,3.0,6.0,6.0,6.0,6.0,6.0,,6.0,6.0,6.0,6.0,6.0,6.0,6.0,6.0,6.0,6.0,6.0,6.0,6.0,6.0,6.0,6.0,6.0
198277718,Bali,Denpasar,Denpasar 1,Teller (KUOTA 50%),Pria,50,46 - 50 tahun,3 tahun s/d 4 tahun 11 bulan,1 minggu sekali,Menikah,3 anak,Sarjana (S1),Wiraswasta/Pengusaha/Pedagang,A1.2 : Rp 7.500.001- Rp 9.000.000,Rp 6.000.001 - Rp 7.500.000,9.0,6.0,5.0,Promoter,5.666666666666667,1.0,4.666666666666667,Unknown,,,5.0,5.0,5.0,6.0,5.0,5.0,,6.0,6.0,6.0,6.0,6.0,5.0,5.0,5.0,6.0,1.0,1.0,1.0,1.0,1.0,1.0,1.0
198277829,Jawa Barat,Bekasi,Bekasi 4,Teller (KUOTA 50%),Pria,31,31 - 35 tahun,3 tahun s/d 4 tahun 11 bulan,1 bulan sekali,Menikah,2 anak,SLTA,Pegawai/Karyawan Swasta,A1 : Rp. 4.500.000 - Rp 6.000.000,Rp 6.000.001 - Rp 7.500.000,8.0,5.0,5.0,Passive,5.444444444444445,1.1428571428571428,4.301587301587302,Unknown,,,6.0,5.0,5.0,6.0,5.0,5.0,,6.0,5.0,5.0,5.0,6.0,6.0,5.0,6.0,5.0,1.0,2.0,1.0,1.0,1.0,1.0,1.0
198278161,Jawa Barat,Kuningan,Kuningan 2,Teller (KUOTA 50%),Pria,40,36 - 40 tahun,1 tahun s/d 2 tahun 11 bulan,1 minggu 2 kali atau lebih,Menikah,2 anak,SLTA,Wiraswasta/Pengusaha/Pedagang,C1 : Rp. 1.500.001 - Rp. 2.000.000,Rp. 3.000.001 - Rp. 4.500.000,10.0,6.0,6.0,Promoter,6.0,1.0,5.0,Unknown,,3.0,6.0,6.0,6.0,6.0,6.0,6.0,,6.0,6.0,6.0,6.0,6.0,6.0,6.0,6.0,6.0,1.0,1.0,1.0,1.0,1.0,1.0,1.0
198278369,Jawa Barat,Karawang,Karawang 2,Teller (KUOTA 50%),Pria,37,36 - 40 tahun,5 tahun atau lebih,1 minggu sekali,Menikah,Tidak memiliki anak,SLTA,Pegawai/Karyawan Swasta,B : Rp. 2.000.001 - Rp. 3.000.000,Rp 6.000.001 - Rp 7.500.000,8.0,6.0,6.0,Passive,6.0,1.0,5.0,Passive,4.0,,6.0,6.0,6.0,6.0,6.0,6.0,6.0,6.0,6.0,6.0,6.0,6.0,6.0,6.0,6.0,6.0,1.0,1.0,1.0,1.0,1.0,1.0,1.0
198278886,Jawa Barat,Garut,Garut 1,Teller (KUOTA 50%),Pria,33,31 - 35 tahun,5 tahun atau lebih,1 minggu 2 kali atau lebih,Menikah,2 anak,SLTA,Wiraswasta/Pengusaha/Pedagang,A2 : Rp. 3.000.001 - Rp. 4.500.000,Rp. 3.000.001 - Rp. 4.500.000,10.0,6.0,6.0,Promoter,6.0,1.7142857142857142,4.285714285714286,Loyal Champion,4.0,3.0,6.0,6.0,6.0,6.0,6.0,6.0,,6.0,6.0,6.0,6.0,6.0,6.0,6.0,6.0,6.0,1.0,1.0,1.0,1.0,1.0,1.0,6.0
198278887,Jawa Barat,Garut,Garut 1,CS (KUOTA 50%),Pria,46,46 - 50 tahun,5 tahun atau lebih,1 minggu sekali,Menikah,2 anak,Akademi/D3,Wiraswasta/Pengusaha/Pedagang,B : Rp. 2.000.001 - Rp. 3.000.000,Rp. 4.500.000 - Rp 6.000.000,10.0,6.0,6.0,Promoter,6.0,1.1428571428571428,4.857142857142858,Satisfied,4.0,,6.0,6.0,6.0,6.0,6.0,,6.0,6.0,6.0,6.0,6.0,6.0,6.0,6.0,6.0,6.0,1.0,1.0,2.0,1.0,1.0,1.0,1.0
198278888,Jawa Barat,Garut,Garut 1,CS (KUOTA 50%),Wanita,34,31 - 35 tahun,5 tahun atau lebih,1 minggu 2 kali atau lebih,Duda / Janda,1 anak,SLTA,Pegawai/Karyawan Swasta,A2 : Rp. 3.000.001 - Rp. 4.500.000,Rp 7.500.001- Rp 9.000.000,10.0,6.0,6.0,Promoter,6.0,1.0,5.0,Loyal Champion,4.0,3.0,6.0,6.0,6.0,6.0,6.0,,6.0,6.0,6.0,6.0,6.0,6.0,6.0,6.0,6.0,6.0,1.0,1.0,1.0,1.0,1.0,1.0,1.0
198279348,Jawa Barat,Bandung,Bandung 8,CS (KUOTA 50%),Wanita,49,46 - 50 tahun,5 tahun atau lebih,1 minggu sekali,Duda / Janda,3 anak,Sarjana (S1),Pegawai Negeri Sipil (Guru),A2 : Rp. 3.000.001 - Rp. 4.500.000,Rp. 4.500.000 - Rp 6.000.000,10.0,6.0,6.0,Promoter,6.0,1.0,5.0,Satisfied,4.0,,6.0,6.0,6.0,6.0,6.0,,6.0,6.0,6.0,6.0,6.0,6.0,6.0,6.0,6.0,6.0,1.0,1.0,1.0,1.0,1.0,1.0,1.0
198279349,Jawa Barat,Bandung,Bandung 8,CS (KUOTA 50%),Wanita,37,36 - 40 tahun,5 tahun atau lebih,1 minggu 2 kali atau lebih,Menikah,2 anak,Sarjana (S1),Guru (Non PNS),B : Rp. 2.000.001 - Rp. 3.000.000,Rp. 4.500.000 - Rp 6.000.000,10.0,6.0,6.0,Promoter,6.0,1.0,5.0,Loyal Champion,4.0,3.0,6.0,6.0,6.0,6.0,6.0,,6.0,6.0,6.0,6.0,6.0,6.0,6.0,6.0,6.0,6.0,1.0,1.0,1.0,1.0,1.0,1.0,1.0
198279350,Jawa Barat,Bandung,Bandung 8,CS (KUOTA 50%),Wanita,28,26 - 30 tahun,3 tahun s/d 4 tahun 11 bulan,2 minggu sekali,Menikah,1 anak,Sarjana (S1),Pegawai/Karyawan Swasta,A1 : Rp. 4.500.000 - Rp 6.000.000,Rp 7.500.001- Rp 9.000.000,10.0,6.0,6.0,Promoter,6.0,1.0,5.0,Unknown,,,6.0,6.0,6.0,6.0,6.0,,6.0,6.0,6.0,6.0,6.0,6.0,6.0,6.0,6.0,6.0,1.0,1.0,1.0,1.0,1.0,1.0,1.0
198280353,Jawa Barat,Bekasi,Bekasi 4,CS (KUOTA 50%),Pria,39,36 - 40 tahun,5 tahun atau lebih,2 minggu sekali,Menikah,1 anak,SLTA,Pegawai/Karyawan Swasta,A1 : Rp. 4.500.000 - Rp 6.000.000,Rp 6.000.001 - Rp 7.500.000,8.0,6.0,6.0,Passive,6.0,1.0,5.0,Passive,4.0,,6.0,6.0,5.0,6.0,6.0,,5.0,6.0,6.0,6.0,6.0,6.0,6.0,6.0,6.0,6.0,1.0,1.0,1.0,1.0,1.0,1.0,1.0
198280834,Lampung,Bandar Lampung,Bandar Lampung 1,Teller (KUOTA 50%),Wanita,38,36 - 40 tahun,1 tahun s/d 2 tahun 11 bulan,1 minggu sekali,Menikah,2 anak,Sarjana (S1),Pegawai Negeri Sipil (Bukan Guru),A2 : Rp. 3.000.001 - Rp. 4.500.000,Rp. 4.500.000 - Rp 6.000.000,9.0,6.0,6.0,Promoter,5.111111111111111,2.2857142857142856,2.825396825396825,Unknown,,,6.0,6.0,6.0,6.0,6.0,6.0,,6.0,5.0,5.0,5.0,5.0,5.0,5.0,5.0,5.0,1.0,1.0,5.0,5.0,1.0,1.0,2.0
198281696,Jawa Barat,Bekasi,Bekasi 4,CS (KUOTA 50%),Pria,23,20 - 25 tahun,5 tahun atau lebih,2 minggu sekali,Menikah,1 anak,SLTA,Pegawai/Karyawan Swasta,B : Rp. 2.000.001 - Rp. 3.000.000,Rp. 4.500.000 - Rp 6.000.000,8.0,6.0,6.0,Passive,5.888888888888889,1.8571428571428572,4.031746031746032,Passive,4.0,,6.0,5.0,6.0,6.0,6.0,,6.0,6.0,6.0,6.0,6.0,6.0,5.0,6.0,6.0,6.0,1.0,2.0,4.0,1.0,1.0,1.0,3.0
198281892,Jawa Barat,Karawang,Karawang 2,CS (KUOTA 50%),Wanita,33,31 - 35 tahun,5 tahun atau lebih,1 minggu 2 kali atau lebih,Menikah,2 anak,Sarjana (S1),Pegawai/Karyawan Swasta,A2 : Rp. 3.000.001 - Rp. 4.500.000,Rp 10.500.0001 - Rp 15.000.000,10.0,6.0,6.0,Promoter,6.0,1.0,5.0,Loyal Champion,4.0,3.0,6.0,6.0,6.0,6.0,6.0,6.0,6.0,6.0,6.0,6.0,6.0,6.0,6.0,6.0,6.0,6.0,1.0,1.0,1.0,1.0,1.0,1.0,1.0
198281944,Kepulauan Riau,Tanjung Pinang,Tanjung Pinang 1,Teller (KUOTA 50%),Pria,28,26 - 30 tahun,3 tahun s/d 4 tahun 11 bulan,1 minggu sekali,Menikah,1 anak,Sarjana (S1),Pegawai Negeri Sipil (Bukan Guru),A1.3 : Rp 9.000.001- Rp 10.500.000,Rp 7.500.001- Rp 9.000.000,10.0,6.0,6.0,Promoter,5.444444444444445,1.0,4.444444444444445,Unknown,,,6.0,6.0,6.0,6.0,6.0,6.0,6.0,6.0,6.0,6.0,6.0,6.0,6.0,6.0,6.0,1.0,1.0,1.0,1.0,1.0,1.0,1.0,1.0
198286243,DKI Jakarta,Jakarta Timur,Jakarta Timur 2,CS (KUOTA 50%),Wanita,47,46 - 50 tahun,3 tahun s/d 4 tahun 11 bulan,2 minggu sekali,Menikah,Tidak memiliki anak,Akademi/D3,Pegawai/Karyawan Swasta,A2 : Rp. 3.000.001 - Rp. 4.500.000,Rp. 4.500.000 - Rp 6.000.000,9.0,6.0,6.0,Promoter,6.0,1.0,5.0,Unknown,,,6.0,6.0,6.0,6.0,6.0,,6.0,6.0,6.0,6.0,6.0,6.0,6.0,6.0,6.0,6.0,1.0,1.0,1.0,1.0,1.0,1.0,1.0
198292566,DKI Jakarta,Jakarta Barat,Jakarta Barat 6,CS (KUOTA 50%),Pria,50,46 - 50 tahun,5 tahun atau lebih,1 bulan sekali,Menikah,2 anak,SLTP,Lainnya,A2 : Rp. 3.000.001 - Rp. 4.500.000,Rp. 4.500.000 - Rp 6.000.000,8.0,5.0,5.0,Passive,5.111111111111111,4.857142857142857,0.25396825396825395,Passive,4.0,,5.0,4.0,5.0,5.0,5.0,,5.0,5.0,5.0,5.0,5.0,6.0,5.0,5.0,5.0,5.0,5.0,5.0,5.0,4.0,5.0,5.0,5.0
198292567,DKI Jakarta,Jakarta Barat,Jakarta Barat 6,CS (KUOTA 50%),Wanita,32,31 - 35 tahun,5 tahun atau lebih,1 bulan sekali,Menikah,2 anak,Sarjana (S1),Pegawai Negeri Sipil (Guru),A1 : Rp. 4.500.000 - Rp 6.000.000,Rp 7.500.001- Rp 9.000.000,8.0,5.0,5.0,Passive,4.888888888888889,5.0,-0.11111111111111072,Passive,4.0,,5.0,4.0,5.0,5.0,5.0,,5.0,5.0,5.0,5.0,5.0,4.0,5.0,5.0,5.0,5.0,5.0,5.0,5.0,5.0,5.0,5.0,5.0
198294568,DKI Jakarta,Jakarta Barat,Jakarta Barat 6,CS (KUOTA 50%),Wanita,40,36 - 40 tahun,1 tahun s/d 2 tahun 11 bulan,1 bulan sekali,Duda / Janda,2 anak,SLTA,Pegawai/Karyawan Swasta,A1.1 : Rp 6.000.001 - Rp 7.500.000,Rp 7.500.001- Rp 9.000.000,8.0,5.0,5.0,Passive,4.888888888888889,5.0,-0.11111111111111072,Unknown,,,5.0,5.0,5.0,5.0,5.0,,5.0,5.0,5.0,5.0,5.0,5.0,4.0,5.0,5.0,5.0,5.0,5.0,5.0,5.0,5.0,5.0,5.0
198294569,DKI Jakarta,Jakarta Barat,Jakarta Barat 6,Teller (KUOTA 50%),Pria,27,26 - 30 tahun,3 tahun s/d 4 tahun 11 bulan,1 minggu sekali,Menikah,Tidak memiliki anak,Sarjana (S1),Pegawai/Karyawan Swasta,A1 : Rp. 4.500.000 - Rp 6.000.000,Rp 9.000.001- Rp 10.500.000,8.0,5.0,5.0,Passive,4.888888888888889,4.714285714285714,0.17460317460317487,Unknown,,,5.0,5.0,5.0,5.0,5.0,5.0,,4.0,5.0,5.0,5.0,5.0,5.0,5.0,5.0,5.0,5.0,5.0,4.0,5.0,4.0,5.0,5.0
198302116,Lampung,Bandar Lampung,Bandar Lampung 1,Teller (KUOTA 50%),Wanita,46,46 - 50 tahun,1 tahun s/d 2 tahun 11 bulan,2 minggu sekali,Menikah,2 anak,Akademi/D3,Pegawai/Karyawan Swasta,B : Rp. 2.000.001 - Rp. 3.000.000,Rp. 3.000.001 - Rp. 4.500.000,9.0,6.0,6.0,Promoter,6.0,1.0,5.0,Unknown,,,5.0,5.0,6.0,6.0,6.0,6.0,,6.0,6.0,6.0,6.0,6.0,6.0,6.0,6.0,6.0,1.0,1.0,1.0,1.0,1.0,1.0,1.0
198306104,Lampung,Bandar Lampung,Bandar Lampung 1,CS (KUOTA 50%),Wanita,32,31 - 35 tahun,1 tahun s/d 2 tahun 11 bulan,1 minggu sekali,Menikah,2 anak,Sarjana (S1),Pegawai Negeri Sipil (Bukan Guru),A2 : Rp. 3.000.001 - Rp. 4.500.000,Rp. 4.500.000 - Rp 6.000.000,9.0,6.0,6.0,Promoter,6.0,1.0,5.0,Unknown,,,5.0,6.0,6.0,6.0,6.0,,5.0,6.0,6.0,6.0,6.0,6.0,6.0,6.0,6.0,6.0,1.0,1.0,1.0,1.0,1.0,1.0,1.0
198306105,Lampung,Bandar Lampung,Bandar Lampung 1,Teller (KUOTA 50%),Pria,42,41 - 45 tahun,1 tahun s/d 2 tahun 11 bulan,1 bulan sekali,Menikah,2 anak,Sarjana (S1),Pegawai Negeri Sipil (Bukan Guru),A1 : Rp. 4.500.000 - Rp 6.000.000,Rp 7.500.001- Rp 9.000.000,9.0,6.0,6.0,Promoter,6.0,1.0,5.0,Unknown,,,5.0,6.0,6.0,6.0,6.0,6.0,,6.0,6.0,6.0,6.0,6.0,6.0,6.0,6.0,6.0,1.0,1.0,1.0,1.0,1.0,1.0,1.0
198306212,DKI Jakarta,Jakarta Timur,Jakarta Timur 3,Teller (KUOTA 50%),Pria,33,31 - 35 tahun,5 tahun atau lebih,1 bulan sekali,Menikah,2 anak,SLTA,Pegawai/Karyawan Swasta,A1.1 : Rp 6.000.001 - Rp 7.500.000,Rp 9.000.001- Rp 10.500.000,10.0,6.0,6.0,Promoter,6.0,1.0,5.0,Satisfied,4.0,,6.0,6.0,6.0,6.0,6.0,6.0,,6.0,6.0,6.0,6.0,6.0,6.0,6.0,6.0,6.0,1.0,1.0,1.0,1.0,1.0,1.0,1.0
198306459,DKI Jakarta,Jakarta Timur,Jakarta Timur 3,Teller (KUOTA 50%),Pria,44,41 - 45 tahun,5 tahun atau lebih,1 bulan sekali,Menikah,2 anak,SLTP,Pegawai/Karyawan Swasta,A1.1 : Rp 6.000.001 - Rp 7.500.000,Rp 9.000.001- Rp 10.500.000,10.0,6.0,6.0,Promoter,6.0,1.0,5.0,Satisfied,4.0,,6.0,6.0,6.0,6.0,6.0,6.0,,6.0,6.0,6.0,6.0,6.0,6.0,6.0,6.0,6.0,1.0,1.0,1.0,1.0,1.0,1.0,1.0
198319594,DKI Jakarta,Jakarta Barat,Jakarta Barat 6,Teller (KUOTA 50%),Pria,31,31 - 35 tahun,3 tahun s/d 4 tahun 11 bulan,1 minggu sekali,Menikah,2 anak,SLTA,Pegawai/Karyawan Swasta,A1 : Rp. 4.500.000 - Rp 6.000.000,Rp 7.500.001- Rp 9.000.000,10.0,6.0,6.0,Promoter,6.0,1.0,5.0,Unknown,,,6.0,6.0,6.0,6.0,6.0,6.0,,6.0,6.0,6.0,6.0,6.0,6.0,6.0,6.0,6.0,1.0,1.0,1.0,1.0,1.0,1.0,1.0
198319673,DKI Jakarta,Jakarta Timur,Jakarta Timur 2,Teller (KUOTA 50%),Pria,24,20 - 25 tahun,1 tahun s/d 2 tahun 11 bulan,1 bulan sekali,Belum menikah,Tidak memiliki anak,SLTA,Pegawai/Karyawan Swasta,B : Rp. 2.000.001 - Rp. 3.000.000,Rp. 4.500.000 - Rp 6.000.000,9.0,6.0,6.0,Promoter,6.0,3.857142857142857,2.142857142857143,Unknown,,,6.0,6.0,6.0,6.0,6.0,6.0,,6.0,6.0,6.0,6.0,6.0,6.0,6.0,6.0,6.0,6.0,6.0,1.0,6.0,1.0,1.0,6.0
198320217,DKI Jakarta,Jakarta Barat,Jakarta Barat 6,CS (KUOTA 50%),Wanita,50,46 - 50 tahun,3 tahun s/d 4 tahun 11 bulan,1 bulan sekali,Menikah,3 anak,SLTA,Ibu Rumah Tangga,B : Rp. 2.000.001 - Rp. 3.000.000,Rp. 4.500.000 - Rp 6.000.000,8.0,5.0,5.0,Passive,4.888888888888889,5.0,-0.11111111111111072,Unknown,,,5.0,5.0,5.0,5.0,5.0,,5.0,4.0,5.0,5.0,5.0,5.0,5.0,5.0,5.0,5.0,5.0,5.0,5.0,5.0,5.0,5.0,5.0
198321826,Banten,Tangerang Selatan,Tangerang Selatan 1,CS (KUOTA 50%),Wanita,41,41 - 45 tahun,3 tahun s/d 4 tahun 11 bulan,1 minggu 2 kali atau lebih,Menikah,2 anak,SLTA,Ibu Rumah Tangga,A1 : Rp. 4.500.000 - Rp 6.000.000,Rp 6.000.001 - Rp 7.500.000,7.0,6.0,6.0,Passive,4.888888888888889,1.4285714285714286,3.4603174603174605,Unknown,,3.0,6.0,6.0,6.0,6.0,6.0,,6.0,5.0,5.0,5.0,5.0,5.0,4.0,5.0,5.0,5.0,1.0,1.0,1.0,1.0,2.0,2.0,2.0
198322346,Jawa Barat,Bogor,Bogor 1,CS (KUOTA 50%),Pria,36,36 - 40 tahun,1 tahun s/d 2 tahun 11 bulan,1 bulan sekali,Belum menikah,Tidak memiliki anak,SLTA,Pegawai/Karyawan Swasta,A2 : Rp. 3.000.001 - Rp. 4.500.000,Rp. 4.500.000 - Rp 6.000.000,5.0,5.0,5.0,Detractor,4.444444444444445,2.0,2.4444444444444446,Unknown,,,5.0,5.0,4.0,5.0,5.0,,5.0,3.0,5.0,5.0,5.0,5.0,4.0,4.0,4.0,5.0,2.0,2.0,2.0,2.0,2.0,2.0,2.0
198323192,Jawa Barat,Bogor,Bogor 4,CS (KUOTA 50%),Wanita,36,36 - 40 tahun,1 tahun s/d 2 tahun 11 bulan,1 bulan sekali,Menikah,Tidak memiliki anak,Sarjana (S1),Pegawai Negeri Sipil (Guru),A1 : Rp. 4.500.000 - Rp 6.000.000,Rp 7.500.001- Rp 9.000.000,7.0,5.0,5.0,Passive,4.777777777777778,1.0,3.7777777777777777,Unknown,,,5.0,5.0,5.0,5.0,6.0,,5.0,5.0,4.0,5.0,5.0,5.0,5.0,5.0,4.0,5.0,1.0,1.0,1.0,1.0,1.0,1.0,1.0
198324083,Lampung,Bandar Lampung,Bandar Lampung 1,CS (KUOTA 50%),Pria,20,20 - 25 tahun,1 tahun s/d 2 tahun 11 bulan,1 bulan sekali,Belum menikah,Tidak memiliki anak,SLTA,Mahasiswa/i,B : Rp. 2.000.001 - Rp. 3.000.000,Rp. 3.000.001 - Rp. 4.500.000,10.0,6.0,6.0,Promoter,5.333333333333333,2.2857142857142856,3.0476190476190474,Unknown,,,5.0,6.0,6.0,5.0,5.0,,6.0,6.0,5.0,5.0,6.0,5.0,5.0,6.0,5.0,5.0,1.0,1.0,5.0,1.0,1.0,1.0,6.0
198343209,Lampung,Bandar Lampung,Bandar Lampung 1,CS (KUOTA 50%),Pria,33,31 - 35 tahun,3 tahun s/d 4 tahun 11 bulan,1 minggu sekali,Menikah,2 anak,Sarjana (S1),Pegawai/Karyawan Swasta,A2 : Rp. 3.000.001 - Rp. 4.500.000,Rp. 4.500.000 - Rp 6.000.000,9.0,6.0,6.0,Promoter,5.0,1.5714285714285714,3.428571428571429,Unknown,,,6.0,6.0,5.0,5.0,5.0,,6.0,5.0,5.0,5.0,5.0,5.0,5.0,5.0,5.0,5.0,1.0,1.0,1.0,1.0,1.0,1.0,5.0
198362055,DKI Jakarta,Jakarta Selatan,Jakarta Selatan 4,CS (KUOTA 50%),Pria,49,46 - 50 tahun,5 tahun atau lebih,2 minggu sekali,Menikah,3 anak,SLTA,Pegawai/Karyawan Swasta,A2 : Rp. 3.000.001 - Rp. 4.500.000,Rp 6.000.001 - Rp 7.500.000,10.0,6.0,6.0,Promoter,5.888888888888889,1.4285714285714286,4.4603174603174605,Satisfied,4.0,,6.0,6.0,6.0,6.0,6.0,,6.0,5.0,6.0,6.0,6.0,6.0,6.0,6.0,6.0,6.0,2.0,2.0,1.0,1.0,1.0,2.0,1.0
198363582,Kepulauan Riau,Batam,Batam 1,CS (KUOTA 50%),Pria,24,20 - 25 tahun,1 tahun s/d 2 tahun 11 bulan,1 bulan sekali,Belum menikah,Tidak memiliki anak,Sarjana (S1),Pegawai/Karyawan Swasta,B : Rp. 2.000.001 - Rp. 3.000.000,Rp. 4.500.000 - Rp 6.000.000,5.0,5.0,5.0,Detractor,5.111111111111111,1.0,4.111111111111111,Unknown,,,6.0,6.0,6.0,6.0,6.0,,6.0,5.0,6.0,5.0,5.0,6.0,5.0,4.0,5.0,5.0,1.0,1.0,1.0,1.0,1.0,1.0,1.0
198364123,DKI Jakarta,Jakarta Selatan,Jakarta Selatan 4,Teller (KUOTA 50%),Pria,38,36 - 40 tahun,5 tahun atau lebih,2 minggu sekali,Menikah,2 anak,SLTA,Pegawai/Karyawan Swasta,A1 : Rp. 4.500.000 - Rp 6.000.000,Rp 6.000.001 - Rp 7.500.000,9.0,6.0,6.0,Promoter,5.888888888888889,1.4285714285714286,4.4603174603174605,Satisfied,4.0,,6.0,6.0,6.0,6.0,6.0,6.0,,6.0,6.0,6.0,6.0,6.0,5.0,6.0,6.0,6.0,1.0,2.0,1.0,2.0,1.0,1.0,2.0
198364585,Jawa Barat,Bogor,Bogor 3,CS (KUOTA 50%),Pria,34,31 - 35 tahun,5 tahun atau lebih,1 bulan sekali,Menikah,1 anak,SLTA,Lainnya,A2 : Rp. 3.000.001 - Rp. 4.500.000,Rp. 4.500.000 - Rp 6.000.000,10.0,6.0,6.0,Promoter,5.888888888888889,1.0,4.888888888888889,Satisfied,4.0,,6.0,6.0,6.0,6.0,6.0,,6.0,6.0,6.0,5.0,6.0,6.0,6.0,6.0,6.0,6.0,1.0,1.0,1.0,1.0,1.0,1.0,1.0
198367398,DKI Jakarta,Jakarta Selatan,Jakarta Selatan 4,CS (KUOTA 50%),Pria,21,20 - 25 tahun,1 tahun s/d 2 tahun 11 bulan,2 minggu sekali,Belum menikah,Tidak memiliki anak,SLTA,Pegawai/Karyawan Swasta,B : Rp. 2.000.001 - Rp. 3.000.000,Rp 6.000.001 - Rp 7.500.000,10.0,6.0,6.0,Promoter,5.333333333333333,1.4285714285714286,3.904761904761904,Unknown,,,6.0,6.0,6.0,6.0,6.0,,6.0,5.0,5.0,6.0,4.0,6.0,6.0,6.0,5.0,5.0,2.0,2.0,2.0,1.0,1.0,1.0,1.0
198371481,Jawa Barat,Bogor,Bogor 3,Teller (KUOTA 50%),Wanita,25,20 - 25 tahun,1 tahun s/d 2 tahun 11 bulan,2 minggu sekali,Belum menikah,Tidak memiliki anak,SLTA,Pegawai/Karyawan Swasta,A2 : Rp. 3.000.001 - Rp. 4.500.000,Rp 7.500.001- Rp 9.000.000,10.0,6.0,6.0,Promoter,6.0,1.0,5.0,Unknown,,,6.0,6.0,6.0,6.0,6.0,6.0,,6.0,6.0,6.0,6.0,6.0,6.0,6.0,6.0,6.0,1.0,1.0,1.0,1.0,1.0,1.0,1.0
198373134,Jawa Barat,Bogor,Bogor 3,CS (KUOTA 50%),Wanita,39,36 - 40 tahun,5 tahun atau lebih,1 minggu sekali,Menikah,3 anak,SLTA,Ibu Rumah Tangga,A1.1 : Rp 6.000.001 - Rp 7.500.000,Rp 9.000.001- Rp 10.500.000,10.0,6.0,6.0,Promoter,6.0,1.2857142857142858,4.714285714285714,Satisfied,4.0,,6.0,6.0,6.0,6.0,6.0,,6.0,6.0,6.0,6.0,6.0,6.0,6.0,6.0,6.0,6.0,2.0,1.0,1.0,1.0,1.0,2.0,1.0
198373737,Lampung,Bandar Lampung,Bandar Lampung 1,Teller (KUOTA 50%),Pria,40,36 - 40 tahun,1 tahun s/d 2 tahun 11 bulan,2 minggu sekali,Menikah,2 anak,Sarjana (S1),Pegawai Negeri Sipil (Guru),A2 : Rp. 3.000.001 - Rp. 4.500.000,Rp. 4.500.000 - Rp 6.000.000,9.0,6.0,6.0,Promoter,5.777777777777778,1.0,4.777777777777778,Unknown,,,5.0,5.0,6.0,6.0,5.0,6.0,,6.0,6.0,6.0,6.0,5.0,6.0,6.0,5.0,6.0,1.0,1.0,1.0,1.0,1.0,1.0,1.0
198374042,Jawa Barat,Bogor,Bogor 3,Teller (KUOTA 50%),Wanita,30,26 - 30 tahun,5 tahun atau lebih,2 minggu sekali,Menikah,2 anak,Akademi/D3,Pegawai Negeri Sipil (Guru),A1.1 : Rp 6.000.001 - Rp 7.500.000,Rp 10.500.0001 - Rp 15.000.000,10.0,6.0,6.0,Promoter,6.0,3.857142857142857,2.142857142857143,Satisfied,4.0,,6.0,6.0,6.0,6.0,6.0,6.0,,6.0,6.0,6.0,6.0,6.0,6.0,6.0,6.0,6.0,1.0,1.0,6.0,1.0,6.0,6.0,6.0
198375358,Banten,Tangerang,Tangerang 2,Teller (KUOTA 50%),Wanita,28,26 - 30 tahun,5 tahun atau lebih,2 minggu sekali,Menikah,1 anak,Sarjana (S1),Pegawai Negeri Sipil (Guru),A2 : Rp. 3.000.001 - Rp. 4.500.000,Rp. 3.000.001 - Rp. 4.500.000,9.0,6.0,6.0,Promoter,5.111111111111111,1.4285714285714286,3.682539682539682,Satisfied,4.0,,5.0,5.0,5.0,5.0,5.0,5.0,,5.0,5.0,5.0,6.0,5.0,5.0,5.0,5.0,5.0,1.0,1.0,2.0,2.0,1.0,1.0,2.0
198375359,Banten,Tangerang,Tangerang 2,Teller (KUOTA 50%),Wanita,35,31 - 35 tahun,5 tahun atau lebih,2 minggu sekali,Menikah,2 anak,Sarjana (S1),Pegawai Negeri Sipil (Guru),B : Rp. 2.000.001 - Rp. 3.000.000,Rp. 4.500.000 - Rp 6.000.000,8.0,6.0,6.0,Passive,5.666666666666667,1.8571428571428572,3.8095238095238098,Passive,4.0,,6.0,5.0,6.0,6.0,6.0,6.0,,6.0,6.0,6.0,5.0,6.0,6.0,6.0,5.0,5.0,1.0,2.0,1.0,1.0,1.0,1.0,6.0
198381422,DKI Jakarta,Jakarta Timur,Jakarta Timur 3,Teller (KUOTA 50%),Wanita,39,36 - 40 tahun,3 tahun s/d 4 tahun 11 bulan,1 bulan sekali,Menikah,3 anak,SLTA,Pegawai/Karyawan Swasta,A1 : Rp. 4.500.000 - Rp 6.000.000,Rp 7.500.001- Rp 9.000.000,10.0,6.0,6.0,Promoter,6.0,1.7142857142857142,4.285714285714286,Unknown,,,6.0,6.0,6.0,6.0,6.0,6.0,,6.0,6.0,6.0,6.0,6.0,6.0,6.0,6.0,6.0,1.0,1.0,1.0,6.0,1.0,1.0,1.0
198381587,DKI Jakarta,Jakarta Timur,Jakarta Timur 3,Teller (KUOTA 50%),Wanita,40,36 - 40 tahun,3 tahun s/d 4 tahun 11 bulan,1 bulan sekali,Menikah,2 anak,SLTP,Pegawai/Karyawan Swasta,A1.1 : Rp 6.000.001 - Rp 7.500.000,Rp 9.000.001- Rp 10.500.000,10.0,6.0,6.0,Promoter,6.0,1.7142857142857142,4.285714285714286,Unknown,,,6.0,6.0,6.0,6.0,6.0,6.0,,6.0,6.0,6.0,6.0,6.0,6.0,6.0,6.0,6.0,1.0,1.0,1.0,6.0,1.0,1.0,1.0
198383646,DKI Jakarta,Jakarta Utara,Jakarta Utara 1,CS (KUOTA 50%),Wanita,48,46 - 50 tahun,3 tahun s/d 4 tahun 11 bulan,1 bulan sekali,Menikah,2 anak,SLTA,Ibu Rumah Tangga,A1 : Rp. 4.500.000 - Rp 6.000.000,Rp 7.500.001- Rp 9.000.000,10.0,6.0,6.0,Promoter,6.0,1.7142857142857142,4.285714285714286,Unknown,,,6.0,6.0,6.0,6.0,6.0,,6.0,6.0,6.0,6.0,6.0,6.0,6.0,6.0,6.0,6.0,1.0,1.0,1.0,6.0,1.0,1.0,1.0
198386838,DKI Jakarta,Jakarta Utara,Jakarta Utara 1,CS (KUOTA 50%),Wanita,41,41 - 45 tahun,5 tahun atau lebih,1 bulan sekali,Menikah,2 anak,SLTA,Ibu Rumah Tangga,A1 : Rp. 4.500.000 - Rp 6.000.000,Rp 7.500.001- Rp 9.000.000,10.0,6.0,6.0,Promoter,6.0,1.7142857142857142,4.285714285714286,Satisfied,4.0,,6.0,6.0,6.0,6.0,6.0,,6.0,6.0,6.0,6.0,6.0,6.0,6.0,6.0,6.0,6.0,6.0,1.0,1.0,1.0,1.0,1.0,1.0
198390429,Sulawesi Selatan,Makassar,Makassar 1,CS (KUOTA 50%),Wanita,34,31 - 35 tahun,1 tahun s/d 2 tahun 11 bulan,2 minggu sekali,Menikah,1 anak,SLTA,Pegawai Negeri Sipil (Guru),A2 : Rp. 3.000.001 - Rp. 4.500.000,Rp 9.000.001- Rp 10.500.000,9.0,6.0,6.0,Promoter,6.0,1.0,5.0,Unknown,,,6.0,6.0,6.0,6.0,6.0,6.0,6.0,6.0,6.0,6.0,6.0,6.0,6.0,6.0,6.0,6.0,1.0,1.0,1.0,1.0,1.0,1.0,1.0
198391512,Lampung,Bandar Lampung,Bandar Lampung 1,CS (KUOTA 50%),Pria,21,20 - 25 tahun,1 tahun s/d 2 tahun 11 bulan,1 bulan sekali,Belum menikah,Tidak memiliki anak,SLTA,Mahasiswa/i,A2 : Rp. 3.000.001 - Rp. 4.500.000,Rp. 4.500.000 - Rp 6.000.000,9.0,6.0,6.0,Promoter,6.0,1.0,5.0,Unknown,,,5.0,5.0,6.0,6.0,6.0,,6.0,6.0,6.0,6.0,6.0,6.0,6.0,6.0,6.0,6.0,1.0,1.0,1.0,1.0,1.0,1.0,1.0
198392042,Sulawesi Selatan,Makassar,Makassar 1,CS (KUOTA 50%),Wanita,32,31 - 35 tahun,5 tahun atau lebih,2 minggu sekali,Menikah,2 anak,Sarjana (S1),Wiraswasta/Pengusaha/Pedagang,A1 : Rp. 4.500.000 - Rp 6.000.000,Rp 10.500.0001 - Rp 15.000.000,9.0,6.0,6.0,Promoter,6.0,1.0,5.0,Satisfied,4.0,,6.0,6.0,6.0,6.0,6.0,,6.0,6.0,6.0,6.0,6.0,6.0,6.0,6.0,6.0,6.0,1.0,1.0,1.0,1.0,1.0,1.0,1.0
198393587,DKI Jakarta,Jakarta Barat,Jakarta Barat 3,CS (KUOTA 50%),Pria,41,41 - 45 tahun,5 tahun atau lebih,1 minggu 2 kali atau lebih,Menikah,2 anak,Sarjana (S1),Pegawai/Karyawan Swasta,A1.3 : Rp 9.000.001- Rp 10.500.000,Rp 15.000.001- Rp 20.000.000,9.0,6.0,6.0,Promoter,6.0,1.7142857142857142,4.285714285714286,Loyal Champion,4.0,3.0,6.0,6.0,6.0,6.0,6.0,,6.0,6.0,6.0,6.0,6.0,6.0,6.0,6.0,6.0,6.0,1.0,1.0,1.0,6.0,1.0,1.0,1.0
198393588,DKI Jakarta,Jakarta Barat,Jakarta Barat 3,CS (KUOTA 50%),Wanita,46,46 - 50 tahun,5 tahun atau lebih,1 minggu 2 kali atau lebih,Menikah,3 anak,Sarjana (S1),Wiraswasta/Pengusaha/Pedagang,A1.4 : Rp 10.500.0001 - Rp 15.000.000,Rp 15.000.001- Rp 20.000.000,9.0,6.0,6.0,Promoter,5.888888888888889,1.7142857142857142,4.174603174603175,Loyal Champion,4.0,3.0,6.0,6.0,6.0,6.0,6.0,,6.0,6.0,6.0,5.0,6.0,6.0,6.0,6.0,6.0,6.0,1.0,1.0,1.0,6.0,1.0,1.0,1.0
198394407,Jawa Barat,Sumedang,Sumedang 4,CS (KUOTA 50%),Wanita,39,36 - 40 tahun,3 tahun s/d 4 tahun 11 bulan,1 bulan sekali,Menikah,3 anak,Paska Sarjana (S2),Ibu Rumah Tangga,A1 : Rp. 4.500.000 - Rp 6.000.000,Rp 7.500.001- Rp 9.000.000,10.0,6.0,6.0,Promoter,6.0,1.0,5.0,Unknown,,,6.0,6.0,6.0,6.0,6.0,,6.0,6.0,6.0,6.0,6.0,6.0,6.0,6.0,6.0,6.0,1.0,1.0,1.0,1.0,1.0,1.0,1.0
198394581,Banten,Tangerang Selatan,Tangerang Selatan 2,Teller (KUOTA 50%),Wanita,39,36 - 40 tahun,3 tahun s/d 4 tahun 11 bulan,1 bulan sekali,Menikah,2 anak,Akademi/D3,Pegawai/Karyawan Swasta,A1 : Rp. 4.500.000 - Rp 6.000.000,Rp 7.500.001- Rp 9.000.000,9.0,6.0,6.0,Promoter,6.0,1.0,5.0,Unknown,,,6.0,6.0,5.0,6.0,6.0,6.0,,6.0,6.0,6.0,6.0,6.0,6.0,6.0,6.0,6.0,1.0,1.0,1.0,1.0,1.0,1.0,1.0
198394633,Jawa Barat,Pangandaran,Pangandaran 2,CS (KUOTA 50%),Pria,27,26 - 30 tahun,3 tahun s/d 4 tahun 11 bulan,1 bulan sekali,Belum menikah,Tidak memiliki anak,SLTA,Tenaga Honorer,C2 : Rp. 1.000.001 - Rp. 1.500.000,Rp. 1.500.001 - Rp. 2.000.000,10.0,6.0,6.0,Promoter,6.0,1.0,5.0,Unknown,,,6.0,6.0,6.0,6.0,6.0,,6.0,6.0,6.0,6.0,6.0,6.0,6.0,6.0,6.0,6.0,1.0,1.0,1.0,1.0,1.0,1.0,1.0
198394782,Jawa Barat,Sumedang,Sumedang 4,CS (KUOTA 50%),Pria,49,46 - 50 tahun,5 tahun atau lebih,2 minggu sekali,Menikah,2 anak,Sarjana (S1),Pegawai Negeri Sipil (Guru),A2 : Rp. 3.000.001 - Rp. 4.500.000,Rp 7.500.001- Rp 9.000.000,10.0,6.0,6.0,Promoter,6.0,1.0,5.0,Satisfied,4.0,,6.0,6.0,6.0,6.0,6.0,,6.0,6.0,6.0,6.0,6.0,6.0,6.0,6.0,6.0,6.0,1.0,1.0,1.0,1.0,1.0,1.0,1.0
198394783,Jawa Barat,Sumedang,Sumedang 4,Teller (KUOTA 50%),Wanita,30,26 - 30 tahun,5 tahun atau lebih,1 minggu 2 kali atau lebih,Menikah,1 anak,Sarjana (S1),Pegawai Negeri Sipil (Bukan Guru),A1 : Rp. 4.500.000 - Rp 6.000.000,Rp 9.000.001- Rp 10.500.000,10.0,6.0,6.0,Promoter,6.0,1.0,5.0,Loyal Champion,4.0,3.0,6.0,6.0,6.0,9.0,6.0,6.0,,6.0,6.0,6.0,6.0,6.0,6.0,6.0,6.0,6.0,1.0,1.0,1.0,1.0,1.0,1.0,1.0
198394916,Jawa Barat,Kuningan,Kuningan 2,Teller (KUOTA 50%),Wanita,25,20 - 25 tahun,1 tahun s/d 2 tahun 11 bulan,1 minggu 2 kali atau lebih,Menikah,1 anak,SLTA,Wiraswasta/Pengusaha/Pedagang,A2 : Rp. 3.000.001 - Rp. 4.500.000,Rp 9.000.001- Rp 10.500.000,10.0,6.0,6.0,Promoter,6.0,1.0,5.0,Unknown,,3.0,6.0,6.0,6.0,6.0,6.0,6.0,,6.0,6.0,6.0,6.0,6.0,6.0,6.0,6.0,6.0,1.0,1.0,1.0,1.0,1.0,1.0,1.0
198394951,Jawa Barat,Tasikmalaya,Tasikmalaya 3,CS (KUOTA 50%),Wanita,30,26 - 30 tahun,3 tahun s/d 4 tahun 11 bulan,1 bulan sekali,Menikah,Tidak memiliki anak,SLTA,Pegawai Negeri Sipil (Bukan Guru),A2 : Rp. 3.000.001 - Rp. 4.500.000,Rp. 4.500.000 - Rp 6.000.000,10.0,6.0,6.0,Promoter,6.0,1.0,5.0,Unknown,,,6.0,6.0,6.0,6.0,6.0,,6.0,6.0,6.0,6.0,6.0,6.0,6.0,6.0,6.0,6.0,1.0,1.0,1.0,1.0,1.0,1.0,1.0
198395013,Jawa Tengah,Sragen,Sragen 1,CS (KUOTA 50%),Pria,45,41 - 45 tahun,1 tahun s/d 2 tahun 11 bulan,1 bulan sekali,Menikah,3 anak,Sarjana (S1),Pegawai/Karyawan Swasta,A1 : Rp. 4.500.000 - Rp 6.000.000,Rp 6.000.001 - Rp 7.500.000,10.0,6.0,6.0,Promoter,6.0,1.2857142857142858,4.714285714285714,Unknown,,,6.0,6.0,6.0,6.0,6.0,,6.0,6.0,6.0,6.0,6.0,6.0,6.0,6.0,6.0,6.0,1.0,1.0,2.0,1.0,2.0,1.0,1.0
198395092,Jawa Tengah,Sragen,Sragen 1,Teller (KUOTA 50%),Wanita,50,46 - 50 tahun,5 tahun atau lebih,1 bulan sekali,Duda / Janda,2 anak,Sarjana (S1),Wiraswasta/Pengusaha/Pedagang,B : Rp. 2.000.001 - Rp. 3.000.000,Rp. 4.500.000 - Rp 6.000.000,10.0,5.0,5.0,Promoter,5.0,2.857142857142857,2.142857142857143,Satisfied,4.0,,5.0,5.0,5.0,5.0,5.0,5.0,,5.0,5.0,5.0,5.0,5.0,5.0,5.0,5.0,5.0,3.0,3.0,3.0,2.0,3.0,3.0,3.0
198395093,Jawa Tengah,Sragen,Sragen 1,CS (KUOTA 50%),Pria,29,26 - 30 tahun,5 tahun atau lebih,1 bulan sekali,Belum menikah,Tidak memiliki anak,SLTA,Mahasiswa/i,A2 : Rp. 3.000.001 - Rp. 4.500.000,Menolak Memberikan Jawaban,10.0,6.0,6.0,Promoter,5.444444444444445,2.857142857142857,2.5873015873015874,Satisfied,4.0,,6.0,6.0,6.0,6.0,6.0,,6.0,5.0,6.0,5.0,6.0,5.0,5.0,6.0,6.0,5.0,3.0,5.0,3.0,3.0,1.0,1.0,4.0
198395114,Jawa Barat,Pangandaran,Pangandaran 2,Teller (KUOTA 50%),Pria,25,20 - 25 tahun,5 tahun atau lebih,1 minggu 2 kali atau lebih,Menikah,Tidak memiliki anak,SLTA,Tenaga Honorer,C2 : Rp. 1.000.001 - Rp. 1.500.000,Rp. 2.000.001 - Rp. 3.000.000,7.0,6.0,6.0,Passive,5.888888888888889,1.4285714285714286,4.4603174603174605,Passive,4.0,3.0,6.0,6.0,6.0,6.0,6.0,6.0,,6.0,6.0,6.0,6.0,6.0,6.0,5.0,6.0,6.0,1.0,1.0,1.0,1.0,1.0,1.0,4.0
198395199,Jawa Barat,Bekasi,Bekasi 1,CS (KUOTA 50%),Wanita,22,20 - 25 tahun,1 tahun s/d 2 tahun 11 bulan,1 minggu 2 kali atau lebih,Belum menikah,Tidak memiliki anak,SLTA,Pegawai/Karyawan Swasta,A2 : Rp. 3.000.001 - Rp. 4.500.000,Rp. 4.500.000 - Rp 6.000.000,10.0,6.0,6.0,Promoter,6.0,1.0,5.0,Unknown,,3.0,6.0,6.0,6.0,6.0,6.0,,6.0,6.0,6.0,6.0,6.0,6.0,6.0,6.0,6.0,6.0,1.0,1.0,1.0,1.0,1.0,1.0,1.0
198395286,Jawa Barat,Tasikmalaya,Tasikmalaya 3,CS (KUOTA 50%),Pria,46,46 - 50 tahun,5 tahun atau lebih,2 minggu sekali,Menikah,4 anak,Sarjana (S1),Pegawai Negeri Sipil (Bukan Guru),A1 : Rp. 4.500.000 - Rp 6.000.000,Rp 9.000.001- Rp 10.500.000,10.0,6.0,6.0,Promoter,6.0,1.0,5.0,Satisfied,4.0,,6.0,6.0,6.0,6.0,6.0,,6.0,6.0,6.0,6.0,6.0,6.0,6.0,6.0,6.0,6.0,1.0,1.0,1.0,1.0,1.0,1.0,1.0
198395374,Sulawesi Selatan,Makassar,Makassar 1,CS (KUOTA 50%),Wanita,27,26 - 30 tahun,1 tahun s/d 2 tahun 11 bulan,1 bulan sekali,Belum menikah,Tidak memiliki anak,Sarjana (S1),Pegawai/Karyawan Swasta,A2 : Rp. 3.000.001 - Rp. 4.500.000,Rp. 3.000.001 - Rp. 4.500.000,10.0,6.0,6.0,Promoter,6.0,1.0,5.0,Unknown,,,6.0,6.0,6.0,6.0,6.0,,6.0,6.0,6.0,6.0,6.0,6.0,6.0,6.0,6.0,6.0,1.0,1.0,1.0,1.0,1.0,1.0,1.0
198395443,Jawa Tengah,Sragen,Sragen 1,Teller (KUOTA 50%),Wanita,46,46 - 50 tahun,1 tahun s/d 2 tahun 11 bulan,1 bulan sekali,Menikah,2 anak,Sarjana (S1),Wiraswasta/Pengusaha/Pedagang,A2 : Rp. 3.000.001 - Rp. 4.500.000,Rp 6.000.001 - Rp 7.500.000,9.0,6.0,5.0,Promoter,5.0,2.0,3.0,Unknown,,,5.0,5.0,5.0,5.0,6.0,5.0,,5.0,5.0,5.0,5.0,5.0,5.0,5.0,5.0,5.0,2.0,2.0,2.0,2.0,2.0,2.0,2.0
198395472,Jawa Barat,Pangandaran,Pangandaran 2,Teller (KUOTA 50%),Pria,47,46 - 50 tahun,3 tahun s/d 4 tahun 11 bulan,1 bulan sekali,Menikah,1 anak,SLTP,Lainnya,C2 : Rp. 1.000.001 - Rp. 1.500.000,Rp. 1.000.001 - Rp. 1.500.000,10.0,6.0,6.0,Promoter,6.0,1.0,5.0,Unknown,,,6.0,6.0,6.0,6.0,6.0,6.0,,6.0,6.0,6.0,6.0,6.0,6.0,6.0,6.0,6.0,1.0,1.0,1.0,1.0,1.0,1.0,1.0
198395540,Jawa Barat,Bekasi,Bekasi 1,CS (KUOTA 50%),Pria,33,31 - 35 tahun,1 tahun s/d 2 tahun 11 bulan,2 minggu sekali,Menikah,2 anak,SLTA,Pegawai/Karyawan Swasta,B : Rp. 2.000.001 - Rp. 3.000.000,Rp 9.000.001- Rp 10.500.000,10.0,6.0,6.0,Promoter,6.0,1.0,5.0,Unknown,,,6.0,6.0,6.0,6.0,6.0,,6.0,6.0,6.0,6.0,6.0,6.0,6.0,6.0,6.0,6.0,1.0,1.0,1.0,1.0,1.0,1.0,1.0
198395550,Jawa Barat,Kuningan,Kuningan 2,CS (KUOTA 50%),Pria,36,36 - 40 tahun,1 tahun s/d 2 tahun 11 bulan,1 minggu sekali,Duda / Janda,Tidak memiliki anak,Akademi/D3,Perangkat Desa (Camat/Lurah/RW),C1 : Rp. 1.500.001 - Rp. 2.000.000,Rp 6.000.001 - Rp 7.500.000,10.0,6.0,6.0,Promoter,6.0,1.0,5.0,Unknown,,,6.0,6.0,6.0,6.0,6.0,,6.0,6.0,6.0,6.0,6.0,6.0,6.0,6.0,6.0,6.0,1.0,1.0,1.0,1.0,1.0,1.0,1.0
198395629,DKI Jakarta,Jakarta Barat,Jakarta Barat 3,Teller (KUOTA 50%),Wanita,27,26 - 30 tahun,3 tahun s/d 4 tahun 11 bulan,1 minggu 2 kali atau lebih,Menikah,2 anak,Sarjana (S1),Pegawai/Karyawan Swasta,A1.5 : Rp 15.000.001- Rp 20.000.000,Rp 15.000.001- Rp 20.000.000,8.0,6.0,6.0,Passive,6.0,3.142857142857143,2.857142857142857,Unknown,,3.0,6.0,6.0,6.0,6.0,6.0,6.0,,6.0,6.0,6.0,6.0,6.0,6.0,6.0,6.0,6.0,1.0,1.0,1.0,6.0,6.0,1.0,6.0
198395772,Jawa Barat,Tasikmalaya,Tasikmalaya 3,Teller (KUOTA 50%),Wanita,34,31 - 35 tahun,1 tahun s/d 2 tahun 11 bulan,1 minggu 2 kali atau lebih,Menikah,3 anak,Sarjana (S1),Pegawai Negeri Sipil (Guru),A2 : Rp. 3.000.001 - Rp. 4.500.000,Rp 7.500.001- Rp 9.000.000,10.0,6.0,6.0,Promoter,6.0,1.0,5.0,Unknown,,3.0,6.0,6.0,5.0,6.0,6.0,6.0,,6.0,6.0,6.0,6.0,6.0,6.0,6.0,6.0,6.0,1.0,1.0,1.0,1.0,1.0,1.0,1.0
198395844,DKI Jakarta,Jakarta Selatan,Jakarta Selatan 5,Teller (KUOTA 50%),Wanita,23,20 - 25 tahun,1 tahun s/d 2 tahun 11 bulan,1 bulan sekali,Belum menikah,Tidak memiliki anak,SLTA,Pegawai/Karyawan Swasta,A1.3 : Rp 9.000.001- Rp 10.500.000,Rp 15.000.001- Rp 20.000.000,8.0,5.0,5.0,Passive,5.111111111111111,1.7142857142857142,3.3968253968253963,Unknown,,,6.0,6.0,6.0,6.0,6.0,5.0,,6.0,5.0,5.0,5.0,5.0,5.0,5.0,5.0,5.0,2.0,2.0,2.0,1.0,2.0,1.0,2.0
198395845,DKI Jakarta,Jakarta Selatan,Jakarta Selatan 5,CS (KUOTA 50%),Pria,40,36 - 40 tahun,5 tahun atau lebih,1 bulan sekali,Menikah,1 anak,Sarjana (S1),Pegawai Negeri Sipil (Bukan Guru),A1.1 : Rp 6.000.001 - Rp 7.500.000,Rp 10.500.0001 - Rp 15.000.000,10.0,6.0,5.0,Promoter,5.666666666666667,1.7142857142857142,3.9523809523809526,Satisfied,4.0,,6.0,6.0,9.0,9.0,6.0,,6.0,6.0,5.0,6.0,6.0,5.0,5.0,6.0,6.0,6.0,2.0,3.0,2.0,1.0,1.0,2.0,1.0
198395990,Jawa Barat,Tasikmalaya,Tasikmalaya 3,CS (KUOTA 50%),Wanita,40,36 - 40 tahun,5 tahun atau lebih,1 bulan sekali,Menikah,2 anak,Sarjana (S1),Pegawai Negeri Sipil (Bukan Guru),A1 : Rp. 4.500.000 - Rp 6.000.000,Rp 6.000.001 - Rp 7.500.000,10.0,6.0,6.0,Promoter,6.0,1.0,5.0,Satisfied,4.0,,6.0,6.0,6.0,6.0,6.0,,6.0,6.0,6.0,6.0,6.0,6.0,6.0,6.0,6.0,6.0,1.0,1.0,1.0,1.0,1.0,1.0,1.0
198396017,Jawa Barat,Pangandaran,Pangandaran 2,Teller (KUOTA 50%),Pria,33,31 - 35 tahun,5 tahun atau lebih,1 bulan sekali,Menikah,Tidak memiliki anak,SLTA,Tenaga Honorer,A2 : Rp. 3.000.001 - Rp. 4.500.000,Rp. 3.000.001 - Rp. 4.500.000,10.0,6.0,6.0,Promoter,6.0,1.2857142857142858,4.714285714285714,Satisfied,4.0,,6.0,6.0,6.0,6.0,6.0,6.0,,6.0,6.0,6.0,6.0,6.0,6.0,6.0,6.0,6.0,1.0,1.0,1.0,2.0,2.0,1.0,1.0
198396060,Jawa Barat,Sumedang,Sumedang 4,Teller (KUOTA 50%),Pria,27,26 - 30 tahun,5 tahun atau lebih,1 bulan sekali,Menikah,1 anak,SLTA,Pegawai/Karyawan Swasta,B : Rp. 2.000.001 - Rp. 3.000.000,Rp. 4.500.000 - Rp 6.000.000,10.0,6.0,6.0,Promoter,6.0,1.0,5.0,Satisfied,4.0,,6.0,6.0,6.0,6.0,6.0,6.0,,6.0,6.0,6.0,6.0,6.0,6.0,6.0,6.0,6.0,1.0,1.0,1.0,1.0,1.0,1.0,1.0
198396098,Jawa Barat,Sumedang,Sumedang 4,CS (KUOTA 50%),Pria,42,41 - 45 tahun,3 tahun s/d 4 tahun 11 bulan,1 bulan sekali,Menikah,2 anak,SLTA,Tenaga Honorer,A2 : Rp. 3.000.001 - Rp. 4.500.000,Rp 7.500.001- Rp 9.000.000,10.0,6.0,6.0,Promoter,5.888888888888889,1.0,4.888888888888889,Unknown,,,6.0,6.0,6.0,6.0,6.0,,6.0,6.0,6.0,6.0,6.0,6.0,6.0,5.0,6.0,6.0,1.0,1.0,1.0,1.0,1.0,1.0,1.0
198396239,Jawa Barat,Tasikmalaya,Tasikmalaya 3,Teller (KUOTA 50%),Pria,44,41 - 45 tahun,5 tahun atau lebih,1 minggu sekali,Menikah,> 4 anak,Sarjana (S1),Polisi / Tentara / Militer,A1 : Rp. 4.500.000 - Rp 6.000.000,Rp 10.500.0001 - Rp 15.000.000,10.0,6.0,6.0,Promoter,6.0,1.0,5.0,Satisfied,4.0,,6.0,6.0,6.0,6.0,6.0,6.0,,6.0,6.0,6.0,6.0,6.0,6.0,6.0,6.0,6.0,1.0,1.0,1.0,1.0,1.0,1.0,1.0
198396447,Jawa Barat,Tasikmalaya,Tasikmalaya 3,CS (KUOTA 50%),Pria,20,20 - 25 tahun,1 tahun s/d 2 tahun 11 bulan,1 minggu sekali,Belum menikah,Tidak memiliki anak,SLTA,Mahasiswa/i,B : Rp. 2.000.001 - Rp. 3.000.000,Rp. 3.000.001 - Rp. 4.500.000,10.0,6.0,6.0,Promoter,6.0,1.0,5.0,Unknown,,,6.0,6.0,6.0,6.0,6.0,,6.0,6.0,6.0,6.0,6.0,6.0,6.0,6.0,6.0,6.0,1.0,1.0,1.0,1.0,1.0,1.0,1.0
198396816,Jawa Barat,Pangandaran,Pangandaran 2,CS (KUOTA 50%),Pria,42,41 - 45 tahun,5 tahun atau lebih,1 bulan sekali,Menikah,1 anak,SLTP,Tenaga Honorer,A2 : Rp. 3.000.001 - Rp. 4.500.000,Rp. 3.000.001 - Rp. 4.500.000,10.0,6.0,6.0,Promoter,6.0,1.2857142857142858,4.714285714285714,Satisfied,4.0,,6.0,6.0,6.0,6.0,6.0,,6.0,6.0,6.0,6.0,6.0,6.0,6.0,6.0,6.0,6.0,1.0,1.0,1.0,1.0,3.0,1.0,1.0
198396936,Jawa Tengah,Sragen,Sragen 1,Teller (KUOTA 50%),Wanita,41,41 - 45 tahun,1 tahun s/d 2 tahun 11 bulan,1 bulan sekali,Menikah,1 anak,Sarjana (S1),Pegawai/Karyawan Swasta,A2 : Rp. 3.000.001 - Rp. 4.500.000,Rp 9.000.001- Rp 10.500.000,9.0,6.0,6.0,Promoter,5.888888888888889,1.0,4.888888888888889,Unknown,,,6.0,6.0,6.0,6.0,6.0,6.0,,6.0,6.0,6.0,6.0,6.0,6.0,5.0,6.0,6.0,1.0,1.0,1.0,1.0,1.0,1.0,1.0
198396984,Jawa Barat,Tasikmalaya,Tasikmalaya 3,Teller (KUOTA 50%),Pria,43,41 - 45 tahun,5 tahun atau lebih,2 minggu sekali,Menikah,3 anak,Sarjana (S1),Polisi / Tentara / Militer,A1.1 : Rp 6.000.001 - Rp 7.500.000,Rp 10.500.0001 - Rp 15.000.000,10.0,6.0,6.0,Promoter,6.0,1.0,5.0,Satisfied,4.0,,6.0,6.0,6.0,6.0,6.0,6.0,,6.0,6.0,6.0,6.0,6.0,6.0,6.0,6.0,6.0,1.0,1.0,1.0,1.0,1.0,1.0,1.0
198396998,Jawa Barat,Bogor,Bogor 4,Teller (KUOTA 50%),Wanita,41,41 - 45 tahun,5 tahun atau lebih,1 bulan sekali,Menikah,3 anak,SLTP,Ibu Rumah Tangga,C1 : Rp. 1.500.001 - Rp. 2.000.000,Rp. 1.500.001 - Rp. 2.000.000,8.0,6.0,6.0,Passive,5.222222222222222,1.1428571428571428,4.079365079365079,Passive,4.0,,5.0,5.0,6.0,6.0,6.0,6.0,,6.0,6.0,5.0,6.0,6.0,1.0,5.0,6.0,6.0,1.0,1.0,1.0,1.0,1.0,1.0,2.0
198397065,Sulawesi Selatan,Makassar,Makassar 1,Teller (KUOTA 50%),Wanita,26,26 - 30 tahun,3 tahun s/d 4 tahun 11 bulan,1 bulan sekali,Menikah,Tidak memiliki anak,SLTA,Pegawai/Karyawan Swasta,A1 : Rp. 4.500.000 - Rp 6.000.000,Rp 7.500.001- Rp 9.000.000,9.0,6.0,6.0,Promoter,6.0,1.0,5.0,Unknown,,,6.0,6.0,6.0,6.0,6.0,6.0,,6.0,6.0,6.0,6.0,6.0,6.0,6.0,6.0,6.0,1.0,1.0,1.0,1.0,1.0,1.0,1.0
198397066,Sulawesi Selatan,Makassar,Makassar 1,Teller (KUOTA 50%),Wanita,32,31 - 35 tahun,1 tahun s/d 2 tahun 11 bulan,1 bulan sekali,Menikah,Tidak memiliki anak,SLTA,Pegawai/Karyawan Swasta,A2 : Rp. 3.000.001 - Rp. 4.500.000,Rp 7.500.001- Rp 9.000.000,10.0,6.0,6.0,Promoter,5.888888888888889,1.0,4.888888888888889,Unknown,,,6.0,6.0,6.0,6.0,6.0,6.0,,6.0,6.0,6.0,6.0,6.0,6.0,5.0,6.0,6.0,1.0,1.0,1.0,1.0,1.0,1.0,1.0
198397134,Jawa Barat,Bandung Barat,Bandung Barat 1,CS (KUOTA 50%),Wanita,33,31 - 35 tahun,1 tahun s/d 2 tahun 11 bulan,1 bulan sekali,Menikah,2 anak,SLTA,Guru (Non PNS),C1 : Rp. 1.500.001 - Rp. 2.000.000,Rp. 2.000.001 - Rp. 3.000.000,10.0,6.0,5.0,Promoter,6.0,1.5714285714285714,4.428571428571429,Unknown,,,6.0,6.0,6.0,6.0,6.0,,6.0,6.0,6.0,6.0,6.0,6.0,6.0,6.0,6.0,6.0,1.0,1.0,1.0,1.0,5.0,1.0,1.0
198397421,Jawa Barat,Tasikmalaya,Tasikmalaya 3,Teller (KUOTA 50%),Pria,46,46 - 50 tahun,5 tahun atau lebih,1 minggu 2 kali atau lebih,Menikah,3 anak,SLTA,Pegawai Negeri Sipil (Bukan Guru),A1.1 : Rp 6.000.001 - Rp 7.500.000,Rp 7.500.001- Rp 9.000.000,10.0,6.0,6.0,Promoter,6.0,1.0,5.0,Loyal Champion,4.0,3.0,6.0,6.0,6.0,6.0,6.0,6.0,,6.0,6.0,6.0,6.0,6.0,6.0,6.0,6.0,6.0,1.0,1.0,1.0,1.0,1.0,1.0,1.0
198397517,Jawa Tengah,Sragen,Sragen 1,CS (KUOTA 50%),Pria,50,46 - 50 tahun,1 tahun s/d 2 tahun 11 bulan,1 bulan sekali,Menikah,3 anak,Sarjana (S1),Pegawai Negeri Sipil (Guru),B : Rp. 2.000.001 - Rp. 3.000.000,Rp 6.000.001 - Rp 7.500.000,10.0,5.0,5.0,Promoter,5.0,1.5714285714285714,3.428571428571429,Unknown,,,5.0,5.0,5.0,5.0,5.0,,5.0,5.0,5.0,5.0,5.0,5.0,5.0,5.0,5.0,5.0,1.0,1.0,1.0,5.0,1.0,1.0,1.0
198397522,Jawa Barat,Sumedang,Sumedang 4,Teller (KUOTA 50%),Wanita,47,46 - 50 tahun,5 tahun atau lebih,1 minggu sekali,Menikah,2 anak,Sarjana (S1),Pegawai Negeri Sipil (Bukan Guru),A2 : Rp. 3.000.001 - Rp. 4.500.000,Rp 6.000.001 - Rp 7.500.000,9.0,6.0,6.0,Promoter,6.0,1.7142857142857142,4.285714285714286,Satisfied,4.0,,6.0,6.0,6.0,6.0,6.0,6.0,,6.0,6.0,6.0,6.0,6.0,6.0,6.0,6.0,6.0,1.0,1.0,6.0,1.0,1.0,1.0,1.0
198397523,Jawa Barat,Sumedang,Sumedang 4,CS (KUOTA 50%),Wanita,40,36 - 40 tahun,5 tahun atau lebih,2 minggu sekali,Menikah,2 anak,Akademi/D3,Tenaga Honorer,A2 : Rp. 3.000.001 - Rp. 4.500.000,Rp 6.000.001 - Rp 7.500.000,9.0,6.0,6.0,Promoter,6.0,1.0,5.0,Satisfied,4.0,,6.0,6.0,6.0,6.0,6.0,,6.0,6.0,6.0,6.0,6.0,6.0,6.0,6.0,6.0,6.0,1.0,1.0,1.0,1.0,1.0,1.0,1.0
198397524,Jawa Barat,Sumedang,Sumedang 4,CS (KUOTA 50%),Wanita,37,36 - 40 tahun,3 tahun s/d 4 tahun 11 bulan,2 minggu sekali,Duda / Janda,1 anak,SLTA,Sedang Tidak Bekerja,B : Rp. 2.000.001 - Rp. 3.000.000,Rp. 3.000.001 - Rp. 4.500.000,9.0,5.0,6.0,Promoter,5.444444444444445,1.0,4.444444444444445,Unknown,,,6.0,6.0,6.0,6.0,6.0,,5.0,6.0,6.0,6.0,6.0,6.0,1.0,6.0,6.0,6.0,1.0,1.0,1.0,1.0,1.0,1.0,1.0
198397622,Jawa Barat,Tasikmalaya,Tasikmalaya 3,Teller (KUOTA 50%),Pria,29,26 - 30 tahun,5 tahun atau lebih,1 minggu sekali,Menikah,1 anak,SLTA,Tenaga Honorer,B : Rp. 2.000.001 - Rp. 3.000.000,Rp. 3.000.001 - Rp. 4.500.000,10.0,6.0,6.0,Promoter,6.0,1.7142857142857142,4.285714285714286,Satisfied,4.0,,6.0,6.0,6.0,6.0,6.0,6.0,,6.0,6.0,6.0,6.0,6.0,6.0,6.0,6.0,6.0,6.0,1.0,1.0,1.0,1.0,1.0,1.0
198397624,DKI Jakarta,Jakarta Selatan,Jakarta Selatan 2,CS (KUOTA 50%),Pria,40,36 - 40 tahun,5 tahun atau lebih,2 minggu sekali,Menikah,3 anak,SLTA,Pegawai/Karyawan Swasta,A1 : Rp. 4.500.000 - Rp 6.000.000,Rp 7.500.001- Rp 9.000.000,8.0,5.0,5.0,Passive,5.444444444444445,1.5714285714285714,3.8730158730158735,Passive,4.0,,6.0,6.0,6.0,6.0,6.0,,6.0,5.0,6.0,6.0,5.0,6.0,5.0,6.0,6.0,4.0,1.0,1.0,2.0,2.0,2.0,2.0,1.0
198397705,Jawa Barat,Cimahi,Cimahi 1,Teller (KUOTA 50%),Pria,50,46 - 50 tahun,3 tahun s/d 4 tahun 11 bulan,1 bulan sekali,Menikah,2 anak,SLTA,Wiraswasta/Pengusaha/Pedagang,A2 : Rp. 3.000.001 - Rp. 4.500.000,Rp. 4.500.000 - Rp 6.000.000,10.0,6.0,6.0,Promoter,5.888888888888889,1.0,4.888888888888889,Unknown,,,6.0,4.0,6.0,5.0,6.0,6.0,,6.0,6.0,6.0,6.0,5.0,6.0,6.0,6.0,6.0,1.0,1.0,1.0,1.0,1.0,1.0,1.0
198397706,Jawa Barat,Cimahi,Cimahi 1,CS (KUOTA 50%),Pria,26,26 - 30 tahun,5 tahun atau lebih,1 bulan sekali,Belum menikah,Tidak memiliki anak,SLTA,Pegawai/Karyawan Swasta,C2 : Rp. 1.000.001 - Rp. 1.500.000,Rp. 2.000.001 - Rp. 3.000.000,10.0,6.0,6.0,Promoter,6.0,1.0,5.0,Satisfied,4.0,,6.0,6.0,6.0,6.0,6.0,,6.0,6.0,6.0,6.0,6.0,6.0,6.0,6.0,6.0,6.0,1.0,1.0,1.0,1.0,1.0,1.0,1.0
198397707,Jawa Barat,Cimahi,Cimahi 2,CS (KUOTA 50%),Pria,22,20 - 25 tahun,3 tahun s/d 4 tahun 11 bulan,1 minggu sekali,Menikah,Tidak memiliki anak,SLTA,Pegawai/Karyawan Swasta,B : Rp. 2.000.001 - Rp. 3.000.000,Rp 6.000.001 - Rp 7.500.000,10.0,6.0,6.0,Promoter,6.0,1.0,5.0,Unknown,,,6.0,6.0,6.0,6.0,6.0,,6.0,6.0,6.0,6.0,6.0,6.0,6.0,6.0,6.0,6.0,1.0,1.0,1.0,1.0,1.0,1.0,1.0
198397708,Jawa Barat,Cimahi,Cimahi 2,Teller (KUOTA 50%),Wanita,36,36 - 40 tahun,5 tahun atau lebih,1 bulan sekali,Duda / Janda,1 anak,Sarjana (S1),Guru (Non PNS),C2 : Rp. 1.000.001 - Rp. 1.500.000,Rp. 1.000.001 - Rp. 1.500.000,10.0,6.0,5.0,Promoter,5.333333333333333,1.0,4.333333333333333,Satisfied,4.0,,6.0,6.0,6.0,6.0,6.0,6.0,6.0,6.0,6.0,5.0,6.0,5.0,5.0,5.0,5.0,5.0,1.0,1.0,1.0,1.0,1.0,1.0,1.0
198397917,Jawa Barat,Sumedang,Sumedang 4,CS (KUOTA 50%),Wanita,40,36 - 40 tahun,5 tahun atau lebih,1 bulan sekali,Menikah,3 anak,SLTA,Wiraswasta/Pengusaha/Pedagang,A2 : Rp. 3.000.001 - Rp. 4.500.000,Rp 6.000.001 - Rp 7.500.000,10.0,6.0,6.0,Promoter,6.0,1.0,5.0,Satisfied,4.0,,6.0,6.0,6.0,6.0,6.0,,6.0,6.0,6.0,6.0,6.0,6.0,6.0,6.0,6.0,6.0,1.0,1.0,1.0,1.0,1.0,1.0,1.0
198398096,Jawa Barat,Kuningan,Kuningan 2,CS (KUOTA 50%),Pria,30,26 - 30 tahun,1 tahun s/d 2 tahun 11 bulan,1 minggu 2 kali atau lebih,Menikah,1 anak,Sarjana (S1),Pegawai/Karyawan Swasta,B : Rp. 2.000.001 - Rp. 3.000.000,Rp. 4.500.000 - Rp 6.000.000,10.0,6.0,6.0,Promoter,6.0,1.0,5.0,Unknown,,3.0,6.0,6.0,6.0,6.0,6.0,,6.0,6.0,6.0,6.0,6.0,6.0,6.0,6.0,6.0,6.0,1.0,1.0,1.0,1.0,1.0,1.0,1.0
198398166,Jawa Barat,Bogor,Bogor 3,CS (KUOTA 50%),Wanita,22,20 - 25 tahun,1 tahun s/d 2 tahun 11 bulan,2 minggu sekali,Belum menikah,Tidak memiliki anak,Akademi/D3,Pegawai/Karyawan Swasta,A1 : Rp. 4.500.000 - Rp 6.000.000,Rp 9.000.001- Rp 10.500.000,9.0,6.0,6.0,Promoter,5.888888888888889,1.0,4.888888888888889,Unknown,,,6.0,6.0,6.0,6.0,6.0,6.0,6.0,6.0,6.0,6.0,5.0,6.0,6.0,6.0,6.0,6.0,1.0,1.0,1.0,1.0,1.0,1.0,1.0
198398185,Jawa Barat,Tasikmalaya,Tasikmalaya 3,Teller (KUOTA 50%),Pria,26,26 - 30 tahun,1 tahun s/d 2 tahun 11 bulan,1 minggu sekali,Menikah,1 anak,Sarjana (S1),Tenaga Honorer,A2 : Rp. 3.000.001 - Rp. 4.500.000,Rp. 4.500.000 - Rp 6.000.000,10.0,6.0,6.0,Promoter,6.0,1.0,5.0,Unknown,,,6.0,6.0,6.0,6.0,6.0,6.0,,6.0,6.0,6.0,6.0,6.0,6.0,6.0,6.0,6.0,1.0,1.0,1.0,1.0,1.0,1.0,1.0
198398340,Jawa Barat,Bandung Barat,Bandung Barat 1,CS (KUOTA 50%),Wanita,30,26 - 30 tahun,1 tahun s/d 2 tahun 11 bulan,1 minggu sekali,Menikah,1 anak,Sarjana (S1),Guru (Non PNS),A1 : Rp. 4.500.000 - Rp 6.000.000,Rp 9.000.001- Rp 10.500.000,7.0,6.0,6.0,Passive,5.777777777777778,1.2857142857142858,4.492063492063492,Unknown,,,6.0,5.0,6.0,6.0,6.0,,6.0,6.0,6.0,5.0,5.0,6.0,6.0,6.0,6.0,6.0,1.0,2.0,1.0,1.0,1.0,2.0,1.0
198398367,Jawa Tengah,Tegal,Tegal 1,CS (KUOTA 50%),Wanita,28,26 - 30 tahun,1 tahun s/d 2 tahun 11 bulan,2 minggu sekali,Menikah,Tidak memiliki anak,Akademi/D3,Pegawai/Karyawan Swasta,B : Rp. 2.000.001 - Rp. 3.000.000,Rp 6.000.001 - Rp 7.500.000,10.0,6.0,6.0,Promoter,6.0,1.0,5.0,Unknown,,,6.0,6.0,6.0,6.0,6.0,,6.0,6.0,6.0,6.0,6.0,6.0,6.0,6.0,6.0,6.0,1.0,1.0,1.0,1.0,1.0,1.0,1.0
198398394,Jawa Barat,Tasikmalaya,Tasikmalaya 3,Teller (KUOTA 50%),Pria,33,31 - 35 tahun,1 tahun s/d 2 tahun 11 bulan,1 minggu 2 kali atau lebih,Belum menikah,Tidak memiliki anak,Sarjana (S1),Pegawai Negeri Sipil (Guru),B : Rp. 2.000.001 - Rp. 3.000.000,Rp 6.000.001 - Rp 7.500.000,10.0,6.0,6.0,Promoter,6.0,1.0,5.0,Unknown,,3.0,6.0,6.0,6.0,6.0,6.0,6.0,,6.0,6.0,6.0,6.0,6.0,6.0,6.0,6.0,6.0,1.0,1.0,1.0,1.0,1.0,1.0,1.0
198398417,Jawa Barat,Bandung,Bandung 5,CS (KUOTA 50%),Pria,23,20 - 25 tahun,1 tahun s/d 2 tahun 11 bulan,1 bulan sekali,Menikah,Tidak memiliki anak,SLTA,Pegawai/Karyawan Swasta,A2 : Rp. 3.000.001 - Rp. 4.500.000,Rp. 4.500.000 - Rp 6.000.000,10.0,6.0,6.0,Promoter,6.0,1.0,5.0,Unknown,,,6.0,6.0,6.0,6.0,6.0,,6.0,6.0,6.0,6.0,6.0,6.0,6.0,6.0,6.0,6.0,1.0,1.0,1.0,1.0,1.0,1.0,1.0
198398634,Jawa Barat,Kuningan,Kuningan 2,Teller (KUOTA 50%),Pria,22,20 - 25 tahun,1 tahun s/d 2 tahun 11 bulan,1 minggu 2 kali atau lebih,Belum menikah,Tidak memiliki anak,SLTA,Wiraswasta/Pengusaha/Pedagang,C1 : Rp. 1.500.001 - Rp. 2.000.000,Rp. 3.000.001 - Rp. 4.500.000,10.0,6.0,6.0,Promoter,6.0,1.0,5.0,Unknown,,3.0,6.0,6.0,6.0,6.0,6.0,6.0,,6.0,6.0,6.0,6.0,6.0,6.0,6.0,6.0,6.0,1.0,1.0,1.0,1.0,1.0,1.0,1.0
198398746,Jawa Barat,Tasikmalaya,Tasikmalaya 3,Teller (KUOTA 50%),Wanita,49,46 - 50 tahun,5 tahun atau lebih,1 minggu 2 kali atau lebih,Menikah,4 anak,Sarjana (S1),Pegawai Negeri Sipil (Guru),A1 : Rp. 4.500.000 - Rp 6.000.000,Rp 7.500.001- Rp 9.000.000,10.0,6.0,6.0,Promoter,6.0,1.0,5.0,Loyal Champion,4.0,3.0,6.0,6.0,6.0,6.0,6.0,6.0,,6.0,6.0,6.0,6.0,6.0,6.0,6.0,6.0,6.0,1.0,1.0,1.0,1.0,1.0,1.0,1.0
198398949,Jawa Barat,Bogor,Bogor 4,CS (KUOTA 50%),Wanita,44,41 - 45 tahun,1 tahun s/d 2 tahun 11 bulan,1 bulan sekali,Menikah,3 anak,SD,Ibu Rumah Tangga,B : Rp. 2.000.001 - Rp. 3.000.000,Rp. 3.000.001 - Rp. 4.500.000,10.0,6.0,6.0,Promoter,5.444444444444445,1.0,4.444444444444445,Unknown,,,6.0,5.0,5.0,5.0,6.0,,5.0,6.0,6.0,6.0,1.0,6.0,6.0,6.0,6.0,6.0,1.0,1.0,1.0,1.0,1.0,1.0,1.0
198399137,Jawa Barat,Bogor,Bogor 3,Teller (KUOTA 50%),Pria,49,46 - 50 tahun,1 tahun s/d 2 tahun 11 bulan,1 bulan sekali,Menikah,3 anak,SLTA,Lainnya,A1 : Rp. 4.500.000 - Rp 6.000.000,Rp 7.500.001- Rp 9.000.000,10.0,6.0,6.0,Promoter,5.777777777777778,1.5714285714285714,4.2063492063492065,Unknown,,,6.0,6.0,6.0,6.0,6.0,6.0,,6.0,6.0,6.0,6.0,6.0,5.0,6.0,5.0,6.0,1.0,2.0,1.0,2.0,1.0,2.0,2.0
198399138,Jawa Barat,Bogor,Bogor 4,Teller (KUOTA 50%),Wanita,35,31 - 35 tahun,3 tahun s/d 4 tahun 11 bulan,1 bulan sekali,Menikah,3 anak,Sarjana (S1),Lainnya,A1.1 : Rp 6.000.001 - Rp 7.500.000,Rp 9.000.001- Rp 10.500.000,10.0,6.0,6.0,Promoter,6.0,1.1428571428571428,4.857142857142858,Unknown,,,6.0,6.0,6.0,6.0,6.0,6.0,,6.0,6.0,6.0,6.0,6.0,6.0,6.0,6.0,6.0,1.0,1.0,1.0,1.0,2.0,1.0,1.0
198399198,Jawa Barat,Pangandaran,Pangandaran 2,CS (KUOTA 50%),Wanita,35,31 - 35 tahun,5 tahun atau lebih,1 minggu sekali,Menikah,1 anak,Sarjana (S1),Pegawai Negeri Sipil (Bukan Guru),B : Rp. 2.000.001 - Rp. 3.000.000,Rp 9.000.001- Rp 10.500.000,7.0,5.0,5.0,Passive,5.222222222222222,1.8571428571428572,3.365079365079365,Passive,4.0,,5.0,4.0,5.0,5.0,5.0,,5.0,5.0,5.0,6.0,5.0,6.0,6.0,5.0,5.0,4.0,2.0,2.0,2.0,2.0,2.0,1.0,2.0
198399472,Jawa Tengah,Tegal,Tegal 1,CS (KUOTA 50%),Wanita,27,26 - 30 tahun,1 tahun s/d 2 tahun 11 bulan,1 minggu 2 kali atau lebih,Menikah,1 anak,Sarjana (S1),Wiraswasta/Pengusaha/Pedagang,A1 : Rp. 4.500.000 - Rp 6.000.000,Rp 7.500.001- Rp 9.000.000,7.0,5.0,5.0,Passive,4.666666666666667,1.7142857142857142,2.9523809523809526,Unknown,,3.0,6.0,5.0,5.0,5.0,5.0,,5.0,5.0,5.0,5.0,5.0,5.0,4.0,4.0,5.0,4.0,3.0,1.0,1.0,1.0,3.0,1.0,2.0
198399804,Jawa Barat,Pangandaran,Pangandaran 2,Teller (KUOTA 50%),Pria,28,26 - 30 tahun,3 tahun s/d 4 tahun 11 bulan,1 minggu sekali,Menikah,Tidak memiliki anak,SLTA,Tenaga Honorer,C1 : Rp. 1.500.001 - Rp. 2.000.000,Rp. 1.500.001 - Rp. 2.000.000,5.0,6.0,6.0,Detractor,6.0,1.0,5.0,Unknown,,,6.0,6.0,6.0,6.0,6.0,6.0,,6.0,6.0,6.0,6.0,6.0,6.0,6.0,6.0,6.0,1.0,1.0,1.0,1.0,1.0,1.0,1.0
198399808,Jawa Barat,Sumedang,Sumedang 4,CS (KUOTA 50%),Pria,43,41 - 45 tahun,5 tahun atau lebih,1 minggu 2 kali atau lebih,Menikah,2 anak,Akademi/D3,Wiraswasta/Pengusaha/Pedagang,A1 : Rp. 4.500.000 - Rp 6.000.000,Rp 7.500.001- Rp 9.000.000,9.0,6.0,6.0,Promoter,5.777777777777778,1.0,4.777777777777778,Loyal Champion,4.0,3.0,6.0,6.0,6.0,6.0,6.0,,6.0,6.0,6.0,6.0,5.0,6.0,6.0,5.0,6.0,6.0,1.0,1.0,1.0,1.0,1.0,1.0,1.0
198400419,Jawa Barat,Pangandaran,Pangandaran 2,Teller (KUOTA 50%),Pria,27,26 - 30 tahun,5 tahun atau lebih,1 bulan sekali,Menikah,1 anak,SLTA,Tenaga Honorer,C2 : Rp. 1.000.001 - Rp. 1.500.000,Rp. 2.000.001 - Rp. 3.000.000,7.0,5.0,6.0,Passive,5.666666666666667,1.5714285714285714,4.095238095238096,Passive,4.0,,6.0,4.0,6.0,6.0,6.0,6.0,,5.0,6.0,6.0,6.0,6.0,5.0,6.0,5.0,6.0,2.0,1.0,2.0,1.0,2.0,1.0,2.0
198400818,Jawa Tengah,Tegal,Tegal 1,CS (KUOTA 50%),Wanita,30,26 - 30 tahun,1 tahun s/d 2 tahun 11 bulan,1 minggu sekali,Duda / Janda,Tidak memiliki anak,Sarjana (S1),Pegawai/Karyawan Swasta,C1 : Rp. 1.500.001 - Rp. 2.000.000,Rp. 3.000.001 - Rp. 4.500.000,8.0,5.0,5.0,Passive,5.666666666666667,1.8571428571428572,3.8095238095238098,Unknown,,,6.0,5.0,5.0,6.0,5.0,,6.0,4.0,6.0,6.0,6.0,5.0,6.0,6.0,6.0,6.0,1.0,3.0,1.0,1.0,1.0,1.0,5.0
198402495,Jawa Barat,Garut,Garut 1,Teller (KUOTA 50%),Wanita,50,46 - 50 tahun,5 tahun atau lebih,1 minggu sekali,Duda / Janda,4 anak,Sarjana (S1),Pegawai Negeri Sipil (Guru),C1 : Rp. 1.500.001 - Rp. 2.000.000,Rp. 4.500.000 - Rp 6.000.000,10.0,6.0,6.0,Promoter,6.0,1.0,5.0,Satisfied,4.0,,6.0,6.0,6.0,6.0,6.0,6.0,6.0,6.0,6.0,6.0,6.0,6.0,6.0,6.0,6.0,6.0,1.0,1.0,1.0,1.0,1.0,1.0,1.0
198402496,Jawa Barat,Garut,Garut 1,Teller (KUOTA 50%),Wanita,50,46 - 50 tahun,5 tahun atau lebih,1 minggu 2 kali atau lebih,Menikah,3 anak,Sarjana (S1),Ibu Rumah Tangga,A2 : Rp. 3.000.001 - Rp. 4.500.000,Rp. 4.500.000 - Rp 6.000.000,8.0,6.0,6.0,Passive,5.444444444444445,1.0,4.444444444444445,Passive,4.0,3.0,6.0,6.0,6.0,6.0,6.0,6.0,,5.0,6.0,5.0,6.0,6.0,5.0,5.0,6.0,5.0,1.0,1.0,1.0,1.0,1.0,1.0,1.0
198402497,Jawa Barat,Garut,Garut 1,CS (KUOTA 50%),Wanita,50,46 - 50 tahun,5 tahun atau lebih,2 minggu sekali,Menikah,3 anak,Paska Sarjana (S2),Pegawai Negeri Sipil (Guru),A1.3 : Rp 9.000.001- Rp 10.500.000,Rp 10.500.0001 - Rp 15.000.000,10.0,6.0,6.0,Promoter,6.0,1.0,5.0,Satisfied,4.0,,6.0,6.0,6.0,6.0,6.0,,6.0,6.0,6.0,6.0,6.0,6.0,6.0,6.0,6.0,6.0,1.0,1.0,1.0,1.0,1.0,1.0,1.0
198402498,Jawa Barat,Garut,Garut 1,CS (KUOTA 50%),Pria,28,26 - 30 tahun,5 tahun atau lebih,1 minggu 2 kali atau lebih,Menikah,1 anak,Sarjana (S1),Wiraswasta/Pengusaha/Pedagang,A2 : Rp. 3.000.001 - Rp. 4.500.000,Rp 15.000.001- Rp 20.000.000,10.0,6.0,6.0,Promoter,5.777777777777778,1.5714285714285714,4.2063492063492065,Loyal Champion,4.0,3.0,6.0,6.0,6.0,6.0,6.0,,5.0,6.0,6.0,6.0,6.0,6.0,5.0,6.0,5.0,6.0,1.0,1.0,2.0,1.0,2.0,2.0,2.0
198402499,Jawa Barat,Garut,Garut 1,CS (KUOTA 50%),Pria,28,26 - 30 tahun,1 tahun s/d 2 tahun 11 bulan,1 minggu 2 kali atau lebih,Menikah,Tidak memiliki anak,SLTA,Pegawai/Karyawan Swasta,B : Rp. 2.000.001 - Rp. 3.000.000,Rp. 3.000.001 - Rp. 4.500.000,10.0,6.0,6.0,Promoter,6.0,1.0,5.0,Unknown,,3.0,6.0,5.0,6.0,6.0,6.0,,6.0,6.0,6.0,6.0,6.0,6.0,6.0,6.0,6.0,6.0,1.0,1.0,1.0,1.0,1.0,1.0,1.0
198402500,Jawa Barat,Garut,Garut 1,CS (KUOTA 50%),Wanita,26,26 - 30 tahun,3 tahun s/d 4 tahun 11 bulan,1 minggu 2 kali atau lebih,Belum menikah,Tidak memiliki anak,SLTA,Pegawai/Karyawan Swasta,B : Rp. 2.000.001 - Rp. 3.000.000,Rp. 3.000.001 - Rp. 4.500.000,10.0,6.0,6.0,Promoter,6.0,1.0,5.0,Unknown,,3.0,6.0,6.0,6.0,6.0,6.0,,6.0,6.0,6.0,6.0,6.0,6.0,6.0,6.0,6.0,6.0,1.0,1.0,1.0,1.0,1.0,1.0,1.0
198402762,Jawa Barat,Sumedang,Sumedang 4,Teller (KUOTA 50%),Wanita,42,41 - 45 tahun,5 tahun atau lebih,1 bulan sekali,Menikah,2 anak,Sarjana (S1),Perangkat Desa (Camat/Lurah/RW),A1 : Rp. 4.500.000 - Rp 6.000.000,Rp 7.500.001- Rp 9.000.000,9.0,6.0,6.0,Promoter,5.555555555555555,1.0,4.555555555555555,Satisfied,4.0,,6.0,6.0,6.0,6.0,6.0,6.0,,6.0,6.0,6.0,5.0,6.0,5.0,5.0,6.0,5.0,1.0,1.0,1.0,1.0,1.0,1.0,1.0
198406348,Jawa Barat,Sumedang,Sumedang 4,Teller (KUOTA 50%),Wanita,44,41 - 45 tahun,5 tahun atau lebih,1 minggu sekali,Menikah,3 anak,SLTA,Perangkat Desa (Camat/Lurah/RW),A2 : Rp. 3.000.001 - Rp. 4.500.000,Rp 6.000.001 - Rp 7.500.000,9.0,6.0,6.0,Promoter,6.0,1.0,5.0,Satisfied,4.0,,6.0,5.0,6.0,6.0,6.0,6.0,,6.0,6.0,6.0,6.0,6.0,6.0,6.0,6.0,6.0,1.0,1.0,1.0,1.0,1.0,1.0,1.0
198406349,Jawa Barat,Sumedang,Sumedang 4,Teller (KUOTA 50%),Wanita,40,36 - 40 tahun,5 tahun atau lebih,1 minggu sekali,Menikah,2 anak,SLTA,Perangkat Desa (Camat/Lurah/RW),A2 : Rp. 3.000.001 - Rp. 4.500.000,Rp 6.000.001 - Rp 7.500.000,9.0,6.0,6.0,Promoter,6.0,1.0,5.0,Satisfied,4.0,,6.0,6.0,6.0,6.0,6.0,6.0,,6.0,6.0,6.0,6.0,6.0,6.0,6.0,6.0,6.0,1.0,1.0,1.0,1.0,1.0,1.0,1.0
198406718,Jawa Tengah,Sragen,Sragen 1,Teller (KUOTA 50%),Pria,50,46 - 50 tahun,1 tahun s/d 2 tahun 11 bulan,1 bulan sekali,Menikah,1 anak,Sarjana (S1),Wiraswasta/Pengusaha/Pedagang,B : Rp. 2.000.001 - Rp. 3.000.000,Rp 6.000.001 - Rp 7.500.000,10.0,6.0,6.0,Promoter,5.222222222222222,2.0,3.2222222222222223,Unknown,,,6.0,5.0,5.0,5.0,6.0,5.0,,5.0,5.0,5.0,6.0,6.0,5.0,5.0,5.0,5.0,2.0,2.0,2.0,2.0,2.0,2.0,2.0
198409762,Jawa Tengah,Sragen,Sragen 1,Teller (KUOTA 50%),Wanita,49,46 - 50 tahun,1 tahun s/d 2 tahun 11 bulan,1 bulan sekali,Menikah,2 anak,SLTA,Wiraswasta/Pengusaha/Pedagang,B : Rp. 2.000.001 - Rp. 3.000.000,Rp. 3.000.001 - Rp. 4.500.000,8.0,6.0,6.0,Passive,5.777777777777778,1.0,4.777777777777778,Unknown,,,6.0,5.0,6.0,6.0,6.0,6.0,,6.0,6.0,6.0,6.0,6.0,6.0,5.0,6.0,5.0,1.0,1.0,1.0,1.0,1.0,1.0,1.0
198410344,DKI Jakarta,Jakarta Selatan,Jakarta Selatan 2,CS (KUOTA 50%),Pria,24,20 - 25 tahun,5 tahun atau lebih,2 minggu sekali,Belum menikah,Tidak memiliki anak,Sarjana (S1),Pegawai/Karyawan Swasta,A1 : Rp. 4.500.000 - Rp 6.000.000,Rp. 3.000.001 - Rp. 4.500.000,9.0,6.0,6.0,Promoter,5.666666666666667,1.2857142857142858,4.380952380952381,Satisfied,4.0,,5.0,6.0,6.0,4.0,6.0,,6.0,5.0,6.0,6.0,5.0,6.0,5.0,6.0,6.0,6.0,1.0,1.0,1.0,2.0,1.0,1.0,2.0
198413143,DKI Jakarta,Jakarta Barat,Jakarta Barat 6,Teller (KUOTA 50%),Pria,38,36 - 40 tahun,5 tahun atau lebih,1 minggu sekali,Menikah,Tidak memiliki anak,SLTA,Pegawai/Karyawan Swasta,A2 : Rp. 3.000.001 - Rp. 4.500.000,Rp 6.000.001 - Rp 7.500.000,8.0,5.0,5.0,Passive,5.0,4.857142857142857,0.14285714285714324,Passive,4.0,,5.0,4.0,5.0,5.0,5.0,6.0,,5.0,5.0,5.0,5.0,5.0,5.0,5.0,5.0,5.0,5.0,5.0,4.0,5.0,5.0,5.0,5.0
198413144,DKI Jakarta,Jakarta Barat,Jakarta Barat 6,Teller (KUOTA 50%),Pria,58,50 tahun dan ke atas,5 tahun atau lebih,2 minggu sekali,Menikah,3 anak,SLTA,Pegawai/Karyawan Swasta,A2 : Rp. 3.000.001 - Rp. 4.500.000,Rp. 4.500.000 - Rp 6.000.000,8.0,5.0,5.0,Passive,5.111111111111111,5.142857142857143,-0.03174603174603252,Passive,4.0,,5.0,5.0,5.0,5.0,5.0,5.0,,6.0,5.0,5.0,5.0,5.0,5.0,5.0,5.0,5.0,6.0,5.0,5.0,5.0,5.0,5.0,5.0
198413291,Jawa Barat,Sumedang,Sumedang 3,Teller (KUOTA 50%),Wanita,46,46 - 50 tahun,5 tahun atau lebih,1 bulan sekali,Menikah,2 anak,Sarjana (S1),Pegawai Negeri Sipil (Guru),A1 : Rp. 4.500.000 - Rp 6.000.000,Rp. 4.500.000 - Rp 6.000.000,10.0,6.0,6.0,Promoter,6.0,1.0,5.0,Satisfied,4.0,,6.0,6.0,6.0,6.0,6.0,6.0,6.0,6.0,6.0,6.0,6.0,6.0,6.0,6.0,6.0,6.0,1.0,1.0,1.0,1.0,1.0,1.0,1.0
198413292,Jawa Barat,Sumedang,Sumedang 3,CS (KUOTA 50%),Pria,19,17 -19 tahun,1 tahun s/d 2 tahun 11 bulan,1 bulan sekali,Belum menikah,Tidak memiliki anak,SLTA,Mahasiswa/i,B : Rp. 2.000.001 - Rp. 3.000.000,Rp. 4.500.000 - Rp 6.000.000,9.0,6.0,6.0,Promoter,6.0,1.0,5.0,Unknown,,,6.0,6.0,6.0,6.0,6.0,6.0,6.0,6.0,6.0,6.0,6.0,6.0,6.0,6.0,6.0,6.0,1.0,1.0,1.0,1.0,1.0,1.0,1.0
198413293,Jawa Barat,Bandung,Bandung 4,CS (KUOTA 50%),Pria,50,46 - 50 tahun,5 tahun atau lebih,1 bulan sekali,Menikah,3 anak,SLTA,Perangkat Desa (Camat/Lurah/RW),B : Rp. 2.000.001 - Rp. 3.000.000,Rp. 2.000.001 - Rp. 3.000.000,10.0,6.0,6.0,Promoter,6.0,1.0,5.0,Satisfied,4.0,,6.0,6.0,6.0,6.0,6.0,6.0,6.0,6.0,6.0,6.0,6.0,6.0,6.0,6.0,6.0,6.0,1.0,1.0,1.0,1.0,1.0,1.0,1.0
198416030,Jawa Barat,Karawang,Karawang 2,Teller (KUOTA 50%),Pria,48,46 - 50 tahun,5 tahun atau lebih,1 minggu 2 kali atau lebih,Menikah,3 anak,Sarjana (S1),Pegawai Negeri Sipil (Guru),A2 : Rp. 3.000.001 - Rp. 4.500.000,Rp 7.500.001- Rp 9.000.000,10.0,6.0,6.0,Promoter,5.444444444444445,1.0,4.444444444444445,Loyal Champion,4.0,3.0,6.0,6.0,6.0,6.0,6.0,6.0,,6.0,6.0,1.0,6.0,6.0,6.0,6.0,6.0,6.0,1.0,1.0,1.0,1.0,1.0,1.0,1.0
198416166,DKI Jakarta,Jakarta Selatan,Jakarta Selatan 2,Teller (KUOTA 50%),Pria,29,26 - 30 tahun,5 tahun atau lebih,2 minggu sekali,Belum menikah,Tidak memiliki anak,SLTA,Pegawai/Karyawan Swasta,A1 : Rp. 4.500.000 - Rp 6.000.000,Rp. 2.000.001 - Rp. 3.000.000,10.0,6.0,6.0,Promoter,5.888888888888889,1.5714285714285714,4.317460317460318,Satisfied,4.0,,6.0,6.0,6.0,6.0,6.0,6.0,,6.0,6.0,6.0,6.0,6.0,6.0,6.0,6.0,5.0,1.0,1.0,2.0,2.0,1.0,2.0,2.0
198416209,DKI Jakarta,Jakarta Barat,Jakarta Barat 6,CS (KUOTA 50%),Wanita,26,26 - 30 tahun,1 tahun s/d 2 tahun 11 bulan,1 bulan sekali,Belum menikah,Tidak memiliki anak,SLTA,Pegawai/Karyawan Swasta,A2 : Rp. 3.000.001 - Rp. 4.500.000,Rp 6.000.001 - Rp 7.500.000,8.0,5.0,5.0,Passive,5.0,5.0,0.0,Unknown,,,5.0,5.0,5.0,5.0,5.0,,5.0,5.0,5.0,5.0,5.0,5.0,5.0,5.0,5.0,5.0,5.0,5.0,5.0,5.0,5.0,5.0,5.0
198418217,DKI Jakarta,Jakarta Barat,Jakarta Barat 6,Teller (KUOTA 50%),Pria,58,50 tahun dan ke atas,5 tahun atau lebih,1 bulan sekali,Menikah,3 anak,SLTA,Pegawai/Karyawan Swasta,B : Rp. 2.000.001 - Rp. 3.000.000,Rp. 3.000.001 - Rp. 4.500.000,8.0,5.0,5.0,Passive,5.111111111111111,5.0,0.11111111111111072,Passive,4.0,,5.0,5.0,5.0,5.0,5.0,5.0,,5.0,5.0,5.0,5.0,5.0,6.0,5.0,5.0,5.0,5.0,5.0,5.0,5.0,5.0,5.0,5.0
198419537,Jawa Barat,Karawang,Karawang 2,CS (KUOTA 50%),Wanita,31,31 - 35 tahun,5 tahun atau lebih,1 minggu 2 kali atau lebih,Menikah,2 anak,Sarjana (S1),Pegawai Negeri Sipil (Guru),C1 : Rp. 1.500.001 - Rp. 2.000.000,Rp. 4.500.000 - Rp 6.000.000,10.0,6.0,6.0,Promoter,6.0,1.0,5.0,Loyal Champion,4.0,3.0,6.0,6.0,6.0,6.0,6.0,,6.0,6.0,6.0,6.0,6.0,6.0,6.0,6.0,6.0,6.0,1.0,1.0,1.0,1.0,1.0,1.0,1.0
198420738,Jawa Barat,Sumedang,Sumedang 4,Teller (KUOTA 50%),Wanita,40,36 - 40 tahun,5 tahun atau lebih,1 bulan sekali,Menikah,2 anak,Sarjana (S1),Pegawai Negeri Sipil (Bukan Guru),A2 : Rp. 3.000.001 - Rp. 4.500.000,Rp 7.500.001- Rp 9.000.000,10.0,6.0,6.0,Promoter,5.777777777777778,1.0,4.777777777777778,Satisfied,4.0,,6.0,6.0,6.0,6.0,6.0,6.0,,6.0,6.0,6.0,6.0,6.0,6.0,5.0,6.0,5.0,1.0,1.0,1.0,1.0,1.0,1.0,1.0
198421034,Jawa Barat,Karawang,Karawang 2,CS (KUOTA 50%),Wanita,31,31 - 35 tahun,5 tahun atau lebih,1 minggu 2 kali atau lebih,Menikah,2 anak,Sarjana (S1),Pegawai Negeri Sipil (Bukan Guru),C1 : Rp. 1.500.001 - Rp. 2.000.000,Rp. 4.500.000 - Rp 6.000.000,10.0,6.0,6.0,Promoter,6.0,1.0,5.0,Loyal Champion,4.0,3.0,6.0,6.0,6.0,6.0,6.0,,6.0,6.0,6.0,6.0,6.0,6.0,6.0,6.0,6.0,6.0,1.0,1.0,1.0,1.0,1.0,1.0,1.0
198421883,Kalimantan Timur,Samarinda,Samarinda 1,Teller (KUOTA 50%),Pria,31,31 - 35 tahun,1 tahun s/d 2 tahun 11 bulan,1 minggu 2 kali atau lebih,Belum menikah,Tidak memiliki anak,SLTA,Pegawai/Karyawan Swasta,B : Rp. 2.000.001 - Rp. 3.000.000,Rp. 3.000.001 - Rp. 4.500.000,10.0,6.0,6.0,Promoter,6.0,1.0,5.0,Unknown,,3.0,6.0,6.0,6.0,6.0,6.0,6.0,6.0,6.0,6.0,6.0,6.0,6.0,6.0,6.0,6.0,6.0,1.0,1.0,1.0,1.0,1.0,1.0,1.0
198423091,Jawa Barat,Karawang,Karawang 2,Teller (KUOTA 50%),Wanita,38,36 - 40 tahun,5 tahun atau lebih,1 minggu 2 kali atau lebih,Menikah,2 anak,Sarjana (S1),Pegawai Negeri Sipil (Bukan Guru),A2 : Rp. 3.000.001 - Rp. 4.500.000,Rp 6.000.001 - Rp 7.500.000,10.0,6.0,6.0,Promoter,6.0,1.7142857142857142,4.285714285714286,Loyal Champion,4.0,3.0,6.0,6.0,6.0,6.0,6.0,6.0,,6.0,6.0,6.0,6.0,6.0,6.0,6.0,6.0,6.0,1.0,1.0,1.0,1.0,6.0,1.0,1.0
198423404,Jawa Barat,Sumedang,Sumedang 4,Teller (KUOTA 50%),Wanita,49,46 - 50 tahun,5 tahun atau lebih,1 bulan sekali,Menikah,3 anak,SLTA,Perangkat Desa (Camat/Lurah/RW),A2 : Rp. 3.000.001 - Rp. 4.500.000,Rp 9.000.001- Rp 10.500.000,10.0,6.0,6.0,Promoter,5.555555555555555,1.0,4.555555555555555,Satisfied,4.0,,6.0,6.0,6.0,6.0,6.0,6.0,,6.0,6.0,5.0,5.0,6.0,6.0,5.0,6.0,5.0,1.0,1.0,1.0,1.0,1.0,1.0,1.0
198425696,Jawa Barat,Karawang,Karawang 2,Teller (KUOTA 50%),Wanita,38,36 - 40 tahun,5 tahun atau lebih,1 minggu 2 kali atau lebih,Menikah,2 anak,Sarjana (S1),Pegawai Negeri Sipil (Bukan Guru),A2 : Rp. 3.000.001 - Rp. 4.500.000,Rp 6.000.001 - Rp 7.500.000,10.0,6.0,6.0,Promoter,6.0,2.4285714285714284,3.5714285714285716,Loyal Champion,4.0,3.0,6.0,6.0,6.0,6.0,6.0,6.0,,6.0,6.0,6.0,6.0,6.0,6.0,6.0,6.0,6.0,1.0,1.0,1.0,6.0,1.0,6.0,1.0
198441299,Sulawesi Selatan,Makassar,Makassar 1,Teller (KUOTA 50%),Wanita,24,20 - 25 tahun,1 tahun s/d 2 tahun 11 bulan,1 bulan sekali,Menikah,1 anak,Sarjana (S1),Pegawai/Karyawan Swasta,A2 : Rp. 3.000.001 - Rp. 4.500.000,Rp 9.000.001- Rp 10.500.000,9.0,6.0,6.0,Promoter,6.0,1.0,5.0,Unknown,,,6.0,6.0,6.0,6.0,6.0,6.0,6.0,6.0,6.0,6.0,6.0,6.0,6.0,6.0,6.0,6.0,1.0,1.0,1.0,1.0,1.0,1.0,1.0
198443728,DKI Jakarta,Jakarta Barat,Jakarta Barat 6,Teller (KUOTA 50%),Wanita,53,50 tahun dan ke atas,5 tahun atau lebih,2 minggu sekali,Menikah,3 anak,SLTA,Ibu Rumah Tangga,A1.1 : Rp 6.000.001 - Rp 7.500.000,Rp 10.500.0001 - Rp 15.000.000,8.0,5.0,5.0,Passive,5.111111111111111,4.857142857142857,0.25396825396825395,Passive,4.0,,4.0,5.0,5.0,5.0,5.0,6.0,,5.0,5.0,5.0,5.0,5.0,6.0,5.0,5.0,5.0,5.0,5.0,5.0,5.0,5.0,5.0,4.0
198445075,DKI Jakarta,Jakarta Barat,Jakarta Barat 6,CS (KUOTA 50%),Pria,39,36 - 40 tahun,3 tahun s/d 4 tahun 11 bulan,1 minggu 2 kali atau lebih,Menikah,1 anak,SLTA,Wiraswasta/Pengusaha/Pedagang,A2 : Rp. 3.000.001 - Rp. 4.500.000,Rp 7.500.001- Rp 9.000.000,8.0,5.0,5.0,Passive,5.111111111111111,5.142857142857143,-0.03174603174603252,Unknown,,3.0,5.0,5.0,5.0,5.0,5.0,,5.0,5.0,5.0,5.0,5.0,6.0,5.0,5.0,5.0,5.0,5.0,5.0,5.0,5.0,6.0,5.0,5.0
198445486,Banten,Tangerang,Tangerang 3,CS (KUOTA 50%),Wanita,36,36 - 40 tahun,5 tahun atau lebih,2 minggu sekali,Menikah,1 anak,SLTA,Ibu Rumah Tangga,B : Rp. 2.000.001 - Rp. 3.000.000,Rp. 4.500.000 - Rp 6.000.000,5.0,5.0,5.0,Detractor,5.0,1.5714285714285714,3.428571428571429,At Risk,4.0,,5.0,5.0,5.0,5.0,5.0,5.0,5.0,5.0,5.0,5.0,5.0,5.0,5.0,5.0,5.0,5.0,1.0,1.0,1.0,1.0,5.0,1.0,1.0
198445862,Jawa Timur,Surabaya,Surabaya 1,Teller (KUOTA 50%),Wanita,55,50 tahun dan ke atas,1 tahun s/d 2 tahun 11 bulan,1 bulan sekali,Menikah,4 anak,SLTA,Ibu Rumah Tangga,B : Rp. 2.000.001 - Rp. 3.000.000,Rp. 3.000.001 - Rp. 4.500.000,10.0,6.0,6.0,Promoter,5.555555555555555,1.5714285714285714,3.984126984126984,Unknown,,,6.0,6.0,6.0,6.0,6.0,6.0,6.0,5.0,6.0,5.0,6.0,6.0,5.0,6.0,5.0,6.0,1.0,1.0,1.0,1.0,5.0,1.0,1.0
198446305,DKI Jakarta,Jakarta Barat,Jakarta Barat 6,Teller (KUOTA 50%),Pria,31,31 - 35 tahun,3 tahun s/d 4 tahun 11 bulan,1 minggu 2 kali atau lebih,Menikah,Tidak memiliki anak,SLTA,Pegawai/Karyawan Swasta,A2 : Rp. 3.000.001 - Rp. 4.500.000,Rp 6.000.001 - Rp 7.500.000,8.0,5.0,5.0,Passive,5.111111111111111,5.142857142857143,-0.03174603174603252,Unknown,,3.0,6.0,5.0,5.0,5.0,5.0,5.0,,6.0,5.0,5.0,5.0,5.0,5.0,5.0,5.0,5.0,5.0,6.0,5.0,5.0,5.0,5.0,5.0
198446481,Bali,Denpasar,Denpasar 1,Teller (KUOTA 50%),Pria,30,26 - 30 tahun,3 tahun s/d 4 tahun 11 bulan,1 minggu sekali,Duda / Janda,2 anak,Sarjana (S1),Wiraswasta/Pengusaha/Pedagang,A1.1 : Rp 6.000.001 - Rp 7.500.000,Rp. 1.500.001 - Rp. 2.000.000,10.0,6.0,6.0,Promoter,5.666666666666667,5.571428571428571,0.09523809523809579,Unknown,,,5.0,6.0,6.0,5.0,6.0,6.0,,6.0,5.0,6.0,5.0,6.0,6.0,6.0,6.0,5.0,6.0,5.0,5.0,6.0,5.0,6.0,6.0
198446781,Jawa Barat,Sumedang,Sumedang 4,Teller (KUOTA 50%),Wanita,26,26 - 30 tahun,5 tahun atau lebih,1 bulan sekali,Belum menikah,Tidak memiliki anak,Sarjana (S1),Pegawai/Karyawan Swasta,A1 : Rp. 4.500.000 - Rp 6.000.000,Rp 9.000.001- Rp 10.500.000,10.0,6.0,6.0,Promoter,5.555555555555555,1.0,4.555555555555555,Satisfied,4.0,,6.0,6.0,6.0,6.0,6.0,6.0,,6.0,6.0,5.0,5.0,6.0,5.0,5.0,6.0,6.0,1.0,1.0,1.0,1.0,1.0,1.0,1.0
198446786,Jawa Tengah,Tegal,Tegal 1,Teller (KUOTA 50%),Pria,27,26 - 30 tahun,3 tahun s/d 4 tahun 11 bulan,1 minggu 2 kali atau lebih,Menikah,Tidak memiliki anak,SLTA,Pegawai/Karyawan Swasta,C2 : Rp. 1.000.001 - Rp. 1.500.000,Rp. 2.000.001 - Rp. 3.000.000,10.0,6.0,6.0,Promoter,6.0,1.0,5.0,Unknown,,3.0,6.0,6.0,6.0,6.0,6.0,6.0,,6.0,6.0,6.0,6.0,6.0,6.0,6.0,6.0,6.0,1.0,1.0,1.0,1.0,1.0,1.0,1.0
198446792,Jawa Barat,Tasikmalaya,Tasikmalaya 4,Teller (KUOTA 50%),Wanita,32,31 - 35 tahun,3 tahun s/d 4 tahun 11 bulan,1 minggu 2 kali atau lebih,Menikah,1 anak,Akademi/D3,Pegawai/Karyawan Swasta,A2 : Rp. 3.000.001 - Rp. 4.500.000,Rp 6.000.001 - Rp 7.500.000,10.0,6.0,6.0,Promoter,6.0,1.0,5.0,Unknown,,3.0,6.0,6.0,6.0,6.0,6.0,6.0,,6.0,6.0,6.0,6.0,6.0,6.0,6.0,6.0,6.0,1.0,1.0,1.0,1.0,1.0,1.0,1.0
198447003,DKI Jakarta,Jakarta Barat,Jakarta Barat 6,CS (KUOTA 50%),Wanita,20,20 - 25 tahun,1 tahun s/d 2 tahun 11 bulan,1 minggu sekali,Belum menikah,Tidak memiliki anak,SLTA,Mahasiswa/i,A1.2 : Rp 7.500.001- Rp 9.000.000,Rp 10.500.0001 - Rp 15.000.000,9.0,5.0,5.0,Promoter,6.0,1.0,5.0,Unknown,,,5.0,5.0,5.0,5.0,5.0,,5.0,6.0,6.0,6.0,6.0,6.0,6.0,6.0,6.0,6.0,1.0,1.0,1.0,1.0,1.0,1.0,1.0
198447062,Jawa Barat,Bandung,Bandung 3,CS (KUOTA 50%),Wanita,50,46 - 50 tahun,5 tahun atau lebih,1 bulan sekali,Menikah,3 anak,Sarjana (S1),Ibu Rumah Tangga,A1 : Rp. 4.500.000 - Rp 6.000.000,Rp 10.500.0001 - Rp 15.000.000,10.0,6.0,6.0,Promoter,6.0,1.0,5.0,Satisfied,4.0,,6.0,6.0,6.0,6.0,6.0,,6.0,6.0,6.0,6.0,6.0,6.0,6.0,6.0,6.0,6.0,1.0,1.0,1.0,1.0,1.0,1.0,1.0
198447283,Jawa Barat,Tasikmalaya,Tasikmalaya 4,CS (KUOTA 50%),Wanita,60,50 tahun dan ke atas,5 tahun atau lebih,2 minggu sekali,Menikah,3 anak,Sarjana (S1),Pensiunan,A2 : Rp. 3.000.001 - Rp. 4.500.000,Rp. 4.500.000 - Rp 6.000.000,10.0,6.0,6.0,Promoter,6.0,1.0,5.0,Satisfied,4.0,,6.0,6.0,6.0,6.0,6.0,,6.0,6.0,6.0,6.0,6.0,6.0,6.0,6.0,6.0,6.0,1.0,1.0,1.0,1.0,1.0,1.0,1.0
198447302,Jawa Barat,Kuningan,Kuningan 2,CS (KUOTA 50%),Pria,44,41 - 45 tahun,1 tahun s/d 2 tahun 11 bulan,1 minggu sekali,Menikah,2 anak,SLTA,Wiraswasta/Pengusaha/Pedagang,C1 : Rp. 1.500.001 - Rp. 2.000.000,Rp. 2.000.001 - Rp. 3.000.000,10.0,6.0,6.0,Promoter,6.0,1.0,5.0,Unknown,,,6.0,6.0,6.0,6.0,6.0,,6.0,6.0,6.0,6.0,6.0,6.0,6.0,6.0,6.0,6.0,1.0,1.0,1.0,1.0,1.0,1.0,1.0
198447477,Jawa Barat,Tasikmalaya,Tasikmalaya 4,Teller (KUOTA 50%),Wanita,38,36 - 40 tahun,5 tahun atau lebih,1 minggu 2 kali atau lebih,Menikah,1 anak,Akademi/D3,Pegawai/Karyawan Swasta,A2 : Rp. 3.000.001 - Rp. 4.500.000,Rp 9.000.001- Rp 10.500.000,10.0,6.0,6.0,Promoter,6.0,1.0,5.0,Loyal Champion,4.0,3.0,6.0,6.0,6.0,6.0,6.0,6.0,,6.0,6.0,6.0,6.0,6.0,6.0,6.0,6.0,6.0,1.0,1.0,1.0,1.0,1.0,1.0,1.0
198447756,Jawa Barat,Bandung,Bandung 9,CS (KUOTA 50%),Wanita,34,31 - 35 tahun,5 tahun atau lebih,1 bulan sekali,Menikah,1 anak,Sarjana (S1),Wiraswasta/Pengusaha/Pedagang,A1 : Rp. 4.500.000 - Rp 6.000.000,Rp 7.500.001- Rp 9.000.000,10.0,6.0,6.0,Promoter,5.444444444444445,1.0,4.444444444444445,Satisfied,4.0,,6.0,6.0,6.0,6.0,6.0,6.0,6.0,6.0,6.0,6.0,1.0,6.0,6.0,6.0,6.0,6.0,1.0,1.0,1.0,1.0,1.0,1.0,1.0
198447833,Jawa Tengah,Tegal,Tegal 1,Teller (KUOTA 50%),Pria,32,31 - 35 tahun,1 tahun s/d 2 tahun 11 bulan,2 minggu sekali,Belum menikah,Tidak memiliki anak,Akademi/D3,Pegawai/Karyawan Swasta,B : Rp. 2.000.001 - Rp. 3.000.000,Rp 6.000.001 - Rp 7.500.000,10.0,6.0,6.0,Promoter,6.0,1.0,5.0,Unknown,,,6.0,6.0,6.0,6.0,6.0,6.0,,6.0,6.0,6.0,6.0,6.0,6.0,6.0,6.0,6.0,1.0,1.0,1.0,1.0,1.0,1.0,1.0
198447991,Bali,Denpasar,Denpasar 2,CS (KUOTA 50%),Wanita,35,31 - 35 tahun,1 tahun s/d 2 tahun 11 bulan,1 minggu sekali,Duda / Janda,1 anak,Akademi/D3,Pegawai/Karyawan Swasta,A2 : Rp. 3.000.001 - Rp. 4.500.000,Rp 10.500.0001 - Rp 15.000.000,10.0,6.0,6.0,Promoter,5.222222222222222,3.4285714285714284,1.793650793650794,Unknown,,,6.0,6.0,6.0,6.0,6.0,6.0,6.0,5.0,3.0,4.0,6.0,5.0,6.0,6.0,6.0,6.0,3.0,5.0,1.0,6.0,5.0,2.0,2.0
198448002,Jawa Barat,Kuningan,Kuningan 2,CS (KUOTA 50%),Pria,21,20 - 25 tahun,1 tahun s/d 2 tahun 11 bulan,1 minggu 2 kali atau lebih,Belum menikah,Tidak memiliki anak,SLTA,Pegawai/Karyawan Swasta,C1 : Rp. 1.500.001 - Rp. 2.000.000,Rp. 4.500.000 - Rp 6.000.000,10.0,6.0,6.0,Promoter,6.0,1.0,5.0,Unknown,,3.0,6.0,6.0,6.0,6.0,6.0,,6.0,6.0,6.0,6.0,6.0,6.0,6.0,6.0,6.0,6.0,1.0,1.0,1.0,1.0,1.0,1.0,1.0
198448168,Jawa Barat,Tasikmalaya,Tasikmalaya 4,Teller (KUOTA 50%),Wanita,18,17 -19 tahun,3 tahun s/d 4 tahun 11 bulan,2 minggu sekali,Belum menikah,Tidak memiliki anak,SLTA,Mahasiswa/i,C1 : Rp. 1.500.001 - Rp. 2.000.000,Rp. 2.000.001 - Rp. 3.000.000,10.0,6.0,6.0,Promoter,6.0,1.0,5.0,Unknown,,,6.0,6.0,6.0,6.0,6.0,6.0,,6.0,6.0,6.0,6.0,6.0,6.0,6.0,6.0,6.0,1.0,1.0,1.0,1.0,1.0,1.0,1.0
198448283,Jawa Barat,Tasikmalaya,Tasikmalaya 4,CS (KUOTA 50%),Wanita,39,36 - 40 tahun,3 tahun s/d 4 tahun 11 bulan,1 minggu 2 kali atau lebih,Menikah,2 anak,Sarjana (S1),Pegawai Negeri Sipil (Bukan Guru),A1 : Rp. 4.500.000 - Rp 6.000.000,Rp 9.000.001- Rp 10.500.000,10.0,6.0,6.0,Promoter,6.0,1.7142857142857142,4.285714285714286,Unknown,,3.0,6.0,6.0,6.0,5.0,6.0,,6.0,6.0,6.0,6.0,6.0,6.0,6.0,6.0,6.0,6.0,1.0,1.0,1.0,1.0,6.0,1.0,1.0
198448598,DKI Jakarta,Jakarta Timur,Jakarta Timur 3,CS (KUOTA 50%),Wanita,60,50 tahun dan ke atas,5 tahun atau lebih,1 bulan sekali,Menikah,2 anak,SLTA,Ibu Rumah Tangga,A1 : Rp. 4.500.000 - Rp 6.000.000,Rp 6.000.001 - Rp 7.500.000,10.0,6.0,6.0,Promoter,5.333333333333333,1.1428571428571428,4.19047619047619,Satisfied,4.0,,5.0,6.0,6.0,5.0,6.0,,6.0,6.0,6.0,6.0,5.0,6.0,6.0,2.0,6.0,5.0,1.0,1.0,1.0,2.0,1.0,1.0,1.0
198448653,Jawa Barat,Tasikmalaya,Tasikmalaya 4,CS (KUOTA 50%),Pria,58,50 tahun dan ke atas,5 tahun atau lebih,1 minggu 2 kali atau lebih,Menikah,3 anak,Sarjana (S1),Pegawai Negeri Sipil (Guru),A2 : Rp. 3.000.001 - Rp. 4.500.000,Rp 6.000.001 - Rp 7.500.000,10.0,6.0,6.0,Promoter,6.0,1.0,5.0,Loyal Champion,4.0,3.0,6.0,6.0,6.0,6.0,6.0,,6.0,6.0,6.0,6.0,6.0,6.0,6.0,6.0,6.0,6.0,1.0,1.0,1.0,1.0,1.0,1.0,1.0
198448799,DKI Jakarta,Jakarta Selatan,Jakarta Selatan 1,Teller (KUOTA 50%),Pria,41,41 - 45 tahun,1 tahun s/d 2 tahun 11 bulan,1 bulan sekali,Menikah,2 anak,Sarjana (S1),Pegawai/Karyawan Swasta,A1.2 : Rp 7.500.001- Rp 9.000.000,Rp 9.000.001- Rp 10.500.000,10.0,6.0,6.0,Promoter,6.0,1.0,5.0,Unknown,,,6.0,6.0,6.0,6.0,6.0,6.0,,6.0,6.0,6.0,6.0,6.0,6.0,6.0,6.0,6.0,1.0,1.0,1.0,1.0,1.0,1.0,1.0
198448896,Jawa Barat,Kuningan,Kuningan 2,Teller (KUOTA 50%),Wanita,25,20 - 25 tahun,1 tahun s/d 2 tahun 11 bulan,1 minggu 2 kali atau lebih,Belum menikah,Tidak memiliki anak,SLTA,Wiraswasta/Pengusaha/Pedagang,C1 : Rp. 1.500.001 - Rp. 2.000.000,Rp. 2.000.001 - Rp. 3.000.000,10.0,6.0,6.0,Promoter,6.0,1.0,5.0,Unknown,,3.0,6.0,6.0,6.0,6.0,6.0,6.0,,6.0,6.0,6.0,6.0,6.0,6.0,6.0,6.0,6.0,1.0,1.0,1.0,1.0,1.0,1.0,1.0
198448941,Bali,Denpasar,Denpasar 2,CS (KUOTA 50%),Pria,39,36 - 40 tahun,5 tahun atau lebih,1 minggu sekali,Menikah,2 anak,Sarjana (S1),Pegawai/Karyawan Swasta,A2 : Rp. 3.000.001 - Rp. 4.500.000,Rp 10.500.0001 - Rp 15.000.000,10.0,6.0,6.0,Promoter,5.888888888888889,6.0,-0.11111111111111072,Satisfied,4.0,,5.0,6.0,5.0,6.0,6.0,6.0,6.0,5.0,6.0,6.0,6.0,6.0,6.0,6.0,6.0,6.0,6.0,6.0,6.0,6.0,6.0,6.0,6.0
198449097,Bali,Denpasar,Denpasar 2,Teller (KUOTA 50%),Wanita,25,20 - 25 tahun,3 tahun s/d 4 tahun 11 bulan,1 minggu sekali,Belum menikah,Tidak memiliki anak,SLTA,Pegawai/Karyawan Swasta,B : Rp. 2.000.001 - Rp. 3.000.000,Rp. 4.500.000 - Rp 6.000.000,9.0,6.0,6.0,Promoter,6.0,1.0,5.0,Unknown,,,6.0,6.0,6.0,6.0,6.0,6.0,6.0,6.0,6.0,6.0,6.0,6.0,6.0,6.0,6.0,6.0,1.0,1.0,1.0,1.0,1.0,1.0,1.0
198449433,DKI Jakarta,Jakarta Timur,Jakarta Timur 3,CS (KUOTA 50%),Wanita,60,50 tahun dan ke atas,1 tahun s/d 2 tahun 11 bulan,1 bulan sekali,Menikah,3 anak,Sarjana (S1),Pensiunan,A1 : Rp. 4.500.000 - Rp 6.000.000,Rp 9.000.001- Rp 10.500.000,9.0,6.0,6.0,Promoter,6.0,1.0,5.0,Unknown,,,6.0,6.0,5.0,6.0,5.0,,6.0,6.0,6.0,6.0,6.0,6.0,6.0,6.0,6.0,6.0,1.0,1.0,1.0,1.0,1.0,1.0,1.0
198449562,Jawa Barat,Bandung Barat,Bandung Barat 2,CS (KUOTA 50%),Wanita,52,50 tahun dan ke atas,5 tahun atau lebih,1 bulan sekali,Menikah,2 anak,Sarjana (S1),Pegawai Negeri Sipil (Guru),A1 : Rp. 4.500.000 - Rp 6.000.000,Rp 7.500.001- Rp 9.000.000,10.0,6.0,6.0,Promoter,6.0,1.0,5.0,Satisfied,4.0,,6.0,6.0,6.0,6.0,6.0,,6.0,6.0,6.0,6.0,6.0,6.0,6.0,6.0,6.0,6.0,1.0,1.0,1.0,1.0,1.0,1.0,1.0
198449884,DKI Jakarta,Jakarta Utara,Jakarta Utara 1,Teller (KUOTA 50%),Pria,48,46 - 50 tahun,5 tahun atau lebih,1 minggu sekali,Menikah,3 anak,Sarjana (S1),Wiraswasta/Pengusaha/Pedagang,A1.4 : Rp 10.500.0001 - Rp 15.000.000,Rp 20.000.001 - Rp 25.000.000,8.0,6.0,5.0,Passive,4.888888888888889,2.4285714285714284,2.460317460317461,Passive,4.0,,5.0,4.0,5.0,5.0,5.0,6.0,5.0,5.0,5.0,6.0,5.0,6.0,5.0,5.0,2.0,5.0,2.0,2.0,2.0,2.0,2.0,2.0,5.0
198450385,Jawa Barat,Garut,Garut 1,Teller (KUOTA 50%),Pria,34,31 - 35 tahun,5 tahun atau lebih,1 minggu 2 kali atau lebih,Menikah,4 anak,SLTA,Wiraswasta/Pengusaha/Pedagang,A1.2 : Rp 7.500.001- Rp 9.000.000,Rp 10.500.0001 - Rp 15.000.000,10.0,6.0,6.0,Promoter,6.0,1.0,5.0,Loyal Champion,4.0,3.0,6.0,6.0,6.0,6.0,6.0,6.0,,6.0,6.0,6.0,6.0,6.0,6.0,6.0,6.0,6.0,1.0,1.0,1.0,1.0,1.0,1.0,1.0
198450386,Jawa Barat,Garut,Garut 1,Teller (KUOTA 50%),Pria,21,20 - 25 tahun,1 tahun s/d 2 tahun 11 bulan,1 minggu 2 kali atau lebih,Belum menikah,Tidak memiliki anak,SLTP,Wiraswasta/Pengusaha/Pedagang,A2 : Rp. 3.000.001 - Rp. 4.500.000,Rp 7.500.001- Rp 9.000.000,10.0,6.0,6.0,Promoter,6.0,1.0,5.0,Unknown,,3.0,6.0,6.0,6.0,6.0,6.0,6.0,,6.0,6.0,6.0,6.0,6.0,6.0,6.0,6.0,6.0,1.0,1.0,1.0,1.0,1.0,1.0,1.0
198450387,Jawa Barat,Garut,Garut 1,CS (KUOTA 50%),Pria,24,20 - 25 tahun,1 tahun s/d 2 tahun 11 bulan,1 minggu sekali,Menikah,Tidak memiliki anak,SLTA,Pegawai/Karyawan Swasta,C1 : Rp. 1.500.001 - Rp. 2.000.000,Rp. 3.000.001 - Rp. 4.500.000,10.0,6.0,6.0,Promoter,6.0,1.0,5.0,Unknown,,,6.0,6.0,6.0,6.0,6.0,,6.0,6.0,6.0,6.0,6.0,6.0,6.0,6.0,6.0,6.0,1.0,1.0,1.0,1.0,1.0,1.0,1.0
198450388,Jawa Barat,Garut,Garut 1,CS (KUOTA 50%),Pria,32,31 - 35 tahun,1 tahun s/d 2 tahun 11 bulan,2 minggu sekali,Menikah,Tidak memiliki anak,SLTA,Pegawai/Karyawan Swasta,C2 : Rp. 1.000.001 - Rp. 1.500.000,Rp. 3.000.001 - Rp. 4.500.000,10.0,6.0,6.0,Promoter,6.0,1.0,5.0,Unknown,,,6.0,6.0,6.0,6.0,6.0,,6.0,6.0,6.0,6.0,6.0,6.0,6.0,6.0,6.0,6.0,1.0,1.0,1.0,1.0,1.0,1.0,1.0
198450389,Jawa Barat,Garut,Garut 1,Teller (KUOTA 50%),Wanita,41,41 - 45 tahun,1 tahun s/d 2 tahun 11 bulan,1 bulan sekali,Menikah,3 anak,Sarjana (S1),Pegawai Negeri Sipil (Bukan Guru),A2 : Rp. 3.000.001 - Rp. 4.500.000,Rp 6.000.001 - Rp 7.500.000,10.0,6.0,6.0,Promoter,6.0,1.0,5.0,Unknown,,,6.0,6.0,6.0,6.0,6.0,6.0,,6.0,6.0,6.0,6.0,6.0,6.0,6.0,6.0,6.0,1.0,1.0,1.0,1.0,1.0,1.0,1.0
198450619,Banten,Tangerang,Tangerang 2,CS (KUOTA 50%),Pria,27,26 - 30 tahun,5 tahun atau lebih,1 bulan sekali,Belum menikah,Tidak memiliki anak,SLTA,Pegawai/Karyawan Swasta,B : Rp. 2.000.001 - Rp. 3.000.000,Rp. 4.500.000 - Rp 6.000.000,9.0,6.0,6.0,Promoter,5.888888888888889,4.142857142857143,1.746031746031746,Satisfied,4.0,,5.0,5.0,5.0,5.0,5.0,,6.0,6.0,6.0,6.0,6.0,6.0,6.0,6.0,6.0,5.0,3.0,4.0,4.0,4.0,4.0,5.0,5.0
198450703,DKI Jakarta,Jakarta Utara,Jakarta Utara 1,Teller (KUOTA 50%),Pria,60,50 tahun dan ke atas,5 tahun atau lebih,2 minggu sekali,Duda / Janda,4 anak,Sarjana (S1),Pegawai/Karyawan Swasta,A1.3 : Rp 9.000.001- Rp 10.500.000,Rp 10.500.0001 - Rp 15.000.000,8.0,6.0,5.0,Passive,4.888888888888889,1.2857142857142858,3.6031746031746037,Passive,4.0,,5.0,5.0,5.0,5.0,5.0,6.0,,5.0,5.0,5.0,5.0,5.0,5.0,5.0,5.0,4.0,1.0,1.0,2.0,1.0,1.0,1.0,2.0
198451255,Jawa Tengah,Tegal,Tegal 1,Teller (KUOTA 50%),Wanita,42,41 - 45 tahun,1 tahun s/d 2 tahun 11 bulan,1 minggu sekali,Duda / Janda,1 anak,Sarjana (S1),Pegawai/Karyawan Swasta,B : Rp. 2.000.001 - Rp. 3.000.000,Rp. 4.500.000 - Rp 6.000.000,10.0,6.0,6.0,Promoter,6.0,1.0,5.0,Unknown,,,6.0,6.0,6.0,6.0,6.0,6.0,,6.0,6.0,6.0,6.0,6.0,6.0,6.0,6.0,6.0,1.0,1.0,1.0,1.0,1.0,1.0,1.0
198451470,Jawa Barat,Bogor,Bogor 4,Teller (KUOTA 50%),Wanita,42,41 - 45 tahun,3 tahun s/d 4 tahun 11 bulan,1 bulan sekali,Menikah,2 anak,Sarjana (S1),Guru (Non PNS),A1 : Rp. 4.500.000 - Rp 6.000.000,Rp 7.500.001- Rp 9.000.000,10.0,6.0,6.0,Promoter,6.0,1.0,5.0,Unknown,,,6.0,6.0,6.0,6.0,6.0,6.0,,6.0,6.0,6.0,6.0,6.0,6.0,6.0,6.0,6.0,1.0,1.0,1.0,1.0,1.0,1.0,1.0
198451471,Jawa Barat,Bogor,Bogor 4,CS (KUOTA 50%),Wanita,32,31 - 35 tahun,3 tahun s/d 4 tahun 11 bulan,2 minggu sekali,Menikah,2 anak,SLTA,Guru (Non PNS),A1 : Rp. 4.500.000 - Rp 6.000.000,Rp 6.000.001 - Rp 7.500.000,10.0,6.0,6.0,Promoter,6.0,1.0,5.0,Unknown,,,6.0,6.0,6.0,6.0,6.0,,6.0,6.0,6.0,6.0,6.0,6.0,6.0,6.0,6.0,6.0,1.0,1.0,1.0,1.0,1.0,1.0,1.0
198451819,DKI Jakarta,Jakarta Utara,Jakarta Utara 1,Teller (KUOTA 50%),Pria,45,41 - 45 tahun,5 tahun atau lebih,1 minggu sekali,Menikah,2 anak,SLTA,Wiraswasta/Pengusaha/Pedagang,A1 : Rp. 4.500.000 - Rp 6.000.000,Rp 7.500.001- Rp 9.000.000,9.0,6.0,6.0,Promoter,5.222222222222222,1.1428571428571428,4.079365079365079,Satisfied,4.0,,5.0,4.0,5.0,5.0,5.0,6.0,,4.0,5.0,6.0,6.0,6.0,5.0,5.0,5.0,5.0,2.0,1.0,1.0,1.0,1.0,1.0,1.0
198452544,Jawa Tengah,Tegal,Tegal 1,CS (KUOTA 50%),Wanita,43,41 - 45 tahun,1 tahun s/d 2 tahun 11 bulan,1 bulan sekali,Menikah,3 anak,Akademi/D3,Ibu Rumah Tangga,A2 : Rp. 3.000.001 - Rp. 4.500.000,Rp. 4.500.000 - Rp 6.000.000,10.0,6.0,6.0,Promoter,6.0,1.0,5.0,Unknown,,,6.0,6.0,6.0,6.0,6.0,,6.0,6.0,6.0,6.0,6.0,6.0,6.0,6.0,6.0,6.0,1.0,1.0,1.0,1.0,1.0,1.0,1.0
198452553,DKI Jakarta,Jakarta Selatan,Jakarta Selatan 1,Teller (KUOTA 50%),Pria,29,26 - 30 tahun,5 tahun atau lebih,1 minggu 2 kali atau lebih,Menikah,Tidak memiliki anak,SLTA,Pegawai/Karyawan Swasta,A1.2 : Rp 7.500.001- Rp 9.000.000,Rp 9.000.001- Rp 10.500.000,10.0,6.0,6.0,Promoter,6.0,1.0,5.0,Loyal Champion,4.0,3.0,6.0,6.0,6.0,6.0,6.0,6.0,,6.0,6.0,6.0,6.0,6.0,6.0,6.0,6.0,6.0,1.0,1.0,1.0,1.0,1.0,1.0,1.0
198453110,Bali,Denpasar,Denpasar 2,Teller (KUOTA 50%),Wanita,32,31 - 35 tahun,3 tahun s/d 4 tahun 11 bulan,1 minggu sekali,Menikah,1 anak,SLTA,Ibu Rumah Tangga,A2 : Rp. 3.000.001 - Rp. 4.500.000,Rp 9.000.001- Rp 10.500.000,10.0,6.0,6.0,Promoter,5.555555555555555,2.2857142857142856,3.2698412698412698,Unknown,,,6.0,6.0,6.0,6.0,6.0,6.0,6.0,6.0,6.0,6.0,6.0,6.0,2.0,6.0,6.0,6.0,2.0,1.0,1.0,1.0,2.0,6.0,3.0
198453520,DKI Jakarta,Jakarta Timur,Jakarta Timur 3,CS (KUOTA 50%),Wanita,30,26 - 30 tahun,3 tahun s/d 4 tahun 11 bulan,1 bulan sekali,Duda / Janda,1 anak,SLTA,Ibu Rumah Tangga,A1 : Rp. 4.500.000 - Rp 6.000.000,Rp 6.000.001 - Rp 7.500.000,8.0,6.0,6.0,Passive,5.111111111111111,1.1428571428571428,3.968253968253968,Unknown,,,6.0,5.0,6.0,6.0,6.0,,6.0,6.0,5.0,6.0,6.0,1.0,5.0,5.0,6.0,6.0,1.0,1.0,1.0,1.0,2.0,1.0,1.0
198453521,DKI Jakarta,Jakarta Timur,Jakarta Timur 3,CS (KUOTA 50%),Pria,37,36 - 40 tahun,5 tahun atau lebih,1 minggu 2 kali atau lebih,Menikah,2 anak,SLTA,Pegawai/Karyawan Swasta,A1 : Rp. 4.500.000 - Rp 6.000.000,Rp. 4.500.000 - Rp 6.000.000,8.0,6.0,6.0,Passive,5.888888888888889,1.0,4.888888888888889,Passive,4.0,3.0,6.0,6.0,6.0,6.0,6.0,,6.0,6.0,6.0,6.0,5.0,6.0,6.0,6.0,6.0,6.0,1.0,1.0,1.0,1.0,1.0,1.0,1.0
198453522,DKI Jakarta,Jakarta Timur,Jakarta Timur 3,CS (KUOTA 50%),Pria,40,36 - 40 tahun,3 tahun s/d 4 tahun 11 bulan,1 bulan sekali,Menikah,2 anak,SLTA,Pegawai/Karyawan Swasta,A1 : Rp. 4.500.000 - Rp 6.000.000,Rp 7.500.001- Rp 9.000.000,10.0,6.0,6.0,Promoter,6.0,1.0,5.0,Unknown,,,6.0,6.0,6.0,6.0,6.0,,6.0,6.0,6.0,6.0,6.0,6.0,6.0,6.0,6.0,6.0,1.0,1.0,1.0,1.0,1.0,1.0,1.0
198454203,DKI Jakarta,Jakarta Selatan,Jakarta Selatan 1,CS (KUOTA 50%),Wanita,28,26 - 30 tahun,3 tahun s/d 4 tahun 11 bulan,1 bulan sekali,Menikah,Tidak memiliki anak,SLTA,Pegawai/Karyawan Swasta,A2 : Rp. 3.000.001 - Rp. 4.500.000,Rp 6.000.001 - Rp 7.500.000,10.0,6.0,6.0,Promoter,6.0,1.7142857142857142,4.285714285714286,Unknown,,,6.0,6.0,6.0,6.0,6.0,,6.0,6.0,6.0,6.0,6.0,6.0,6.0,6.0,6.0,6.0,1.0,6.0,1.0,1.0,1.0,1.0,1.0
198454299,DKI Jakarta,Jakarta Utara,Jakarta Utara 1,Teller (KUOTA 50%),Wanita,33,31 - 35 tahun,5 tahun atau lebih,1 minggu sekali,Menikah,1 anak,Sarjana (S1),Pegawai Negeri Sipil (Guru),A1.1 : Rp 6.000.001 - Rp 7.500.000,Rp 10.500.0001 - Rp 15.000.000,9.0,6.0,6.0,Promoter,5.0,2.0,3.0,Satisfied,4.0,,5.0,5.0,5.0,5.0,6.0,6.0,,5.0,5.0,5.0,5.0,5.0,5.0,5.0,5.0,5.0,2.0,2.0,2.0,2.0,2.0,2.0,2.0
198454528,Kepulauan Riau,Tanjung Pinang,Tanjung Pinang 1,CS (KUOTA 50%),Wanita,49,46 - 50 tahun,1 tahun s/d 2 tahun 11 bulan,1 bulan sekali,Menikah,3 anak,Sarjana (S1),Pegawai Negeri Sipil (Bukan Guru),A1.4 : Rp 10.500.0001 - Rp 15.000.000,Rp 15.000.001- Rp 20.000.000,9.0,6.0,6.0,Promoter,6.0,1.2857142857142858,4.714285714285714,Unknown,,,6.0,6.0,5.0,6.0,6.0,6.0,6.0,6.0,6.0,6.0,6.0,6.0,6.0,6.0,6.0,6.0,1.0,1.0,1.0,1.0,1.0,1.0,3.0
198455829,DKI Jakarta,Jakarta Utara,Jakarta Utara 1,CS (KUOTA 50%),Pria,29,26 - 30 tahun,5 tahun atau lebih,1 minggu sekali,Menikah,1 anak,SLTA,Pegawai/Karyawan Swasta,A1.1 : Rp 6.000.001 - Rp 7.500.000,Rp 10.500.0001 - Rp 15.000.000,9.0,6.0,6.0,Promoter,5.444444444444445,1.0,4.444444444444445,Satisfied,4.0,,5.0,5.0,5.0,5.0,6.0,,6.0,5.0,6.0,5.0,5.0,6.0,5.0,5.0,6.0,6.0,1.0,1.0,1.0,1.0,1.0,1.0,1.0
198457325,DKI Jakarta,Jakarta Utara,Jakarta Utara 1,CS (KUOTA 50%),Pria,24,20 - 25 tahun,3 tahun s/d 4 tahun 11 bulan,1 minggu sekali,Menikah,Tidak memiliki anak,SLTA,Pegawai/Karyawan Swasta,A1 : Rp. 4.500.000 - Rp 6.000.000,Rp 6.000.001 - Rp 7.500.000,8.0,6.0,6.0,Passive,5.444444444444445,1.0,4.444444444444445,Unknown,,,5.0,5.0,5.0,5.0,5.0,,6.0,5.0,5.0,6.0,6.0,6.0,5.0,5.0,6.0,5.0,1.0,1.0,1.0,1.0,1.0,1.0,1.0
198460216,Banten,Tangerang,Tangerang 4,Teller (KUOTA 50%),Wanita,36,36 - 40 tahun,5 tahun atau lebih,1 minggu sekali,Menikah,1 anak,Sarjana (S1),Pegawai Negeri Sipil (Guru),A1.1 : Rp 6.000.001 - Rp 7.500.000,Rp 9.000.001- Rp 10.500.000,10.0,5.0,6.0,Promoter,6.0,1.0,5.0,Satisfied,4.0,,6.0,6.0,6.0,6.0,6.0,6.0,,6.0,6.0,6.0,6.0,6.0,6.0,6.0,6.0,6.0,1.0,1.0,1.0,1.0,1.0,1.0,1.0
198461081,Jawa Barat,Depok,Depok 1,CS (KUOTA 50%),Wanita,42,41 - 45 tahun,5 tahun atau lebih,1 minggu 2 kali atau lebih,Belum menikah,Tidak memiliki anak,Akademi/D3,Pegawai Negeri Sipil (Bukan Guru),B : Rp. 2.000.001 - Rp. 3.000.000,Rp 6.000.001 - Rp 7.500.000,10.0,6.0,6.0,Promoter,6.0,1.7142857142857142,4.285714285714286,Loyal Champion,4.0,3.0,6.0,6.0,6.0,6.0,6.0,6.0,6.0,6.0,6.0,6.0,6.0,6.0,6.0,6.0,6.0,6.0,1.0,1.0,1.0,1.0,1.0,6.0,1.0
198461082,Jawa Barat,Depok,Depok 2,Teller (KUOTA 50%),Pria,40,36 - 40 tahun,1 tahun s/d 2 tahun 11 bulan,1 bulan sekali,Menikah,2 anak,SLTA,Pegawai/Karyawan Swasta,A2 : Rp. 3.000.001 - Rp. 4.500.000,Rp. 4.500.000 - Rp 6.000.000,10.0,6.0,6.0,Promoter,6.0,1.7142857142857142,4.285714285714286,Unknown,,,6.0,5.0,6.0,6.0,6.0,6.0,,6.0,6.0,6.0,6.0,6.0,6.0,6.0,6.0,6.0,1.0,1.0,1.0,1.0,1.0,1.0,6.0
198462562,DKI Jakarta,Jakarta Barat,Jakarta Barat 5,Teller (KUOTA 50%),Wanita,50,46 - 50 tahun,3 tahun s/d 4 tahun 11 bulan,1 minggu 2 kali atau lebih,Menikah,2 anak,Paska Sarjana (S2),Pegawai/Karyawan Swasta,A1.4 : Rp 10.500.0001 - Rp 15.000.000,Rp 15.000.001- Rp 20.000.000,9.0,6.0,6.0,Promoter,6.0,1.7142857142857142,4.285714285714286,Unknown,,3.0,6.0,6.0,6.0,6.0,6.0,6.0,,6.0,6.0,6.0,6.0,6.0,6.0,6.0,6.0,6.0,1.0,1.0,6.0,1.0,1.0,1.0,1.0
198462563,DKI Jakarta,Jakarta Barat,Jakarta Barat 3,CS (KUOTA 50%),Wanita,47,46 - 50 tahun,5 tahun atau lebih,1 minggu sekali,Menikah,3 anak,Akademi/D3,Wiraswasta/Pengusaha/Pedagang,A1.6 : Rp 20.000.001 - Rp 25.000.000,Rp 20.000.001 - Rp 25.000.000,9.0,6.0,6.0,Promoter,5.333333333333333,2.857142857142857,2.476190476190476,Satisfied,4.0,,6.0,6.0,6.0,6.0,6.0,,6.0,5.0,5.0,5.0,5.0,6.0,6.0,6.0,5.0,5.0,1.0,5.0,1.0,6.0,1.0,5.0,1.0
198462577,Jawa Barat,Bogor,Bogor 3,CS (KUOTA 50%),Wanita,27,26 - 30 tahun,3 tahun s/d 4 tahun 11 bulan,1 minggu sekali,Belum menikah,Tidak memiliki anak,SLTA,Pegawai Negeri Sipil (Bukan Guru),A1 : Rp. 4.500.000 - Rp 6.000.000,Rp 10.500.0001 - Rp 15.000.000,9.0,6.0,6.0,Promoter,6.0,1.0,5.0,Unknown,,,6.0,6.0,6.0,6.0,6.0,,6.0,6.0,6.0,6.0,6.0,6.0,6.0,6.0,6.0,6.0,1.0,1.0,1.0,1.0,1.0,1.0,1.0
198462790,Banten,Tangerang Selatan,Tangerang Selatan 2,CS (KUOTA 50%),Wanita,37,36 - 40 tahun,3 tahun s/d 4 tahun 11 bulan,1 minggu 2 kali atau lebih,Menikah,2 anak,Akademi/D3,Guru (Non PNS),A2 : Rp. 3.000.001 - Rp. 4.500.000,Rp 9.000.001- Rp 10.500.000,8.0,6.0,6.0,Passive,5.222222222222222,1.4285714285714286,3.7936507936507935,Unknown,,3.0,6.0,6.0,6.0,6.0,6.0,,6.0,5.0,6.0,5.0,5.0,6.0,5.0,5.0,5.0,5.0,1.0,1.0,1.0,2.0,2.0,1.0,2.0
198465225,DKI Jakarta,Jakarta Selatan,Jakarta Selatan 2,CS (KUOTA 50%),Pria,31,31 - 35 tahun,5 tahun atau lebih,2 minggu sekali,Menikah,2 anak,SLTA,Pegawai/Karyawan Swasta,A2 : Rp. 3.000.001 - Rp. 4.500.000,Rp. 4.500.000 - Rp 6.000.000,10.0,6.0,6.0,Promoter,5.888888888888889,1.7142857142857142,4.174603174603175,Satisfied,4.0,,6.0,6.0,6.0,6.0,6.0,,6.0,6.0,6.0,5.0,6.0,6.0,6.0,6.0,6.0,6.0,2.0,2.0,1.0,2.0,2.0,2.0,1.0
198467824,Kepulauan Riau,Tanjung Pinang,Tanjung Pinang 1,CS (KUOTA 50%),Pria,29,26 - 30 tahun,3 tahun s/d 4 tahun 11 bulan,1 minggu sekali,Belum menikah,Tidak memiliki anak,Sarjana (S1),Pegawai/Karyawan Swasta,A2 : Rp. 3.000.001 - Rp. 4.500.000,Rp 6.000.001 - Rp 7.500.000,10.0,6.0,6.0,Promoter,6.0,1.0,5.0,Unknown,,,6.0,6.0,6.0,6.0,6.0,6.0,6.0,6.0,6.0,6.0,6.0,6.0,6.0,6.0,6.0,6.0,1.0,1.0,1.0,1.0,1.0,1.0,1.0
198467978,DKI Jakarta,Jakarta Selatan,Jakarta Selatan 3,CS (KUOTA 50%),Pria,22,20 - 25 tahun,3 tahun s/d 4 tahun 11 bulan,1 bulan sekali,Belum menikah,Tidak memiliki anak,SLTA,Pegawai/Karyawan Swasta,A2 : Rp. 3.000.001 - Rp. 4.500.000,Rp 6.000.001 - Rp 7.500.000,9.0,6.0,6.0,Promoter,6.0,1.0,5.0,Unknown,,,6.0,6.0,6.0,6.0,6.0,,6.0,6.0,6.0,6.0,6.0,6.0,6.0,6.0,6.0,6.0,1.0,1.0,1.0,1.0,1.0,1.0,1.0
198468717,DKI Jakarta,Jakarta Selatan,Jakarta Selatan 2,CS (KUOTA 50%),Pria,25,20 - 25 tahun,1 tahun s/d 2 tahun 11 bulan,2 minggu sekali,Menikah,3 anak,SLTA,Pegawai/Karyawan Swasta,A2 : Rp. 3.000.001 - Rp. 4.500.000,Rp. 4.500.000 - Rp 6.000.000,9.0,6.0,6.0,Promoter,5.888888888888889,2.0,3.8888888888888893,Unknown,,,6.0,6.0,6.0,6.0,6.0,,6.0,6.0,5.0,6.0,6.0,6.0,6.0,6.0,6.0,6.0,2.0,2.0,2.0,2.0,2.0,2.0,2.0
198470770,DKI Jakarta,Jakarta Selatan,Jakarta Selatan 3,Teller (KUOTA 50%),Pria,45,41 - 45 tahun,5 tahun atau lebih,1 bulan sekali,Menikah,2 anak,SLTA,Pegawai/Karyawan Swasta,A1 : Rp. 4.500.000 - Rp 6.000.000,Rp 9.000.001- Rp 10.500.000,10.0,6.0,6.0,Promoter,6.0,1.7142857142857142,4.285714285714286,Satisfied,4.0,,6.0,6.0,6.0,6.0,6.0,6.0,,6.0,6.0,6.0,6.0,6.0,6.0,6.0,6.0,6.0,1.0,1.0,1.0,1.0,1.0,6.0,1.0
198484249,Banten,Tangerang,Tangerang 2,CS (KUOTA 50%),Wanita,42,41 - 45 tahun,1 tahun s/d 2 tahun 11 bulan,1 bulan sekali,Menikah,2 anak,Sarjana (S1),Ibu Rumah Tangga,A1 : Rp. 4.500.000 - Rp 6.000.000,Rp. 4.500.000 - Rp 6.000.000,10.0,6.0,6.0,Promoter,5.444444444444445,3.2857142857142856,2.158730158730159,Unknown,,,5.0,6.0,5.0,5.0,6.0,,6.0,5.0,6.0,6.0,6.0,6.0,5.0,5.0,5.0,5.0,5.0,1.0,5.0,1.0,5.0,1.0,5.0
198497059,Jawa Barat,Bogor,Bogor 4,Teller (KUOTA 50%),Wanita,32,31 - 35 tahun,5 tahun atau lebih,2 minggu sekali,Menikah,2 anak,Sarjana (S1),Guru (Non PNS),A2 : Rp. 3.000.001 - Rp. 4.500.000,Rp 6.000.001 - Rp 7.500.000,10.0,6.0,6.0,Promoter,6.0,1.0,5.0,Satisfied,4.0,,6.0,6.0,6.0,6.0,6.0,6.0,,6.0,6.0,6.0,6.0,6.0,6.0,6.0,6.0,6.0,1.0,1.0,1.0,1.0,1.0,1.0,1.0
198497405,Bali,Denpasar,Denpasar 1,CS (KUOTA 50%),Pria,24,20 - 25 tahun,5 tahun atau lebih,2 minggu sekali,Belum menikah,Tidak memiliki anak,Sarjana (S1),Pegawai/Karyawan Swasta,B : Rp. 2.000.001 - Rp. 3.000.000,Rp 6.000.001 - Rp 7.500.000,9.0,6.0,6.0,Promoter,5.0,1.0,4.0,Satisfied,4.0,,6.0,6.0,6.0,6.0,6.0,6.0,6.0,5.0,5.0,5.0,5.0,5.0,5.0,5.0,5.0,5.0,1.0,1.0,1.0,1.0,1.0,1.0,1.0
198498517,Kalimantan Timur,Balikpapan,Balikpapan 1,Teller (KUOTA 50%),Wanita,28,26 - 30 tahun,5 tahun atau lebih,1 bulan sekali,Menikah,2 anak,SLTA,Ibu Rumah Tangga,A2 : Rp. 3.000.001 - Rp. 4.500.000,Rp 6.000.001 - Rp 7.500.000,10.0,6.0,6.0,Promoter,6.0,1.0,5.0,Satisfied,4.0,,6.0,6.0,6.0,6.0,6.0,6.0,,6.0,6.0,6.0,6.0,6.0,6.0,6.0,6.0,6.0,1.0,1.0,1.0,1.0,1.0,1.0,1.0
198498535,DKI Jakarta,Jakarta Selatan,Jakarta Selatan 2,Teller (KUOTA 50%),Pria,35,31 - 35 tahun,5 tahun atau lebih,1 minggu sekali,Menikah,2 anak,SLTA,Pegawai/Karyawan Swasta,A2 : Rp. 3.000.001 - Rp. 4.500.000,Rp. 4.500.000 - Rp 6.000.000,10.0,6.0,6.0,Promoter,6.0,1.8571428571428572,4.142857142857142,Satisfied,4.0,,6.0,5.0,6.0,6.0,6.0,5.0,,6.0,6.0,6.0,6.0,6.0,6.0,6.0,6.0,6.0,2.0,2.0,2.0,2.0,1.0,2.0,2.0
198498606,Jawa Barat,Pangandaran,Pangandaran 2,CS (KUOTA 50%),Pria,32,31 - 35 tahun,5 tahun atau lebih,1 bulan sekali,Menikah,2 anak,SLTA,Wiraswasta/Pengusaha/Pedagang,C1 : Rp. 1.500.001 - Rp. 2.000.000,Rp. 2.000.001 - Rp. 3.000.000,10.0,6.0,6.0,Promoter,6.0,1.0,5.0,Satisfied,4.0,,6.0,6.0,6.0,6.0,6.0,,6.0,6.0,6.0,6.0,6.0,6.0,6.0,6.0,6.0,6.0,1.0,1.0,1.0,1.0,1.0,1.0,1.0
198498741,Banten,Tangerang,Tangerang 4,CS (KUOTA 50%),Wanita,43,41 - 45 tahun,5 tahun atau lebih,1 bulan sekali,Menikah,3 anak,Akademi/D3,Pegawai Negeri Sipil (Bukan Guru),A2 : Rp. 3.000.001 - Rp. 4.500.000,Rp. 4.500.000 - Rp 6.000.000,10.0,6.0,6.0,Promoter,6.0,6.0,0.0,Satisfied,4.0,,6.0,6.0,6.0,6.0,6.0,6.0,6.0,6.0,6.0,6.0,6.0,6.0,6.0,6.0,6.0,6.0,6.0,6.0,6.0,6.0,6.0,6.0,6.0
198498960,Jawa Timur,Surabaya,Surabaya 1,Teller (KUOTA 50%),Pria,60,50 tahun dan ke atas,5 tahun atau lebih,1 bulan sekali,Menikah,2 anak,Sarjana (S1),Pegawai Negeri Sipil (Bukan Guru),B : Rp. 2.000.001 - Rp. 3.000.000,Rp. 4.500.000 - Rp 6.000.000,10.0,6.0,6.0,Promoter,5.333333333333333,1.0,4.333333333333333,Satisfied,4.0,,5.0,5.0,5.0,5.0,6.0,6.0,,5.0,6.0,5.0,5.0,6.0,5.0,6.0,5.0,5.0,1.0,1.0,1.0,1.0,1.0,1.0,1.0
198499244,Jawa Barat,Pangandaran,Pangandaran 2,CS (KUOTA 50%),Wanita,36,36 - 40 tahun,5 tahun atau lebih,2 minggu sekali,Menikah,1 anak,SLTA,Tenaga Honorer,B : Rp. 2.000.001 - Rp. 3.000.000,Rp 6.000.001 - Rp 7.500.000,10.0,6.0,6.0,Promoter,6.0,1.0,5.0,Satisfied,4.0,,6.0,6.0,6.0,6.0,9.0,,6.0,6.0,6.0,6.0,6.0,6.0,6.0,6.0,6.0,6.0,1.0,1.0,1.0,1.0,1.0,1.0,1.0
198499525,DKI Jakarta,Jakarta Timur,Jakarta Timur 2,CS (KUOTA 50%),Wanita,40,36 - 40 tahun,1 tahun s/d 2 tahun 11 bulan,2 minggu sekali,Menikah,2 anak,SLTA,Ibu Rumah Tangga,A1 : Rp. 4.500.000 - Rp 6.000.000,Rp. 4.500.000 - Rp 6.000.000,10.0,6.0,6.0,Promoter,6.0,1.0,5.0,Unknown,,,6.0,6.0,6.0,6.0,6.0,,6.0,6.0,6.0,6.0,6.0,6.0,6.0,6.0,6.0,6.0,1.0,1.0,1.0,1.0,1.0,1.0,1.0
198499740,Jawa Barat,Pangandaran,Pangandaran 2,Teller (KUOTA 50%),Pria,23,20 - 25 tahun,3 tahun s/d 4 tahun 11 bulan,1 minggu sekali,Menikah,Tidak memiliki anak,SLTA,Pegawai/Karyawan Swasta,C2 : Rp. 1.000.001 - Rp. 1.500.000,Rp. 3.000.001 - Rp. 4.500.000,10.0,6.0,6.0,Promoter,6.0,1.0,5.0,Unknown,,,6.0,6.0,6.0,6.0,6.0,6.0,,6.0,6.0,6.0,6.0,6.0,6.0,6.0,6.0,6.0,1.0,1.0,1.0,1.0,1.0,1.0,1.0
198499896,Kepulauan Riau,Tanjung Pinang,Tanjung Pinang 1,CS (KUOTA 50%),Wanita,57,50 tahun dan ke atas,1 tahun s/d 2 tahun 11 bulan,1 minggu sekali,Duda / Janda,2 anak,SLTA,Pensiunan,A1.1 : Rp 6.000.001 - Rp 7.500.000,Rp 7.500.001- Rp 9.000.000,10.0,6.0,6.0,Promoter,6.0,1.0,5.0,Unknown,,,6.0,6.0,6.0,6.0,6.0,6.0,6.0,6.0,6.0,6.0,6.0,6.0,6.0,6.0,6.0,6.0,1.0,1.0,1.0,1.0,1.0,1.0,1.0
198500383,Jawa Barat,Garut,Garut 2,Teller (KUOTA 50%),Wanita,57,50 tahun dan ke atas,5 tahun atau lebih,1 minggu 2 kali atau lebih,Menikah,4 anak,SLTA,Ibu Rumah Tangga,A1.1 : Rp 6.000.001 - Rp 7.500.000,Rp 15.000.001- Rp 20.000.000,9.0,6.0,6.0,Promoter,6.0,1.0,5.0,Loyal Champion,4.0,3.0,6.0,5.0,6.0,6.0,6.0,6.0,,6.0,6.0,6.0,6.0,6.0,6.0,6.0,6.0,6.0,1.0,1.0,1.0,1.0,1.0,1.0,1.0
198500466,Jawa Barat,Pangandaran,Pangandaran 2,Teller (KUOTA 50%),Pria,26,26 - 30 tahun,1 tahun s/d 2 tahun 11 bulan,1 minggu sekali,Belum menikah,Tidak memiliki anak,SLTA,Wiraswasta/Pengusaha/Pedagang,C2 : Rp. 1.000.001 - Rp. 1.500.000,Rp. 2.000.001 - Rp. 3.000.000,10.0,6.0,6.0,Promoter,5.888888888888889,1.0,4.888888888888889,Unknown,,,6.0,6.0,6.0,6.0,6.0,6.0,,6.0,6.0,6.0,6.0,6.0,6.0,5.0,6.0,6.0,1.0,1.0,1.0,1.0,1.0,1.0,1.0
198500468,DKI Jakarta,Jakarta Timur,Jakarta Timur 2,Teller (KUOTA 50%),Pria,45,41 - 45 tahun,3 tahun s/d 4 tahun 11 bulan,1 bulan sekali,Menikah,3 anak,SLTA,Pegawai/Karyawan Swasta,A2 : Rp. 3.000.001 - Rp. 4.500.000,Rp. 4.500.000 - Rp 6.000.000,8.0,6.0,6.0,Passive,6.0,1.7142857142857142,4.285714285714286,Unknown,,,6.0,6.0,6.0,6.0,6.0,6.0,,6.0,6.0,6.0,6.0,6.0,6.0,6.0,6.0,6.0,1.0,1.0,6.0,1.0,1.0,1.0,1.0
198500557,Jawa Timur,Surabaya,Surabaya 1,Teller (KUOTA 50%),Wanita,41,41 - 45 tahun,5 tahun atau lebih,1 minggu sekali,Menikah,Tidak memiliki anak,Sarjana (S1),Pegawai/Karyawan Swasta,A2 : Rp. 3.000.001 - Rp. 4.500.000,Rp 6.000.001 - Rp 7.500.000,9.0,6.0,6.0,Promoter,5.111111111111111,1.0,4.111111111111111,Satisfied,4.0,,5.0,5.0,5.0,6.0,6.0,6.0,6.0,5.0,5.0,6.0,5.0,5.0,5.0,5.0,5.0,5.0,1.0,1.0,1.0,1.0,1.0,1.0,1.0
198500924,Kalimantan Timur,Balikpapan,Balikpapan 1,CS (KUOTA 50%),Wanita,30,26 - 30 tahun,5 tahun atau lebih,1 bulan sekali,Belum menikah,Tidak memiliki anak,Sarjana (S1),Pegawai/Karyawan Swasta,A1.4 : Rp 10.500.0001 - Rp 15.000.000,Rp 10.500.0001 - Rp 15.000.000,6.0,5.0,4.0,Detractor,5.0,1.0,4.0,At Risk,4.0,,5.0,5.0,5.0,6.0,6.0,,6.0,4.0,6.0,4.0,6.0,6.0,5.0,3.0,5.0,6.0,1.0,1.0,1.0,1.0,1.0,1.0,1.0
198500956,Banten,Tangerang,Tangerang 4,Teller (KUOTA 50%),Wanita,44,41 - 45 tahun,5 tahun atau lebih,2 minggu sekali,Menikah,4 anak,Akademi/D3,Pegawai Negeri Sipil (Guru),B : Rp. 2.000.001 - Rp. 3.000.000,Rp. 3.000.001 - Rp. 4.500.000,10.0,6.0,6.0,Promoter,6.0,5.428571428571429,0.5714285714285712,Satisfied,4.0,,6.0,6.0,6.0,6.0,6.0,6.0,6.0,6.0,6.0,6.0,6.0,6.0,6.0,6.0,6.0,6.0,6.0,6.0,6.0,6.0,2.0,6.0,6.0
198501025,Banten,Tangerang Selatan,Tangerang Selatan 2,CS (KUOTA 50%),Wanita,35,31 - 35 tahun,5 tahun atau lebih,1 minggu 2 kali atau lebih,Menikah,2 anak,Sarjana (S1),Pegawai/Karyawan Swasta,A2 : Rp. 3.000.001 - Rp. 4.500.000,Rp 7.500.001- Rp 9.000.000,10.0,6.0,6.0,Promoter,6.0,1.0,5.0,Loyal Champion,4.0,3.0,6.0,6.0,6.0,6.0,6.0,6.0,6.0,6.0,6.0,6.0,6.0,6.0,6.0,6.0,6.0,6.0,1.0,1.0,1.0,1.0,1.0,1.0,1.0
198501067,Jawa Timur,Surabaya,Surabaya 2,Teller (KUOTA 50%),Pria,24,20 - 25 tahun,1 tahun s/d 2 tahun 11 bulan,1 bulan sekali,Belum menikah,Tidak memiliki anak,SLTA,Pegawai/Karyawan Swasta,A2 : Rp. 3.000.001 - Rp. 4.500.000,Rp. 4.500.000 - Rp 6.000.000,8.0,6.0,6.0,Passive,5.222222222222222,2.0,3.2222222222222223,Unknown,,,6.0,6.0,5.0,6.0,6.0,6.0,,5.0,5.0,6.0,5.0,5.0,6.0,5.0,5.0,5.0,2.0,2.0,2.0,2.0,2.0,2.0,2.0
198501095,Jawa Barat,Bogor,Bogor 4,CS (KUOTA 50%),Wanita,26,26 - 30 tahun,3 tahun s/d 4 tahun 11 bulan,1 bulan sekali,Menikah,Tidak memiliki anak,Sarjana (S1),Pegawai Negeri Sipil (Guru),C1 : Rp. 1.500.001 - Rp. 2.000.000,Rp. 3.000.001 - Rp. 4.500.000,8.0,6.0,6.0,Passive,5.888888888888889,1.5714285714285714,4.317460317460318,Unknown,,,5.0,6.0,6.0,6.0,6.0,,5.0,6.0,6.0,6.0,6.0,6.0,6.0,6.0,6.0,5.0,1.0,5.0,1.0,1.0,1.0,1.0,1.0
198501333,Jawa Barat,Bogor,Bogor 3,Teller (KUOTA 50%),Pria,21,20 - 25 tahun,3 tahun s/d 4 tahun 11 bulan,2 minggu sekali,Belum menikah,Tidak memiliki anak,SLTA,Lainnya,A2 : Rp. 3.000.001 - Rp. 4.500.000,Rp. 4.500.000 - Rp 6.000.000,10.0,6.0,6.0,Promoter,6.0,1.7142857142857142,4.285714285714286,Unknown,,,6.0,6.0,6.0,6.0,6.0,6.0,,6.0,6.0,6.0,6.0,6.0,6.0,6.0,6.0,6.0,1.0,1.0,1.0,1.0,1.0,6.0,1.0
198501334,Jawa Barat,Bogor,Bogor 3,Teller (KUOTA 50%),Pria,48,46 - 50 tahun,1 tahun s/d 2 tahun 11 bulan,2 minggu sekali,Menikah,2 anak,SLTA,Pegawai/Karyawan Swasta,A2 : Rp. 3.000.001 - Rp. 4.500.000,Rp 6.000.001 - Rp 7.500.000,10.0,6.0,6.0,Promoter,6.0,1.0,5.0,Unknown,,,6.0,6.0,6.0,6.0,6.0,6.0,,6.0,6.0,6.0,6.0,6.0,6.0,6.0,6.0,6.0,1.0,1.0,1.0,1.0,1.0,1.0,1.0
198501539,Banten,Tangerang Selatan,Tangerang Selatan 2,Teller (KUOTA 50%),Wanita,38,36 - 40 tahun,5 tahun atau lebih,1 minggu 2 kali atau lebih,Menikah,1 anak,Sarjana (S1),Wiraswasta/Pengusaha/Pedagang,A1.6 : Rp 20.000.001 - Rp 25.000.000,Di atas Rp 25.000.000,8.0,6.0,6.0,Passive,6.0,1.0,5.0,Passive,4.0,3.0,6.0,5.0,6.0,6.0,6.0,6.0,6.0,6.0,6.0,6.0,6.0,6.0,6.0,6.0,6.0,6.0,1.0,1.0,1.0,1.0,1.0,1.0,1.0
198501756,Jawa Timur,Surabaya,Surabaya 1,CS (KUOTA 50%),Wanita,36,36 - 40 tahun,1 tahun s/d 2 tahun 11 bulan,2 minggu sekali,Menikah,1 anak,Sarjana (S1),Ibu Rumah Tangga,A2 : Rp. 3.000.001 - Rp. 4.500.000,Rp 6.000.001 - Rp 7.500.000,9.0,6.0,6.0,Promoter,5.0,1.2857142857142858,3.7142857142857144,Unknown,,,5.0,5.0,5.0,6.0,6.0,,6.0,5.0,5.0,5.0,5.0,5.0,5.0,5.0,5.0,5.0,1.0,1.0,1.0,1.0,1.0,2.0,2.0
198502023,Banten,Tangerang Selatan,Tangerang Selatan 2,Teller (KUOTA 50%),Wanita,21,20 - 25 tahun,5 tahun atau lebih,1 minggu 2 kali atau lebih,Belum menikah,Tidak memiliki anak,SLTA,Pegawai/Karyawan Swasta,A1 : Rp. 4.500.000 - Rp 6.000.000,Rp 6.000.001 - Rp 7.500.000,10.0,6.0,6.0,Promoter,6.0,1.0,5.0,Loyal Champion,4.0,3.0,6.0,6.0,6.0,6.0,6.0,6.0,,6.0,6.0,6.0,6.0,6.0,6.0,6.0,6.0,6.0,1.0,1.0,1.0,1.0,1.0,1.0,1.0
198502046,Sulawesi Selatan,Makassar,Makassar 1,CS (KUOTA 50%),Wanita,44,41 - 45 tahun,5 tahun atau lebih,1 bulan sekali,Menikah,> 4 anak,Sarjana (S1),Guru (Non PNS),A1 : Rp. 4.500.000 - Rp 6.000.000,Rp 6.000.001 - Rp 7.500.000,10.0,6.0,6.0,Promoter,6.0,1.0,5.0,Satisfied,4.0,,6.0,6.0,6.0,6.0,6.0,,6.0,6.0,6.0,6.0,6.0,6.0,6.0,6.0,6.0,6.0,1.0,1.0,1.0,1.0,1.0,1.0,1.0
198502104,Banten,Tangerang Selatan,Tangerang Selatan 2,CS (KUOTA 50%),Pria,45,41 - 45 tahun,5 tahun atau lebih,1 minggu sekali,Menikah,1 anak,SLTA,Pegawai/Karyawan Swasta,A2 : Rp. 3.000.001 - Rp. 4.500.000,Rp. 4.500.000 - Rp 6.000.000,10.0,6.0,6.0,Promoter,6.0,1.7142857142857142,4.285714285714286,Satisfied,4.0,,6.0,6.0,6.0,6.0,6.0,6.0,6.0,6.0,6.0,6.0,6.0,6.0,6.0,6.0,6.0,6.0,1.0,1.0,6.0,1.0,1.0,1.0,1.0
198502455,Jawa Barat,Garut,Garut 2,CS (KUOTA 50%),Pria,48,46 - 50 tahun,1 tahun s/d 2 tahun 11 bulan,1 minggu 2 kali atau lebih,Menikah,3 anak,SLTA,Pegawai/Karyawan Swasta,B : Rp. 2.000.001 - Rp. 3.000.000,Rp. 4.500.000 - Rp 6.000.000,10.0,6.0,6.0,Promoter,6.0,1.0,5.0,Unknown,,3.0,6.0,6.0,6.0,6.0,6.0,,6.0,6.0,6.0,6.0,6.0,6.0,6.0,6.0,6.0,6.0,1.0,1.0,1.0,1.0,1.0,1.0,1.0
198502456,Jawa Barat,Garut,Garut 2,CS (KUOTA 50%),Wanita,53,50 tahun dan ke atas,1 tahun s/d 2 tahun 11 bulan,1 bulan sekali,Menikah,> 4 anak,Sarjana (S1),Pegawai Negeri Sipil (Guru),C1 : Rp. 1.500.001 - Rp. 2.000.000,Rp. 3.000.001 - Rp. 4.500.000,10.0,6.0,6.0,Promoter,6.0,1.0,5.0,Unknown,,,6.0,6.0,6.0,6.0,6.0,,6.0,6.0,6.0,6.0,6.0,6.0,6.0,6.0,6.0,6.0,1.0,1.0,1.0,1.0,1.0,1.0,1.0
198502527,Jawa Timur,Surabaya,Surabaya 1,CS (KUOTA 50%),Wanita,37,36 - 40 tahun,1 tahun s/d 2 tahun 11 bulan,1 bulan sekali,Belum menikah,Tidak memiliki anak,Akademi/D3,Pegawai/Karyawan Swasta,A2 : Rp. 3.000.001 - Rp. 4.500.000,Rp 6.000.001 - Rp 7.500.000,9.0,6.0,6.0,Promoter,5.222222222222222,1.1428571428571428,4.079365079365079,Unknown,,,6.0,6.0,5.0,6.0,6.0,,6.0,5.0,5.0,6.0,6.0,5.0,5.0,5.0,5.0,5.0,1.0,1.0,1.0,1.0,1.0,2.0,1.0
198503459,Jawa Barat,Bogor,Bogor 4,CS (KUOTA 50%),Pria,28,26 - 30 tahun,1 tahun s/d 2 tahun 11 bulan,1 bulan sekali,Menikah,Tidak memiliki anak,SLTA,Tenaga Honorer,A1 : Rp. 4.500.000 - Rp 6.000.000,Rp 20.000.001 - Rp 25.000.000,4.0,4.0,5.0,Detractor,3.4444444444444446,1.0,2.4444444444444446,Unknown,,,5.0,5.0,6.0,5.0,5.0,,4.0,4.0,5.0,3.0,3.0,5.0,1.0,4.0,1.0,5.0,1.0,1.0,1.0,1.0,1.0,1.0,1.0
198503503,Jawa Barat,Bogor,Bogor 3,Teller (KUOTA 50%),Pria,25,20 - 25 tahun,1 tahun s/d 2 tahun 11 bulan,2 minggu sekali,Belum menikah,Tidak memiliki anak,SLTA,Pegawai/Karyawan Swasta,A1 : Rp. 4.500.000 - Rp 6.000.000,Rp 6.000.001 - Rp 7.500.000,10.0,6.0,6.0,Promoter,6.0,1.0,5.0,Unknown,,,6.0,6.0,6.0,6.0,6.0,6.0,,6.0,6.0,6.0,6.0,6.0,6.0,6.0,6.0,6.0,1.0,1.0,1.0,1.0,1.0,1.0,1.0
198503522,Jawa Timur,Surabaya,Surabaya 1,Teller (KUOTA 50%),Wanita,28,26 - 30 tahun,3 tahun s/d 4 tahun 11 bulan,1 bulan sekali,Belum menikah,Tidak memiliki anak,SLTA,Pegawai/Karyawan Swasta,A2 : Rp. 3.000.001 - Rp. 4.500.000,Rp. 4.500.000 - Rp 6.000.000,10.0,6.0,6.0,Promoter,5.111111111111111,1.0,4.111111111111111,Unknown,,,5.0,5.0,5.0,6.0,6.0,6.0,6.0,5.0,5.0,6.0,5.0,5.0,5.0,5.0,5.0,5.0,1.0,1.0,1.0,1.0,1.0,1.0,1.0
198503799,DKI Jakarta,Jakarta Timur,Jakarta Timur 2,CS (KUOTA 50%),Wanita,50,46 - 50 tahun,3 tahun s/d 4 tahun 11 bulan,1 bulan sekali,Menikah,3 anak,SLTA,Ibu Rumah Tangga,A1.1 : Rp 6.000.001 - Rp 7.500.000,Rp 6.000.001 - Rp 7.500.000,8.0,6.0,6.0,Passive,6.0,1.7142857142857142,4.285714285714286,Unknown,,,6.0,6.0,6.0,6.0,6.0,,6.0,6.0,6.0,6.0,6.0,6.0,6.0,6.0,6.0,6.0,6.0,1.0,1.0,1.0,1.0,1.0,1.0
198503960,Kalimantan Timur,Balikpapan,Balikpapan 1,Teller (KUOTA 50%),Wanita,19,17 -19 tahun,1 tahun s/d 2 tahun 11 bulan,1 bulan sekali,Belum menikah,Tidak memiliki anak,SLTA,Mahasiswa/i,C2 : Rp. 1.000.001 - Rp. 1.500.000,Rp. 4.500.000 - Rp 6.000.000,7.0,5.0,5.0,Passive,5.0,1.0,4.0,Unknown,,,5.0,5.0,6.0,6.0,6.0,6.0,,5.0,5.0,5.0,5.0,5.0,5.0,5.0,5.0,5.0,1.0,1.0,1.0,1.0,1.0,1.0,1.0
198504163,Banten,Tangerang Selatan,Tangerang Selatan 2,Teller (KUOTA 50%),Pria,39,36 - 40 tahun,5 tahun atau lebih,1 minggu 2 kali atau lebih,Menikah,1 anak,Sarjana (S1),Wiraswasta/Pengusaha/Pedagang,A1.4 : Rp 10.500.0001 - Rp 15.000.000,Rp 20.000.001 - Rp 25.000.000,10.0,6.0,6.0,Promoter,6.0,1.0,5.0,Loyal Champion,4.0,3.0,6.0,6.0,6.0,6.0,6.0,6.0,,6.0,6.0,6.0,6.0,6.0,6.0,6.0,6.0,6.0,1.0,1.0,1.0,1.0,1.0,1.0,1.0
198504178,Jawa Barat,Pangandaran,Pangandaran 2,CS (KUOTA 50%),Pria,34,31 - 35 tahun,1 tahun s/d 2 tahun 11 bulan,1 minggu sekali,Menikah,2 anak,SLTA,Pegawai/Karyawan Swasta,A2 : Rp. 3.000.001 - Rp. 4.500.000,Rp. 3.000.001 - Rp. 4.500.000,10.0,6.0,6.0,Promoter,6.0,1.0,5.0,Unknown,,,6.0,6.0,6.0,6.0,6.0,,6.0,6.0,6.0,6.0,6.0,6.0,6.0,6.0,6.0,6.0,1.0,1.0,1.0,1.0,1.0,1.0,1.0
198504517,Jawa Barat,Kuningan,Kuningan 1,CS (KUOTA 50%),Pria,41,41 - 45 tahun,3 tahun s/d 4 tahun 11 bulan,1 minggu 2 kali atau lebih,Menikah,3 anak,SLTA,Wiraswasta/Pengusaha/Pedagang,B : Rp. 2.000.001 - Rp. 3.000.000,Rp. 4.500.000 - Rp 6.000.000,10.0,6.0,6.0,Promoter,6.0,1.0,5.0,Unknown,,3.0,6.0,6.0,6.0,6.0,6.0,,6.0,6.0,6.0,6.0,6.0,6.0,6.0,6.0,6.0,6.0,1.0,1.0,1.0,1.0,1.0,1.0,1.0
198505217,Banten,Tangerang Selatan,Tangerang Selatan 2,Teller (KUOTA 50%),Pria,27,26 - 30 tahun,5 tahun atau lebih,1 minggu 2 kali atau lebih,Belum menikah,Tidak memiliki anak,Sarjana (S1),Pegawai/Karyawan Swasta,C1 : Rp. 1.500.001 - Rp. 2.000.000,Rp. 4.500.000 - Rp 6.000.000,10.0,6.0,6.0,Promoter,6.0,1.0,5.0,Loyal Champion,4.0,3.0,6.0,6.0,6.0,6.0,6.0,6.0,,6.0,6.0,6.0,6.0,6.0,6.0,6.0,6.0,6.0,1.0,1.0,1.0,1.0,1.0,1.0,1.0
198505345,Banten,Tangerang Selatan,Tangerang Selatan 2,CS (KUOTA 50%),Pria,30,26 - 30 tahun,3 tahun s/d 4 tahun 11 bulan,1 minggu 2 kali atau lebih,Menikah,2 anak,Akademi/D3,Wiraswasta/Pengusaha/Pedagang,A1.1 : Rp 6.000.001 - Rp 7.500.000,Rp 6.000.001 - Rp 7.500.000,10.0,6.0,6.0,Promoter,6.0,3.5714285714285716,2.4285714285714284,Unknown,,3.0,6.0,6.0,6.0,6.0,6.0,6.0,6.0,6.0,6.0,6.0,6.0,6.0,6.0,6.0,6.0,6.0,6.0,1.0,4.0,1.0,6.0,6.0,1.0
198505545,Jawa Barat,Kuningan,Kuningan 1,Teller (KUOTA 50%),Pria,41,41 - 45 tahun,3 tahun s/d 4 tahun 11 bulan,1 minggu 2 kali atau lebih,Menikah,2 anak,SLTA,Wiraswasta/Pengusaha/Pedagang,B : Rp. 2.000.001 - Rp. 3.000.000,Rp. 3.000.001 - Rp. 4.500.000,10.0,6.0,6.0,Promoter,6.0,1.0,5.0,Unknown,,3.0,6.0,6.0,6.0,6.0,6.0,6.0,,6.0,6.0,6.0,6.0,6.0,6.0,6.0,6.0,6.0,1.0,1.0,1.0,1.0,1.0,1.0,1.0
198505800,Jawa Barat,Pangandaran,Pangandaran 2,CS (KUOTA 50%),Wanita,20,20 - 25 tahun,1 tahun s/d 2 tahun 11 bulan,1 minggu sekali,Belum menikah,Tidak memiliki anak,SLTA,Pegawai/Karyawan Swasta,C1 : Rp. 1.500.001 - Rp. 2.000.000,Rp. 4.500.000 - Rp 6.000.000,10.0,6.0,6.0,Promoter,5.444444444444445,1.0,4.444444444444445,Unknown,,,6.0,6.0,6.0,6.0,6.0,,6.0,6.0,6.0,6.0,6.0,6.0,1.0,6.0,6.0,6.0,1.0,1.0,1.0,1.0,1.0,1.0,1.0
198506174,Jawa Barat,Purwakarta,Purwakarta 1,CS (KUOTA 50%),Wanita,34,31 - 35 tahun,3 tahun s/d 4 tahun 11 bulan,2 minggu sekali,Menikah,2 anak,SLTA,Wiraswasta/Pengusaha/Pedagang,B : Rp. 2.000.001 - Rp. 3.000.000,Rp. 4.500.000 - Rp 6.000.000,10.0,6.0,6.0,Promoter,6.0,1.0,5.0,Unknown,,,6.0,6.0,6.0,6.0,6.0,,6.0,6.0,6.0,6.0,6.0,6.0,6.0,6.0,6.0,6.0,1.0,1.0,1.0,1.0,1.0,1.0,1.0
198506534,Banten,Tangerang Selatan,Tangerang Selatan 2,Teller (KUOTA 50%),Pria,34,31 - 35 tahun,5 tahun atau lebih,1 minggu 2 kali atau lebih,Menikah,2 anak,Sarjana (S1),Pegawai/Karyawan Swasta,A1 : Rp. 4.500.000 - Rp 6.000.000,Rp. 4.500.000 - Rp 6.000.000,10.0,6.0,6.0,Promoter,6.0,1.0,5.0,Loyal Champion,4.0,3.0,6.0,6.0,6.0,6.0,6.0,6.0,,6.0,6.0,6.0,6.0,6.0,6.0,6.0,6.0,6.0,1.0,1.0,1.0,1.0,1.0,1.0,1.0
198506635,Jawa Barat,Kuningan,Kuningan 1,CS (KUOTA 50%),Pria,28,26 - 30 tahun,1 tahun s/d 2 tahun 11 bulan,1 minggu 2 kali atau lebih,Menikah,1 anak,SLTA,Wiraswasta/Pengusaha/Pedagang,C1 : Rp. 1.500.001 - Rp. 2.000.000,Rp. 3.000.001 - Rp. 4.500.000,10.0,6.0,6.0,Promoter,6.0,1.0,5.0,Unknown,,3.0,6.0,6.0,6.0,6.0,6.0,,6.0,6.0,6.0,6.0,6.0,6.0,6.0,6.0,6.0,6.0,1.0,1.0,1.0,1.0,1.0,1.0,1.0
198506908,Banten,Tangerang,Tangerang 4,Teller (KUOTA 50%),Wanita,43,41 - 45 tahun,5 tahun atau lebih,2 minggu sekali,Menikah,2 anak,SLTA,Wiraswasta/Pengusaha/Pedagang,A1 : Rp. 4.500.000 - Rp 6.000.000,Rp 7.500.001- Rp 9.000.000,10.0,6.0,6.0,Promoter,6.0,5.857142857142857,0.14285714285714324,Satisfied,4.0,,6.0,6.0,6.0,6.0,6.0,6.0,6.0,6.0,6.0,6.0,6.0,6.0,6.0,6.0,6.0,6.0,6.0,6.0,6.0,6.0,6.0,6.0,5.0
198506915,Banten,Tangerang Selatan,Tangerang Selatan 2,Teller (KUOTA 50%),Pria,30,26 - 30 tahun,3 tahun s/d 4 tahun 11 bulan,2 minggu sekali,Menikah,1 anak,SLTA,Pegawai/Karyawan Swasta,B : Rp. 2.000.001 - Rp. 3.000.000,Rp 15.000.001- Rp 20.000.000,10.0,6.0,6.0,Promoter,6.0,1.0,5.0,Unknown,,,6.0,6.0,6.0,6.0,6.0,6.0,,6.0,6.0,6.0,6.0,6.0,6.0,6.0,6.0,6.0,1.0,1.0,1.0,1.0,1.0,1.0,1.0
198506960,Jawa Barat,Pangandaran,Pangandaran 2,Teller (KUOTA 50%),Pria,20,20 - 25 tahun,1 tahun s/d 2 tahun 11 bulan,1 minggu sekali,Belum menikah,Tidak memiliki anak,SLTA,Pegawai/Karyawan Swasta,A2 : Rp. 3.000.001 - Rp. 4.500.000,Rp. 4.500.000 - Rp 6.000.000,10.0,6.0,6.0,Promoter,6.0,1.0,5.0,Unknown,,,6.0,6.0,6.0,6.0,6.0,6.0,,6.0,6.0,6.0,6.0,6.0,6.0,6.0,6.0,6.0,1.0,1.0,1.0,1.0,1.0,1.0,1.0
198507079,Jawa Barat,Pangandaran,Pangandaran 2,Teller (KUOTA 50%),Pria,31,31 - 35 tahun,5 tahun atau lebih,1 minggu sekali,Menikah,1 anak,Sarjana (S1),Lainnya,A2 : Rp. 3.000.001 - Rp. 4.500.000,Rp. 3.000.001 - Rp. 4.500.000,10.0,6.0,6.0,Promoter,6.0,1.0,5.0,Satisfied,4.0,,6.0,6.0,6.0,6.0,6.0,6.0,,6.0,6.0,6.0,6.0,6.0,6.0,6.0,6.0,6.0,1.0,1.0,1.0,1.0,1.0,1.0,1.0
198507080,Jawa Barat,Pangandaran,Pangandaran 2,CS (KUOTA 50%),Wanita,31,31 - 35 tahun,1 tahun s/d 2 tahun 11 bulan,1 bulan sekali,Menikah,1 anak,SLTA,Ibu Rumah Tangga,C1 : Rp. 1.500.001 - Rp. 2.000.000,Rp. 2.000.001 - Rp. 3.000.000,10.0,6.0,6.0,Promoter,6.0,1.0,5.0,Unknown,,,6.0,6.0,6.0,6.0,6.0,,6.0,6.0,6.0,6.0,6.0,6.0,6.0,6.0,6.0,6.0,1.0,1.0,1.0,1.0,1.0,1.0,1.0
198507081,Jawa Barat,Pangandaran,Pangandaran 2,CS (KUOTA 50%),Wanita,22,20 - 25 tahun,5 tahun atau lebih,1 minggu 2 kali atau lebih,Belum menikah,Tidak memiliki anak,SLTA,Pegawai Negeri Sipil (Bukan Guru),A2 : Rp. 3.000.001 - Rp. 4.500.000,Rp 7.500.001- Rp 9.000.000,9.0,6.0,6.0,Promoter,6.0,1.0,5.0,Loyal Champion,4.0,3.0,6.0,6.0,6.0,6.0,6.0,,6.0,6.0,6.0,6.0,6.0,6.0,6.0,6.0,6.0,6.0,1.0,1.0,1.0,1.0,1.0,1.0,1.0
198507659,DKI Jakarta,Jakarta Selatan,Jakarta Selatan 3,Teller (KUOTA 50%),Pria,37,36 - 40 tahun,3 tahun s/d 4 tahun 11 bulan,1 bulan sekali,Menikah,2 anak,SLTA,Pegawai/Karyawan Swasta,A1 : Rp. 4.500.000 - Rp 6.000.000,Rp 7.500.001- Rp 9.000.000,10.0,6.0,6.0,Promoter,6.0,1.0,5.0,Unknown,,,6.0,6.0,6.0,6.0,6.0,6.0,,6.0,6.0,6.0,6.0,6.0,6.0,6.0,6.0,6.0,1.0,1.0,1.0,1.0,1.0,1.0,1.0
198507660,DKI Jakarta,Jakarta Timur,Jakarta Timur 2,CS (KUOTA 50%),Pria,37,36 - 40 tahun,5 tahun atau lebih,1 bulan sekali,Menikah,2 anak,SLTA,Pegawai/Karyawan Swasta,A1.1 : Rp 6.000.001 - Rp 7.500.000,Rp 9.000.001- Rp 10.500.000,10.0,6.0,6.0,Promoter,6.0,1.0,5.0,Satisfied,4.0,,6.0,6.0,6.0,6.0,6.0,,6.0,6.0,6.0,6.0,6.0,6.0,6.0,6.0,6.0,6.0,1.0,1.0,1.0,1.0,1.0,1.0,1.0
198508771,Banten,Tangerang,Tangerang 4,CS (KUOTA 50%),Pria,46,46 - 50 tahun,3 tahun s/d 4 tahun 11 bulan,2 minggu sekali,Menikah,3 anak,SLTA,Pegawai/Karyawan Swasta,A2 : Rp. 3.000.001 - Rp. 4.500.000,Rp 6.000.001 - Rp 7.500.000,9.0,6.0,6.0,Promoter,6.0,6.0,0.0,Unknown,,,6.0,6.0,6.0,6.0,6.0,,6.0,6.0,6.0,6.0,6.0,6.0,6.0,6.0,6.0,6.0,6.0,6.0,6.0,6.0,6.0,6.0,6.0
198508860,Jawa Barat,Garut,Garut 2,Teller (KUOTA 50%),Pria,39,36 - 40 tahun,1 tahun s/d 2 tahun 11 bulan,2 minggu sekali,Menikah,2 anak,SLTP,Wiraswasta/Pengusaha/Pedagang,B : Rp. 2.000.001 - Rp. 3.000.000,Rp. 2.000.001 - Rp. 3.000.000,10.0,6.0,6.0,Promoter,6.0,1.0,5.0,Unknown,,,6.0,6.0,6.0,6.0,6.0,6.0,,6.0,6.0,6.0,6.0,6.0,6.0,6.0,6.0,6.0,1.0,1.0,1.0,1.0,1.0,1.0,1.0
198509408,Kepulauan Riau,Tanjung Pinang,Tanjung Pinang 1,CS (KUOTA 50%),Pria,28,26 - 30 tahun,3 tahun s/d 4 tahun 11 bulan,1 minggu sekali,Menikah,Tidak memiliki anak,Sarjana (S1),Wiraswasta/Pengusaha/Pedagang,B : Rp. 2.000.001 - Rp. 3.000.000,Rp 7.500.001- Rp 9.000.000,10.0,6.0,6.0,Promoter,6.0,1.0,5.0,Unknown,,,6.0,6.0,6.0,5.0,6.0,6.0,6.0,6.0,6.0,6.0,6.0,6.0,6.0,6.0,6.0,6.0,1.0,1.0,1.0,1.0,1.0,1.0,1.0
198512385,DKI Jakarta,Jakarta Pusat,Jakarta Pusat 1,Teller (KUOTA 50%),Wanita,60,50 tahun dan ke atas,3 tahun s/d 4 tahun 11 bulan,1 bulan sekali,Menikah,2 anak,SLTA,Wiraswasta/Pengusaha/Pedagang,A1.1 : Rp 6.000.001 - Rp 7.500.000,Rp 9.000.001- Rp 10.500.000,8.0,5.0,5.0,Passive,5.0,5.0,0.0,Unknown,,,5.0,5.0,5.0,5.0,5.0,5.0,,5.0,5.0,5.0,5.0,5.0,5.0,5.0,5.0,5.0,5.0,5.0,5.0,5.0,5.0,5.0,5.0
198513462,Jawa Timur,Surabaya,Surabaya 2,Teller (KUOTA 50%),Wanita,37,36 - 40 tahun,3 tahun s/d 4 tahun 11 bulan,1 bulan sekali,Menikah,2 anak,Sarjana (S1),Pegawai/Karyawan Swasta,A1 : Rp. 4.500.000 - Rp 6.000.000,Rp 7.500.001- Rp 9.000.000,8.0,6.0,6.0,Passive,5.444444444444445,1.1428571428571428,4.301587301587302,Unknown,,,6.0,6.0,6.0,6.0,5.0,6.0,,6.0,6.0,6.0,6.0,6.0,6.0,6.0,1.0,6.0,1.0,1.0,1.0,1.0,1.0,2.0,1.0
198515320,Jawa Barat,Karawang,Karawang 2,Teller (KUOTA 50%),Pria,47,46 - 50 tahun,5 tahun atau lebih,1 minggu 2 kali atau lebih,Menikah,3 anak,Sarjana (S1),Wiraswasta/Pengusaha/Pedagang,A2 : Rp. 3.000.001 - Rp. 4.500.000,Rp 20.000.001 - Rp 25.000.000,10.0,6.0,6.0,Promoter,6.0,1.0,5.0,Loyal Champion,4.0,3.0,6.0,6.0,6.0,6.0,6.0,6.0,,6.0,6.0,6.0,6.0,6.0,6.0,6.0,6.0,6.0,1.0,1.0,1.0,1.0,1.0,1.0,1.0
198517552,Sulawesi Selatan,Makassar,Makassar 1,CS (KUOTA 50%),Wanita,25,20 - 25 tahun,3 tahun s/d 4 tahun 11 bulan,1 bulan sekali,Menikah,1 anak,SLTA,Ibu Rumah Tangga,A2 : Rp. 3.000.001 - Rp. 4.500.000,Rp. 4.500.000 - Rp 6.000.000,10.0,6.0,6.0,Promoter,6.0,1.0,5.0,Unknown,,,6.0,6.0,6.0,6.0,6.0,,6.0,6.0,6.0,6.0,6.0,6.0,6.0,6.0,6.0,6.0,1.0,1.0,1.0,1.0,1.0,1.0,1.0
198519701,DKI Jakarta,Jakarta Pusat,Jakarta Pusat 1,Teller (KUOTA 50%),Pria,38,36 - 40 tahun,3 tahun s/d 4 tahun 11 bulan,1 bulan sekali,Menikah,1 anak,SLTA,Lainnya,A2 : Rp. 3.000.001 - Rp. 4.500.000,Rp 7.500.001- Rp 9.000.000,9.0,6.0,6.0,Promoter,6.0,1.0,5.0,Unknown,,,6.0,6.0,6.0,6.0,6.0,6.0,,6.0,6.0,6.0,6.0,6.0,6.0,6.0,6.0,6.0,1.0,1.0,1.0,1.0,1.0,1.0,1.0
198521207,DKI Jakarta,Jakarta Pusat,Jakarta Pusat 1,Teller (KUOTA 50%),Pria,40,36 - 40 tahun,3 tahun s/d 4 tahun 11 bulan,1 bulan sekali,Menikah,2 anak,SLTA,Pegawai/Karyawan Swasta,A2 : Rp. 3.000.001 - Rp. 4.500.000,Rp 6.000.001 - Rp 7.500.000,9.0,6.0,6.0,Promoter,6.0,1.0,5.0,Unknown,,,6.0,6.0,6.0,6.0,6.0,6.0,6.0,6.0,6.0,6.0,6.0,6.0,6.0,6.0,6.0,6.0,1.0,1.0,1.0,1.0,1.0,1.0,1.0
198521696,Banten,Tangerang,Tangerang 1,CS (KUOTA 50%),Wanita,29,26 - 30 tahun,3 tahun s/d 4 tahun 11 bulan,2 minggu sekali,Belum menikah,Tidak memiliki anak,Sarjana (S1),Pengacara/Advokat/Notaris,A1 : Rp. 4.500.000 - Rp 6.000.000,Rp 10.500.0001 - Rp 15.000.000,10.0,6.0,6.0,Promoter,5.333333333333333,1.0,4.333333333333333,Unknown,,,6.0,6.0,6.0,6.0,6.0,6.0,6.0,6.0,6.0,6.0,6.0,6.0,1.0,5.0,6.0,6.0,1.0,1.0,1.0,1.0,1.0,1.0,1.0
198521697,Banten,Tangerang,Tangerang 4,CS (KUOTA 50%),Wanita,32,31 - 35 tahun,1 tahun s/d 2 tahun 11 bulan,1 minggu sekali,Belum menikah,Tidak memiliki anak,Sarjana (S1),Pegawai Negeri Sipil (Bukan Guru),A2 : Rp. 3.000.001 - Rp. 4.500.000,Rp 6.000.001 - Rp 7.500.000,9.0,6.0,6.0,Promoter,5.222222222222222,1.7142857142857142,3.507936507936508,Unknown,,,6.0,6.0,6.0,6.0,6.0,6.0,6.0,5.0,6.0,6.0,6.0,6.0,1.0,6.0,6.0,5.0,1.0,1.0,1.0,1.0,6.0,1.0,1.0
198523002,DKI Jakarta,Jakarta Pusat,Jakarta Pusat 1,Teller (KUOTA 50%),Pria,26,26 - 30 tahun,1 tahun s/d 2 tahun 11 bulan,2 minggu sekali,Belum menikah,Tidak memiliki anak,SLTA,Pegawai/Karyawan Swasta,B : Rp. 2.000.001 - Rp. 3.000.000,Rp. 3.000.001 - Rp. 4.500.000,9.0,6.0,6.0,Promoter,6.0,6.0,0.0,Unknown,,,6.0,6.0,6.0,6.0,6.0,6.0,,6.0,6.0,6.0,6.0,6.0,6.0,6.0,6.0,6.0,6.0,6.0,6.0,6.0,6.0,6.0,6.0
198524607,DKI Jakarta,Jakarta Selatan,Jakarta Selatan 3,CS (KUOTA 50%),Pria,35,31 - 35 tahun,3 tahun s/d 4 tahun 11 bulan,1 bulan sekali,Menikah,3 anak,SLTA,Pegawai/Karyawan Swasta,A2 : Rp. 3.000.001 - Rp. 4.500.000,Rp. 4.500.000 - Rp 6.000.000,8.0,6.0,6.0,Passive,6.0,1.0,5.0,Unknown,,,6.0,6.0,6.0,6.0,6.0,,6.0,6.0,6.0,6.0,6.0,6.0,6.0,6.0,6.0,6.0,1.0,1.0,1.0,1.0,1.0,1.0,1.0
198524608,DKI Jakarta,Jakarta Selatan,Jakarta Selatan 3,Teller (KUOTA 50%),Pria,60,50 tahun dan ke atas,5 tahun atau lebih,1 minggu sekali,Menikah,2 anak,SLTA,Pensiunan,A1 : Rp. 4.500.000 - Rp 6.000.000,Rp 6.000.001 - Rp 7.500.000,9.0,6.0,6.0,Promoter,6.0,1.7142857142857142,4.285714285714286,Satisfied,4.0,,6.0,6.0,6.0,6.0,6.0,6.0,,6.0,6.0,6.0,6.0,6.0,6.0,6.0,6.0,6.0,1.0,1.0,6.0,1.0,1.0,1.0,1.0
198531326,Banten,Tangerang,Tangerang 1,CS (KUOTA 50%),Wanita,34,31 - 35 tahun,5 tahun atau lebih,2 minggu sekali,Menikah,1 anak,Akademi/D3,Pegawai/Karyawan Swasta,A2 : Rp. 3.000.001 - Rp. 4.500.000,Rp 7.500.001- Rp 9.000.000,10.0,6.0,6.0,Promoter,5.888888888888889,1.0,4.888888888888889,Satisfied,4.0,,6.0,6.0,6.0,6.0,6.0,6.0,6.0,6.0,6.0,6.0,6.0,6.0,6.0,5.0,6.0,6.0,1.0,1.0,1.0,1.0,1.0,1.0,1.0
198535034,DKI Jakarta,Jakarta Timur,Jakarta Timur 2,Teller (KUOTA 50%),Pria,50,46 - 50 tahun,5 tahun atau lebih,2 minggu sekali,Menikah,2 anak,SLTA,Pensiunan,A2 : Rp. 3.000.001 - Rp. 4.500.000,Rp 6.000.001 - Rp 7.500.000,10.0,6.0,6.0,Promoter,6.0,2.4285714285714284,3.5714285714285716,Satisfied,4.0,,6.0,6.0,6.0,6.0,6.0,6.0,,6.0,6.0,6.0,6.0,6.0,6.0,6.0,6.0,6.0,1.0,1.0,1.0,6.0,1.0,6.0,1.0
198535035,DKI Jakarta,Jakarta Timur,Jakarta Timur 2,Teller (KUOTA 50%),Pria,51,50 tahun dan ke atas,5 tahun atau lebih,1 bulan sekali,Menikah,3 anak,SLTA,Pensiunan,A2 : Rp. 3.000.001 - Rp. 4.500.000,Rp. 4.500.000 - Rp 6.000.000,10.0,6.0,6.0,Promoter,6.0,1.7142857142857142,4.285714285714286,Satisfied,4.0,,6.0,6.0,6.0,6.0,6.0,6.0,,6.0,6.0,6.0,6.0,6.0,6.0,6.0,6.0,6.0,1.0,1.0,1.0,1.0,6.0,1.0,1.0
198535829,Sulawesi Selatan,Makassar,Makassar 1,Teller (KUOTA 50%),Wanita,23,20 - 25 tahun,1 tahun s/d 2 tahun 11 bulan,1 bulan sekali,Belum menikah,Tidak memiliki anak,Sarjana (S1),Pegawai/Karyawan Swasta,B : Rp. 2.000.001 - Rp. 3.000.000,Rp. 4.500.000 - Rp 6.000.000,10.0,6.0,6.0,Promoter,6.0,1.0,5.0,Unknown,,,6.0,6.0,6.0,6.0,6.0,6.0,,6.0,6.0,6.0,6.0,6.0,6.0,6.0,6.0,6.0,1.0,1.0,1.0,1.0,1.0,1.0,1.0
198557096,Sulawesi Selatan,Gowa,Gowa 1,CS (KUOTA 50%),Pria,59,50 tahun dan ke atas,3 tahun s/d 4 tahun 11 bulan,1 bulan sekali,Menikah,2 anak,SLTA,Pensiunan,A2 : Rp. 3.000.001 - Rp. 4.500.000,Rp. 4.500.000 - Rp 6.000.000,10.0,6.0,6.0,Promoter,6.0,1.0,5.0,Unknown,,,6.0,6.0,6.0,6.0,6.0,,6.0,6.0,6.0,6.0,6.0,6.0,6.0,6.0,6.0,6.0,1.0,1.0,1.0,1.0,1.0,1.0,1.0
198561376,Jawa Barat,Sumedang,Sumedang 4,CS (KUOTA 50%),Pria,38,36 - 40 tahun,5 tahun atau lebih,2 minggu sekali,Menikah,1 anak,Sarjana (S1),Pegawai Negeri Sipil (Bukan Guru),A2 : Rp. 3.000.001 - Rp. 4.500.000,Rp 6.000.001 - Rp 7.500.000,9.0,6.0,6.0,Promoter,6.0,1.0,5.0,Satisfied,4.0,,6.0,6.0,6.0,6.0,6.0,,6.0,6.0,6.0,6.0,6.0,6.0,6.0,6.0,6.0,6.0,1.0,1.0,1.0,1.0,1.0,1.0,1.0
198561377,Jawa Barat,Sumedang,Sumedang 4,CS (KUOTA 50%),Pria,38,36 - 40 tahun,5 tahun atau lebih,2 minggu sekali,Menikah,1 anak,Sarjana (S1),Pegawai/Karyawan Swasta,A2 : Rp. 3.000.001 - Rp. 4.500.000,Rp 6.000.001 - Rp 7.500.000,9.0,6.0,6.0,Promoter,6.0,1.0,5.0,Satisfied,4.0,,6.0,5.0,6.0,6.0,6.0,,6.0,6.0,6.0,6.0,6.0,6.0,6.0,6.0,6.0,6.0,1.0,1.0,1.0,1.0,1.0,1.0,1.0
198562081,DKI Jakarta,Jakarta Barat,Jakarta Barat 3,Teller (KUOTA 50%),Pria,22,20 - 25 tahun,3 tahun s/d 4 tahun 11 bulan,1 minggu 2 kali atau lebih,Menikah,1 anak,Sarjana (S1),Wiraswasta/Pengusaha/Pedagang,A1.3 : Rp 9.000.001- Rp 10.500.000,Rp 15.000.001- Rp 20.000.000,9.0,6.0,6.0,Promoter,5.444444444444445,2.4285714285714284,3.0158730158730163,Unknown,,3.0,6.0,6.0,6.0,6.0,6.0,6.0,,5.0,6.0,6.0,6.0,5.0,5.0,6.0,5.0,5.0,1.0,1.0,1.0,1.0,1.0,6.0,6.0
198564355,DKI Jakarta,Jakarta Selatan,Jakarta Selatan 2,CS (KUOTA 50%),Pria,25,20 - 25 tahun,1 tahun s/d 2 tahun 11 bulan,2 minggu sekali,Belum menikah,Tidak memiliki anak,SLTA,Wiraswasta/Pengusaha/Pedagang,B : Rp. 2.000.001 - Rp. 3.000.000,Rp 6.000.001 - Rp 7.500.000,9.0,6.0,6.0,Promoter,6.0,2.4285714285714284,3.5714285714285716,Unknown,,,6.0,5.0,6.0,6.0,6.0,,6.0,6.0,6.0,6.0,6.0,6.0,6.0,6.0,6.0,6.0,2.0,2.0,1.0,2.0,6.0,2.0,2.0
198565090,DKI Jakarta,Jakarta Barat,Jakarta Barat 3,CS (KUOTA 50%),Wanita,48,46 - 50 tahun,3 tahun s/d 4 tahun 11 bulan,1 minggu 2 kali atau lebih,Menikah,1 anak,SLTA,Pegawai/Karyawan Swasta,A1.1 : Rp 6.000.001 - Rp 7.500.000,Rp 9.000.001- Rp 10.500.000,9.0,6.0,6.0,Promoter,5.888888888888889,6.0,-0.11111111111111072,Unknown,,3.0,6.0,6.0,6.0,6.0,6.0,,6.0,6.0,6.0,6.0,6.0,5.0,6.0,6.0,6.0,6.0,6.0,6.0,6.0,6.0,6.0,6.0,6.0
198565246,DKI Jakarta,Jakarta Selatan,Jakarta Selatan 2,CS (KUOTA 50%),Pria,49,46 - 50 tahun,5 tahun atau lebih,2 minggu sekali,Belum menikah,1 anak,Sarjana (S1),Guru (Non PNS),A1.4 : Rp 10.500.0001 - Rp 15.000.000,Rp 15.000.001- Rp 20.000.000,8.0,6.0,6.0,Passive,6.0,1.8571428571428572,4.142857142857142,Passive,4.0,,6.0,6.0,6.0,6.0,5.0,,6.0,6.0,6.0,6.0,6.0,6.0,6.0,6.0,6.0,6.0,1.0,2.0,2.0,2.0,2.0,2.0,2.0
198565419,Jawa Timur,Surabaya,Surabaya 1,Teller (KUOTA 50%),Wanita,23,20 - 25 tahun,3 tahun s/d 4 tahun 11 bulan,2 minggu sekali,Belum menikah,Tidak memiliki anak,Sarjana (S1),Pegawai/Karyawan Swasta,B : Rp. 2.000.001 - Rp. 3.000.000,Rp. 4.500.000 - Rp 6.000.000,7.0,4.0,6.0,Passive,4.444444444444445,2.2857142857142856,2.158730158730159,Unknown,,,5.0,5.0,4.0,5.0,5.0,4.0,,5.0,4.0,4.0,4.0,5.0,5.0,4.0,4.0,5.0,2.0,2.0,2.0,2.0,4.0,2.0,2.0
198565533,Banten,Tangerang,Tangerang 1,Teller (KUOTA 50%),Wanita,27,26 - 30 tahun,1 tahun s/d 2 tahun 11 bulan,2 minggu sekali,Menikah,2 anak,SLTA,Ibu Rumah Tangga,C1 : Rp. 1.500.001 - Rp. 2.000.000,Rp. 4.500.000 - Rp 6.000.000,10.0,6.0,6.0,Promoter,5.888888888888889,1.0,4.888888888888889,Unknown,,,6.0,6.0,6.0,6.0,6.0,6.0,6.0,6.0,6.0,6.0,6.0,6.0,5.0,6.0,6.0,6.0,1.0,1.0,1.0,1.0,1.0,1.0,1.0
198565896,DKI Jakarta,Jakarta Barat,Jakarta Barat 3,CS (KUOTA 50%),Pria,38,36 - 40 tahun,5 tahun atau lebih,1 minggu 2 kali atau lebih,Menikah,Tidak memiliki anak,Sarjana (S1),Pegawai/Karyawan Swasta,A1.3 : Rp 9.000.001- Rp 10.500.000,Rp 10.500.0001 - Rp 15.000.000,9.0,6.0,6.0,Promoter,5.888888888888889,1.7142857142857142,4.174603174603175,Loyal Champion,4.0,3.0,6.0,6.0,6.0,6.0,6.0,,6.0,6.0,6.0,6.0,6.0,6.0,6.0,6.0,5.0,6.0,1.0,1.0,1.0,1.0,1.0,6.0,1.0
198565954,Jawa Timur,Surabaya,Surabaya 1,Teller (KUOTA 50%),Wanita,54,50 tahun dan ke atas,5 tahun atau lebih,1 bulan sekali,Menikah,2 anak,Paska Sarjana (S2),Pegawai Negeri Sipil (Guru),A2 : Rp. 3.000.001 - Rp. 4.500.000,Rp 10.500.0001 - Rp 15.000.000,10.0,6.0,6.0,Promoter,5.0,1.5714285714285714,3.428571428571429,Satisfied,4.0,,5.0,5.0,5.0,6.0,6.0,6.0,,5.0,5.0,5.0,5.0,5.0,5.0,5.0,5.0,5.0,1.0,1.0,2.0,2.0,1.0,2.0,2.0
198567082,Jawa Timur,Surabaya,Surabaya 1,CS (KUOTA 50%),Pria,30,26 - 30 tahun,3 tahun s/d 4 tahun 11 bulan,1 minggu sekali,Belum menikah,Tidak memiliki anak,Sarjana (S1),Pegawai/Karyawan Swasta,A2 : Rp. 3.000.001 - Rp. 4.500.000,Rp. 4.500.000 - Rp 6.000.000,8.0,6.0,6.0,Passive,5.333333333333333,1.2857142857142858,4.0476190476190474,Unknown,,,5.0,5.0,5.0,6.0,6.0,,6.0,5.0,6.0,5.0,5.0,6.0,5.0,5.0,6.0,5.0,1.0,1.0,1.0,1.0,2.0,1.0,2.0
198567289,DKI Jakarta,Jakarta Barat,Jakarta Barat 5,CS (KUOTA 50%),Pria,28,26 - 30 tahun,3 tahun s/d 4 tahun 11 bulan,1 minggu 2 kali atau lebih,Menikah,2 anak,Akademi/D3,Pegawai/Karyawan Swasta,A1.1 : Rp 6.000.001 - Rp 7.500.000,Rp 7.500.001- Rp 9.000.000,8.0,6.0,6.0,Passive,5.777777777777778,1.0,4.777777777777778,Unknown,,3.0,5.0,6.0,6.0,6.0,6.0,,6.0,6.0,6.0,5.0,6.0,6.0,6.0,6.0,5.0,6.0,1.0,1.0,1.0,1.0,1.0,1.0,1.0
198568026,Banten,Tangerang,Tangerang 4,Teller (KUOTA 50%),Wanita,30,26 - 30 tahun,3 tahun s/d 4 tahun 11 bulan,1 bulan sekali,Menikah,1 anak,SLTA,Tenaga Honorer,B : Rp. 2.000.001 - Rp. 3.000.000,Rp. 4.500.000 - Rp 6.000.000,10.0,6.0,6.0,Promoter,5.444444444444445,1.0,4.444444444444445,Unknown,,,6.0,6.0,6.0,6.0,6.0,6.0,6.0,1.0,6.0,6.0,6.0,6.0,6.0,6.0,6.0,6.0,1.0,1.0,1.0,1.0,1.0,1.0,1.0
198568389,DKI Jakarta,Jakarta Barat,Jakarta Barat 5,CS (KUOTA 50%),Pria,25,20 - 25 tahun,3 tahun s/d 4 tahun 11 bulan,1 minggu sekali,Menikah,1 anak,Akademi/D3,Pegawai/Karyawan Swasta,A1.2 : Rp 7.500.001- Rp 9.000.000,Rp 10.500.0001 - Rp 15.000.000,9.0,6.0,6.0,Promoter,6.0,1.5714285714285714,4.428571428571429,Unknown,,,6.0,6.0,6.0,6.0,6.0,,6.0,6.0,6.0,6.0,6.0,6.0,6.0,6.0,6.0,6.0,1.0,1.0,1.0,5.0,1.0,1.0,1.0
198569553,DKI Jakarta,Jakarta Barat,Jakarta Barat 5,CS (KUOTA 50%),Pria,33,31 - 35 tahun,3 tahun s/d 4 tahun 11 bulan,1 minggu sekali,Menikah,2 anak,Akademi/D3,Pegawai/Karyawan Swasta,A1.3 : Rp 9.000.001- Rp 10.500.000,Rp 10.500.0001 - Rp 15.000.000,8.0,6.0,6.0,Passive,5.555555555555555,2.2857142857142856,3.2698412698412698,Unknown,,,6.0,6.0,6.0,6.0,6.0,,6.0,5.0,5.0,6.0,6.0,5.0,6.0,6.0,6.0,5.0,1.0,1.0,1.0,6.0,1.0,5.0,1.0
198570242,Jawa Timur,Surabaya,Surabaya 1,CS (KUOTA 50%),Wanita,40,36 - 40 tahun,1 tahun s/d 2 tahun 11 bulan,1 bulan sekali,Menikah,2 anak,Akademi/D3,Pegawai/Karyawan Swasta,A2 : Rp. 3.000.001 - Rp. 4.500.000,Rp. 4.500.000 - Rp 6.000.000,7.0,6.0,6.0,Passive,5.111111111111111,1.2857142857142858,3.825396825396825,Unknown,,,5.0,5.0,5.0,6.0,6.0,,6.0,6.0,5.0,5.0,5.0,5.0,5.0,5.0,5.0,5.0,1.0,1.0,2.0,2.0,1.0,1.0,1.0
198570867,Jawa Barat,Bogor,Bogor 3,Teller (KUOTA 50%),Pria,34,31 - 35 tahun,1 tahun s/d 2 tahun 11 bulan,2 minggu sekali,Menikah,1 anak,SLTA,Pegawai/Karyawan Swasta,A2 : Rp. 3.000.001 - Rp. 4.500.000,Rp. 4.500.000 - Rp 6.000.000,10.0,6.0,6.0,Promoter,6.0,1.0,5.0,Unknown,,,6.0,6.0,6.0,6.0,6.0,6.0,,6.0,6.0,6.0,6.0,6.0,6.0,6.0,6.0,6.0,1.0,1.0,1.0,1.0,1.0,1.0,1.0
198574292,Banten,Tangerang,Tangerang 4,Teller (KUOTA 50%),Wanita,42,41 - 45 tahun,1 tahun s/d 2 tahun 11 bulan,1 minggu 2 kali atau lebih,Menikah,3 anak,Sarjana (S1),Pegawai Negeri Sipil (Bukan Guru),B : Rp. 2.000.001 - Rp. 3.000.000,Rp. 4.500.000 - Rp 6.000.000,10.0,6.0,6.0,Promoter,5.444444444444445,1.0,4.444444444444445,Unknown,,3.0,6.0,6.0,6.0,6.0,6.0,6.0,6.0,6.0,6.0,6.0,6.0,6.0,1.0,6.0,6.0,6.0,1.0,1.0,1.0,1.0,1.0,1.0,1.0
198575556,DKI Jakarta,Jakarta Selatan,Jakarta Selatan 1,Teller (KUOTA 50%),Wanita,55,50 tahun dan ke atas,5 tahun atau lebih,1 bulan sekali,Menikah,1 anak,SLTA,Pensiunan,A1 : Rp. 4.500.000 - Rp 6.000.000,Rp 7.500.001- Rp 9.000.000,10.0,6.0,6.0,Promoter,6.0,1.0,5.0,Satisfied,4.0,,6.0,6.0,6.0,6.0,6.0,6.0,,6.0,6.0,6.0,6.0,6.0,6.0,6.0,6.0,6.0,1.0,1.0,1.0,1.0,1.0,1.0,1.0
198582204,DKI Jakarta,Jakarta Selatan,Jakarta Selatan 1,Teller (KUOTA 50%),Pria,53,50 tahun dan ke atas,5 tahun atau lebih,1 bulan sekali,Menikah,2 anak,Sarjana (S1),Pegawai Negeri Sipil (Guru),A1 : Rp. 4.500.000 - Rp 6.000.000,Rp 6.000.001 - Rp 7.500.000,10.0,6.0,6.0,Promoter,6.0,1.0,5.0,Satisfied,4.0,,6.0,6.0,6.0,6.0,6.0,6.0,,6.0,6.0,6.0,6.0,6.0,6.0,6.0,6.0,6.0,1.0,1.0,1.0,1.0,1.0,1.0,1.0
198585016,DKI Jakarta,Jakarta Selatan,Jakarta Selatan 3,CS (KUOTA 50%),Wanita,35,31 - 35 tahun,3 tahun s/d 4 tahun 11 bulan,1 bulan sekali,Menikah,1 anak,SLTA,Pegawai/Karyawan Swasta,A1 : Rp. 4.500.000 - Rp 6.000.000,Rp 6.000.001 - Rp 7.500.000,10.0,6.0,6.0,Promoter,6.0,1.0,5.0,Unknown,,,6.0,6.0,6.0,6.0,6.0,,6.0,6.0,6.0,6.0,6.0,6.0,6.0,6.0,6.0,6.0,1.0,1.0,1.0,1.0,1.0,1.0,1.0
198586458,DKI Jakarta,Jakarta Timur,Jakarta Timur 2,Teller (KUOTA 50%),Pria,42,41 - 45 tahun,1 tahun s/d 2 tahun 11 bulan,1 bulan sekali,Menikah,2 anak,SLTA,Pegawai/Karyawan Swasta,A1 : Rp. 4.500.000 - Rp 6.000.000,Rp 6.000.001 - Rp 7.500.000,8.0,6.0,6.0,Passive,6.0,1.0,5.0,Unknown,,,6.0,6.0,6.0,6.0,6.0,6.0,,6.0,6.0,6.0,6.0,6.0,6.0,6.0,6.0,6.0,1.0,1.0,1.0,1.0,1.0,1.0,1.0
198588270,DKI Jakarta,Jakarta Timur,Jakarta Timur 1,CS (KUOTA 50%),Wanita,36,36 - 40 tahun,3 tahun s/d 4 tahun 11 bulan,2 minggu sekali,Menikah,2 anak,SLTA,Pegawai/Karyawan Swasta,A2 : Rp. 3.000.001 - Rp. 4.500.000,Rp 6.000.001 - Rp 7.500.000,10.0,6.0,6.0,Promoter,6.0,1.0,5.0,Unknown,,,6.0,6.0,6.0,6.0,6.0,6.0,6.0,6.0,6.0,6.0,6.0,6.0,6.0,6.0,6.0,6.0,1.0,1.0,1.0,1.0,1.0,1.0,1.0
198588973,DKI Jakarta,Jakarta Timur,Jakarta Timur 2,CS (KUOTA 50%),Pria,45,41 - 45 tahun,1 tahun s/d 2 tahun 11 bulan,1 bulan sekali,Menikah,3 anak,SLTA,Pegawai/Karyawan Swasta,A2 : Rp. 3.000.001 - Rp. 4.500.000,Rp. 4.500.000 - Rp 6.000.000,8.0,6.0,6.0,Passive,6.0,1.0,5.0,Unknown,,,6.0,6.0,6.0,6.0,6.0,,6.0,6.0,6.0,6.0,6.0,6.0,6.0,6.0,6.0,6.0,1.0,1.0,1.0,1.0,1.0,1.0,1.0
198591171,DKI Jakarta,Jakarta Selatan,Jakarta Selatan 2,CS (KUOTA 50%),Pria,23,20 - 25 tahun,1 tahun s/d 2 tahun 11 bulan,2 minggu sekali,Belum menikah,Tidak memiliki anak,Sarjana (S1),Pegawai/Karyawan Swasta,B : Rp. 2.000.001 - Rp. 3.000.000,Rp. 4.500.000 - Rp 6.000.000,8.0,6.0,6.0,Passive,5.555555555555555,2.142857142857143,3.4126984126984126,Unknown,,,6.0,6.0,6.0,6.0,5.0,,6.0,6.0,6.0,6.0,6.0,6.0,6.0,6.0,2.0,6.0,3.0,3.0,2.0,2.0,2.0,2.0,1.0
198594484,DKI Jakarta,Jakarta Timur,Jakarta Timur 2,Teller (KUOTA 50%),Pria,30,26 - 30 tahun,1 tahun s/d 2 tahun 11 bulan,2 minggu sekali,Belum menikah,Tidak memiliki anak,SLTA,Pegawai/Karyawan Swasta,A2 : Rp. 3.000.001 - Rp. 4.500.000,Rp. 4.500.000 - Rp 6.000.000,9.0,6.0,6.0,Promoter,6.0,1.0,5.0,Unknown,,,6.0,6.0,6.0,6.0,6.0,6.0,,6.0,6.0,6.0,6.0,6.0,6.0,6.0,6.0,6.0,1.0,1.0,1.0,1.0,1.0,1.0,1.0
198594991,DKI Jakarta,Jakarta Selatan,Jakarta Selatan 2,Teller (KUOTA 50%),Pria,40,36 - 40 tahun,5 tahun atau lebih,2 minggu sekali,Belum menikah,Tidak memiliki anak,Sarjana (S1),Pegawai/Karyawan Swasta,A2 : Rp. 3.000.001 - Rp. 4.500.000,Rp 7.500.001- Rp 9.000.000,9.0,6.0,6.0,Promoter,5.555555555555555,2.4285714285714284,3.126984126984127,Satisfied,4.0,,6.0,6.0,6.0,6.0,6.0,6.0,,6.0,6.0,6.0,6.0,2.0,6.0,6.0,6.0,6.0,2.0,1.0,2.0,2.0,6.0,2.0,2.0
198597235,Banten,Tangerang,Tangerang 1,CS (KUOTA 50%),Wanita,32,31 - 35 tahun,3 tahun s/d 4 tahun 11 bulan,2 minggu sekali,Menikah,2 anak,Akademi/D3,Tenaga Honorer,B : Rp. 2.000.001 - Rp. 3.000.000,Rp. 3.000.001 - Rp. 4.500.000,10.0,6.0,6.0,Promoter,6.0,6.0,0.0,Unknown,,,6.0,6.0,6.0,6.0,6.0,,6.0,6.0,6.0,6.0,6.0,6.0,6.0,6.0,6.0,6.0,6.0,6.0,6.0,6.0,6.0,6.0,6.0
198598401,DKI Jakarta,Jakarta Selatan,Jakarta Selatan 2,Teller (KUOTA 50%),Pria,49,46 - 50 tahun,5 tahun atau lebih,2 minggu sekali,Menikah,3 anak,SLTA,Pegawai/Karyawan Swasta,A1 : Rp. 4.500.000 - Rp 6.000.000,Rp. 4.500.000 - Rp 6.000.000,9.0,5.0,5.0,Promoter,5.222222222222222,2.0,3.2222222222222223,Satisfied,4.0,,6.0,5.0,5.0,5.0,5.0,6.0,,5.0,5.0,5.0,6.0,5.0,4.0,5.0,6.0,6.0,2.0,2.0,2.0,2.0,2.0,2.0,2.0
198603252,Sulawesi Selatan,Makassar,Makassar 1,CS (KUOTA 50%),Pria,31,31 - 35 tahun,1 tahun s/d 2 tahun 11 bulan,1 bulan sekali,Belum menikah,Tidak memiliki anak,SLTA,Pegawai/Karyawan Swasta,A2 : Rp. 3.000.001 - Rp. 4.500.000,Rp. 4.500.000 - Rp 6.000.000,10.0,6.0,6.0,Promoter,6.0,1.0,5.0,Unknown,,,6.0,6.0,6.0,6.0,6.0,,6.0,6.0,6.0,6.0,6.0,6.0,6.0,6.0,6.0,6.0,1.0,1.0,1.0,1.0,1.0,1.0,1.0
198604165,DKI Jakarta,Jakarta Selatan,Jakarta Selatan 1,Teller (KUOTA 50%),Pria,44,41 - 45 tahun,5 tahun atau lebih,1 minggu 2 kali atau lebih,Menikah,4 anak,SLTA,Pegawai/Karyawan Swasta,A2 : Rp. 3.000.001 - Rp. 4.500.000,Rp 6.000.001 - Rp 7.500.000,10.0,6.0,6.0,Promoter,6.0,1.0,5.0,Loyal Champion,4.0,3.0,6.0,6.0,6.0,6.0,6.0,6.0,,6.0,6.0,6.0,6.0,6.0,6.0,6.0,6.0,6.0,1.0,1.0,1.0,1.0,1.0,1.0,1.0
198623569,Sulawesi Selatan,Gowa,Gowa 1,Teller (KUOTA 50%),Wanita,60,50 tahun dan ke atas,5 tahun atau lebih,1 bulan sekali,Menikah,3 anak,SLTA,Pensiunan,A2 : Rp. 3.000.001 - Rp. 4.500.000,Rp. 4.500.000 - Rp 6.000.000,9.0,6.0,6.0,Promoter,6.0,1.0,5.0,Satisfied,4.0,,6.0,6.0,6.0,6.0,6.0,6.0,6.0,6.0,6.0,6.0,6.0,6.0,6.0,6.0,6.0,6.0,1.0,1.0,1.0,1.0,1.0,1.0,1.0
198627133,DKI Jakarta,Jakarta Pusat,Jakarta Pusat 1,CS (KUOTA 50%),Pria,38,36 - 40 tahun,3 tahun s/d 4 tahun 11 bulan,2 minggu sekali,Menikah,1 anak,Akademi/D3,Pegawai/Karyawan Swasta,A1 : Rp. 4.500.000 - Rp 6.000.000,Rp 6.000.001 - Rp 7.500.000,7.0,4.0,5.0,Passive,5.0,1.0,4.0,Unknown,,,4.0,5.0,5.0,6.0,5.0,,5.0,5.0,5.0,5.0,5.0,6.0,5.0,5.0,5.0,4.0,1.0,1.0,1.0,1.0,1.0,1.0,1.0
198628780,Jawa Barat,Bogor,Bogor 1,Teller (KUOTA 50%),Wanita,33,31 - 35 tahun,1 tahun s/d 2 tahun 11 bulan,1 bulan sekali,Menikah,3 anak,Sarjana (S1),Pegawai Negeri Sipil (Guru),A1.3 : Rp 9.000.001- Rp 10.500.000,Rp 20.000.001 - Rp 25.000.000,7.0,5.0,5.0,Passive,4.333333333333333,1.5714285714285714,2.761904761904762,Unknown,,,5.0,5.0,5.0,4.0,5.0,5.0,,4.0,5.0,4.0,5.0,5.0,5.0,2.0,5.0,4.0,2.0,1.0,1.0,1.0,2.0,2.0,2.0
198628938,Jawa Timur,Surabaya,Surabaya 1,CS (KUOTA 50%),Wanita,58,50 tahun dan ke atas,3 tahun s/d 4 tahun 11 bulan,1 bulan sekali,Duda / Janda,2 anak,Sarjana (S1),Dokter,B : Rp. 2.000.001 - Rp. 3.000.000,Rp. 4.500.000 - Rp 6.000.000,7.0,5.0,5.0,Passive,4.444444444444445,3.2857142857142856,1.158730158730159,Unknown,,,5.0,5.0,5.0,5.0,5.0,,3.0,4.0,5.0,5.0,5.0,5.0,5.0,4.0,3.0,4.0,4.0,2.0,2.0,2.0,4.0,4.0,5.0
198629617,Banten,Tangerang Selatan,Tangerang Selatan 2,Teller (KUOTA 50%),Pria,40,36 - 40 tahun,5 tahun atau lebih,1 minggu 2 kali atau lebih,Menikah,2 anak,SLTA,Wiraswasta/Pengusaha/Pedagang,A1 : Rp. 4.500.000 - Rp 6.000.000,Rp 9.000.001- Rp 10.500.000,10.0,6.0,6.0,Promoter,6.0,1.0,5.0,Loyal Champion,4.0,3.0,6.0,6.0,6.0,6.0,6.0,6.0,,6.0,6.0,6.0,6.0,6.0,6.0,6.0,6.0,6.0,1.0,1.0,1.0,1.0,1.0,1.0,1.0
198630513,Banten,Tangerang Selatan,Tangerang Selatan 2,CS (KUOTA 50%),Pria,31,31 - 35 tahun,5 tahun atau lebih,1 minggu sekali,Menikah,2 anak,SLTA,Pegawai/Karyawan Swasta,B : Rp. 2.000.001 - Rp. 3.000.000,Rp. 3.000.001 - Rp. 4.500.000,10.0,6.0,6.0,Promoter,6.0,1.0,5.0,Satisfied,4.0,,6.0,6.0,6.0,6.0,6.0,,6.0,6.0,6.0,6.0,6.0,6.0,6.0,6.0,6.0,6.0,1.0,1.0,1.0,1.0,1.0,1.0,1.0
198631075,Banten,Tangerang Selatan,Tangerang Selatan 2,CS (KUOTA 50%),Pria,32,31 - 35 tahun,3 tahun s/d 4 tahun 11 bulan,1 minggu 2 kali atau lebih,Menikah,2 anak,Sarjana (S1),Wiraswasta/Pengusaha/Pedagang,A1.1 : Rp 6.000.001 - Rp 7.500.000,Di atas Rp 25.000.000,10.0,6.0,6.0,Promoter,6.0,1.0,5.0,Unknown,,3.0,6.0,6.0,6.0,6.0,6.0,,6.0,6.0,6.0,6.0,6.0,6.0,6.0,6.0,6.0,6.0,1.0,1.0,1.0,1.0,1.0,1.0,1.0
198631157,Jawa Timur,Surabaya,Surabaya 1,CS (KUOTA 50%),Pria,45,41 - 45 tahun,5 tahun atau lebih,1 bulan sekali,Menikah,Tidak memiliki anak,Sarjana (S1),Pegawai/Karyawan Swasta,B : Rp. 2.000.001 - Rp. 3.000.000,Rp. 4.500.000 - Rp 6.000.000,10.0,6.0,6.0,Promoter,6.0,1.2857142857142858,4.714285714285714,Satisfied,4.0,,6.0,6.0,6.0,6.0,6.0,,6.0,6.0,6.0,6.0,6.0,6.0,6.0,6.0,6.0,6.0,1.0,2.0,1.0,1.0,1.0,1.0,2.0
198631957,DKI Jakarta,Jakarta Barat,Jakarta Barat 5,CS (KUOTA 50%),Pria,35,31 - 35 tahun,3 tahun s/d 4 tahun 11 bulan,1 minggu sekali,Menikah,1 anak,Sarjana (S1),Wiraswasta/Pengusaha/Pedagang,A1.3 : Rp 9.000.001- Rp 10.500.000,Rp 15.000.001- Rp 20.000.000,8.0,6.0,6.0,Passive,5.888888888888889,1.0,4.888888888888889,Unknown,,,5.0,5.0,5.0,5.0,6.0,,6.0,6.0,6.0,6.0,6.0,6.0,5.0,6.0,6.0,6.0,1.0,1.0,1.0,1.0,1.0,1.0,1.0
198631982,Jawa Barat,Bogor,Bogor 1,Teller (KUOTA 50%),Pria,33,31 - 35 tahun,1 tahun s/d 2 tahun 11 bulan,1 bulan sekali,Menikah,1 anak,Sarjana (S1),Pegawai Negeri Sipil (Guru),A1.2 : Rp 7.500.001- Rp 9.000.000,Rp 9.000.001- Rp 10.500.000,5.0,5.0,4.0,Detractor,4.444444444444445,1.2857142857142858,3.158730158730159,Unknown,,,4.0,5.0,5.0,4.0,5.0,5.0,,4.0,5.0,4.0,5.0,4.0,4.0,4.0,5.0,5.0,1.0,1.0,1.0,3.0,1.0,1.0,1.0
198633485,Banten,Tangerang,Tangerang 1,Teller (KUOTA 50%),Wanita,28,26 - 30 tahun,3 tahun s/d 4 tahun 11 bulan,2 minggu sekali,Menikah,2 anak,SLTA,Pegawai Negeri Sipil (Bukan Guru),A2 : Rp. 3.000.001 - Rp. 4.500.000,Rp. 4.500.000 - Rp 6.000.000,10.0,6.0,6.0,Promoter,6.0,6.0,0.0,Unknown,,,6.0,6.0,6.0,6.0,6.0,6.0,,6.0,6.0,6.0,6.0,6.0,6.0,6.0,6.0,6.0,6.0,6.0,6.0,6.0,6.0,6.0,6.0
198633713,Banten,Tangerang Selatan,Tangerang Selatan 2,CS (KUOTA 50%),Pria,48,46 - 50 tahun,5 tahun atau lebih,1 minggu 2 kali atau lebih,Duda / Janda,2 anak,SLTA,Pegawai/Karyawan Swasta,A2 : Rp. 3.000.001 - Rp. 4.500.000,Rp. 4.500.000 - Rp 6.000.000,10.0,6.0,6.0,Promoter,6.0,1.0,5.0,Loyal Champion,4.0,3.0,6.0,6.0,6.0,6.0,6.0,,6.0,6.0,6.0,6.0,6.0,6.0,6.0,6.0,6.0,6.0,1.0,1.0,1.0,1.0,1.0,1.0,1.0
198634356,Banten,Tangerang Selatan,Tangerang Selatan 2,CS (KUOTA 50%),Pria,39,36 - 40 tahun,5 tahun atau lebih,2 minggu sekali,Menikah,2 anak,SLTA,Wiraswasta/Pengusaha/Pedagang,A2 : Rp. 3.000.001 - Rp. 4.500.000,Rp 6.000.001 - Rp 7.500.000,10.0,6.0,6.0,Promoter,6.0,1.0,5.0,Satisfied,4.0,,6.0,6.0,6.0,6.0,6.0,,6.0,6.0,6.0,6.0,6.0,6.0,6.0,6.0,6.0,6.0,1.0,1.0,1.0,1.0,1.0,1.0,1.0
198634506,DKI Jakarta,Jakarta Barat,Jakarta Barat 5,Teller (KUOTA 50%),Wanita,29,26 - 30 tahun,5 tahun atau lebih,1 minggu 2 kali atau lebih,Menikah,1 anak,Sarjana (S1),Wiraswasta/Pengusaha/Pedagang,A1.4 : Rp 10.500.0001 - Rp 15.000.000,Rp 20.000.001 - Rp 25.000.000,8.0,6.0,6.0,Passive,6.0,1.7142857142857142,4.285714285714286,Passive,4.0,3.0,6.0,6.0,6.0,6.0,6.0,6.0,,6.0,6.0,6.0,6.0,6.0,6.0,6.0,6.0,6.0,1.0,1.0,1.0,1.0,1.0,6.0,1.0
198635674,Banten,Tangerang Selatan,Tangerang Selatan 2,Teller (KUOTA 50%),Wanita,24,20 - 25 tahun,3 tahun s/d 4 tahun 11 bulan,1 bulan sekali,Belum menikah,Tidak memiliki anak,Sarjana (S1),Pegawai/Karyawan Swasta,C1 : Rp. 1.500.001 - Rp. 2.000.000,Rp. 2.000.001 - Rp. 3.000.000,10.0,6.0,6.0,Promoter,6.0,1.0,5.0,Unknown,,,6.0,6.0,6.0,6.0,6.0,6.0,,6.0,6.0,6.0,6.0,6.0,6.0,6.0,6.0,6.0,1.0,1.0,1.0,1.0,1.0,1.0,1.0
198635790,Bali,Denpasar,Denpasar 2,CS (KUOTA 50%),Wanita,35,31 - 35 tahun,1 tahun s/d 2 tahun 11 bulan,1 minggu 2 kali atau lebih,Menikah,1 anak,SLTA,Pegawai/Karyawan Swasta,A2 : Rp. 3.000.001 - Rp. 4.500.000,Rp 6.000.001 - Rp 7.500.000,9.0,6.0,6.0,Promoter,6.0,1.0,5.0,Unknown,,3.0,6.0,6.0,6.0,6.0,6.0,6.0,6.0,6.0,6.0,6.0,6.0,6.0,6.0,6.0,6.0,6.0,1.0,1.0,1.0,1.0,1.0,1.0,1.0
198637103,Banten,Tangerang Selatan,Tangerang Selatan 2,CS (KUOTA 50%),Wanita,37,36 - 40 tahun,5 tahun atau lebih,1 minggu 2 kali atau lebih,Menikah,2 anak,Sarjana (S1),Pegawai/Karyawan Swasta,A1.2 : Rp 7.500.001- Rp 9.000.000,Rp 10.500.0001 - Rp 15.000.000,9.0,6.0,6.0,Promoter,6.0,1.0,5.0,Loyal Champion,4.0,3.0,6.0,6.0,6.0,6.0,6.0,,6.0,6.0,6.0,6.0,6.0,6.0,6.0,6.0,6.0,6.0,1.0,1.0,1.0,1.0,1.0,1.0,1.0
198638833,DKI Jakarta,Jakarta Selatan,Jakarta Selatan 5,CS (KUOTA 50%),Wanita,35,31 - 35 tahun,1 tahun s/d 2 tahun 11 bulan,2 minggu sekali,Menikah,1 anak,SLTA,Pegawai/Karyawan Swasta,A1.1 : Rp 6.000.001 - Rp 7.500.000,Rp 10.500.0001 - Rp 15.000.000,10.0,5.0,6.0,Promoter,5.666666666666667,1.1428571428571428,4.523809523809524,Unknown,,,6.0,6.0,6.0,6.0,6.0,,6.0,5.0,5.0,6.0,6.0,6.0,6.0,5.0,6.0,6.0,1.0,1.0,1.0,1.0,1.0,1.0,2.0
198638834,DKI Jakarta,Jakarta Selatan,Jakarta Selatan 5,CS (KUOTA 50%),Wanita,31,31 - 35 tahun,1 tahun s/d 2 tahun 11 bulan,1 bulan sekali,Menikah,2 anak,SLTA,Ibu Rumah Tangga,A1.3 : Rp 9.000.001- Rp 10.500.000,Rp 15.000.001- Rp 20.000.000,9.0,6.0,6.0,Promoter,5.444444444444445,2.0,3.4444444444444446,Unknown,,,6.0,6.0,6.0,6.0,6.0,6.0,6.0,5.0,6.0,5.0,6.0,5.0,5.0,6.0,5.0,6.0,2.0,1.0,5.0,2.0,1.0,1.0,2.0
198641938,Banten,Tangerang,Tangerang 4,Teller (KUOTA 50%),Pria,47,46 - 50 tahun,5 tahun atau lebih,1 minggu sekali,Menikah,2 anak,Sarjana (S1),Pegawai Negeri Sipil (Guru),B : Rp. 2.000.001 - Rp. 3.000.000,Rp. 4.500.000 - Rp 6.000.000,10.0,6.0,6.0,Promoter,6.0,1.0,5.0,Satisfied,4.0,,6.0,6.0,6.0,6.0,6.0,6.0,6.0,6.0,6.0,6.0,6.0,6.0,6.0,6.0,6.0,6.0,1.0,1.0,1.0,1.0,1.0,1.0,1.0
198643732,Banten,Tangerang,Tangerang 1,Teller (KUOTA 50%),Wanita,34,31 - 35 tahun,5 tahun atau lebih,2 minggu sekali,Menikah,3 anak,Sarjana (S1),Pegawai Negeri Sipil (Bukan Guru),A2 : Rp. 3.000.001 - Rp. 4.500.000,Rp. 4.500.000 - Rp 6.000.000,10.0,6.0,6.0,Promoter,6.0,6.0,0.0,Satisfied,4.0,,6.0,6.0,6.0,6.0,6.0,6.0,6.0,6.0,6.0,6.0,6.0,6.0,6.0,6.0,6.0,6.0,6.0,6.0,6.0,6.0,6.0,6.0,6.0
198644149,Banten,Tangerang Selatan,Tangerang Selatan 1,CS (KUOTA 50%),Wanita,28,26 - 30 tahun,3 tahun s/d 4 tahun 11 bulan,1 minggu 2 kali atau lebih,Menikah,Tidak memiliki anak,Akademi/D3,Pegawai/Karyawan Swasta,A1 : Rp. 4.500.000 - Rp 6.000.000,Rp 7.500.001- Rp 9.000.000,8.0,6.0,6.0,Passive,5.111111111111111,1.1428571428571428,3.968253968253968,Unknown,,3.0,5.0,5.0,5.0,5.0,5.0,,5.0,5.0,5.0,5.0,5.0,6.0,5.0,5.0,5.0,5.0,1.0,1.0,1.0,1.0,1.0,1.0,2.0
198644657,Banten,Tangerang,Tangerang 4,Teller (KUOTA 50%),Wanita,49,46 - 50 tahun,5 tahun atau lebih,2 minggu sekali,Menikah,1 anak,SLTA,Ibu Rumah Tangga,C1 : Rp. 1.500.001 - Rp. 2.000.000,Rp. 4.500.000 - Rp 6.000.000,10.0,6.0,6.0,Promoter,6.0,2.4285714285714284,3.5714285714285716,Satisfied,4.0,,6.0,6.0,6.0,6.0,6.0,6.0,6.0,6.0,6.0,6.0,6.0,6.0,6.0,6.0,6.0,6.0,1.0,1.0,6.0,6.0,1.0,1.0,1.0
198645556,Banten,Tangerang,Tangerang 1,Teller (KUOTA 50%),Wanita,43,41 - 45 tahun,3 tahun s/d 4 tahun 11 bulan,2 minggu sekali,Menikah,3 anak,Sarjana (S1),Pegawai/Karyawan Swasta,A1 : Rp. 4.500.000 - Rp 6.000.000,Rp 7.500.001- Rp 9.000.000,10.0,6.0,6.0,Promoter,6.0,6.0,0.0,Unknown,,,6.0,6.0,6.0,6.0,6.0,6.0,6.0,6.0,6.0,6.0,6.0,6.0,6.0,6.0,6.0,6.0,6.0,6.0,6.0,6.0,6.0,6.0,6.0
198646793,DKI Jakarta,Jakarta Barat,Jakarta Barat 2,CS (KUOTA 50%),Pria,28,26 - 30 tahun,3 tahun s/d 4 tahun 11 bulan,1 minggu 2 kali atau lebih,Belum menikah,Tidak memiliki anak,Sarjana (S1),Pegawai/Karyawan Swasta,A1.2 : Rp 7.500.001- Rp 9.000.000,Rp 10.500.0001 - Rp 15.000.000,8.0,6.0,6.0,Passive,5.666666666666667,1.0,4.666666666666667,Unknown,,3.0,6.0,6.0,6.0,6.0,6.0,,6.0,5.0,6.0,5.0,6.0,6.0,5.0,6.0,6.0,6.0,1.0,1.0,1.0,1.0,1.0,1.0,1.0
198646917,Banten,Tangerang Selatan,Tangerang Selatan 1,Teller (KUOTA 50%),Wanita,25,20 - 25 tahun,3 tahun s/d 4 tahun 11 bulan,2 minggu sekali,Belum menikah,Tidak memiliki anak,SLTA,Pegawai/Karyawan Swasta,A2 : Rp. 3.000.001 - Rp. 4.500.000,Rp 7.500.001- Rp 9.000.000,10.0,6.0,6.0,Promoter,6.0,1.0,5.0,Unknown,,,6.0,6.0,6.0,6.0,6.0,6.0,,6.0,6.0,6.0,6.0,6.0,6.0,6.0,6.0,6.0,1.0,1.0,1.0,1.0,1.0,1.0,1.0
198649175,Banten,Tangerang Selatan,Tangerang Selatan 1,CS (KUOTA 50%),Wanita,32,31 - 35 tahun,3 tahun s/d 4 tahun 11 bulan,2 minggu sekali,Menikah,1 anak,SLTA,Ibu Rumah Tangga,A2 : Rp. 3.000.001 - Rp. 4.500.000,Rp 7.500.001- Rp 9.000.000,10.0,6.0,6.0,Promoter,6.0,1.0,5.0,Unknown,,,6.0,6.0,6.0,6.0,6.0,,6.0,6.0,6.0,6.0,6.0,6.0,6.0,6.0,6.0,6.0,1.0,1.0,1.0,1.0,1.0,1.0,1.0
198652364,DKI Jakarta,Jakarta Barat,Jakarta Barat 2,CS (KUOTA 50%),Pria,28,26 - 30 tahun,5 tahun atau lebih,1 minggu 2 kali atau lebih,Belum menikah,Tidak memiliki anak,Sarjana (S1),Pegawai/Karyawan Swasta,A1.2 : Rp 7.500.001- Rp 9.000.000,Rp 10.500.0001 - Rp 15.000.000,8.0,6.0,6.0,Passive,6.0,1.0,5.0,Passive,4.0,3.0,6.0,6.0,6.0,6.0,6.0,,6.0,6.0,6.0,6.0,6.0,6.0,6.0,6.0,6.0,6.0,1.0,1.0,1.0,1.0,1.0,1.0,1.0
198655677,Sulawesi Selatan,Makassar,Makassar 1,Teller (KUOTA 50%),Pria,32,31 - 35 tahun,1 tahun s/d 2 tahun 11 bulan,1 bulan sekali,Menikah,1 anak,Sarjana (S1),Pegawai/Karyawan Swasta,B : Rp. 2.000.001 - Rp. 3.000.000,Rp. 3.000.001 - Rp. 4.500.000,10.0,6.0,6.0,Promoter,6.0,1.0,5.0,Unknown,,,6.0,6.0,6.0,6.0,6.0,6.0,,6.0,6.0,6.0,6.0,6.0,6.0,6.0,6.0,6.0,1.0,1.0,1.0,1.0,1.0,1.0,1.0
198663711,Banten,Tangerang,Tangerang 4,CS (KUOTA 50%),Pria,25,20 - 25 tahun,3 tahun s/d 4 tahun 11 bulan,1 minggu sekali,Belum menikah,Tidak memiliki anak,Sarjana (S1),Pegawai/Karyawan Swasta,A2 : Rp. 3.000.001 - Rp. 4.500.000,Rp 6.000.001 - Rp 7.500.000,10.0,6.0,6.0,Promoter,4.333333333333333,1.7142857142857142,2.6190476190476186,Unknown,,,6.0,5.0,6.0,6.0,6.0,6.0,6.0,6.0,6.0,6.0,6.0,1.0,1.0,1.0,6.0,6.0,1.0,1.0,1.0,6.0,1.0,1.0,1.0
198663714,DKI Jakarta,Jakarta Selatan,Jakarta Selatan 5,CS (KUOTA 50%),Wanita,22,20 - 25 tahun,1 tahun s/d 2 tahun 11 bulan,1 bulan sekali,Belum menikah,Tidak memiliki anak,Akademi/D3,Mahasiswa/i,A1.1 : Rp 6.000.001 - Rp 7.500.000,Rp 10.500.0001 - Rp 15.000.000,10.0,6.0,6.0,Promoter,5.111111111111111,2.142857142857143,2.968253968253968,Unknown,,,6.0,6.0,6.0,6.0,6.0,6.0,5.0,5.0,5.0,5.0,6.0,5.0,5.0,5.0,5.0,5.0,1.0,2.0,2.0,1.0,2.0,5.0,2.0
198666814,DKI Jakarta,Jakarta Selatan,Jakarta Selatan 5,Teller (KUOTA 50%),Wanita,25,20 - 25 tahun,1 tahun s/d 2 tahun 11 bulan,2 minggu sekali,Belum menikah,Tidak memiliki anak,Akademi/D3,Pegawai/Karyawan Swasta,A1.3 : Rp 9.000.001- Rp 10.500.000,Rp 15.000.001- Rp 20.000.000,9.0,5.0,5.0,Promoter,5.555555555555555,2.0,3.5555555555555554,Unknown,,,6.0,6.0,6.0,6.0,6.0,6.0,,5.0,6.0,6.0,5.0,5.0,6.0,5.0,6.0,6.0,1.0,6.0,2.0,1.0,1.0,1.0,2.0
198680075,Banten,Tangerang,Tangerang 1,CS (KUOTA 50%),Wanita,29,26 - 30 tahun,5 tahun atau lebih,2 minggu sekali,Menikah,2 anak,Akademi/D3,Pegawai Negeri Sipil (Bukan Guru),B : Rp. 2.000.001 - Rp. 3.000.000,Rp. 4.500.000 - Rp 6.000.000,10.0,6.0,6.0,Promoter,6.0,6.0,0.0,Satisfied,4.0,,6.0,6.0,6.0,6.0,6.0,6.0,6.0,6.0,6.0,6.0,6.0,6.0,6.0,6.0,6.0,6.0,6.0,6.0,6.0,6.0,6.0,6.0,6.0
198681713,Banten,Tangerang,Tangerang 4,CS (KUOTA 50%),Wanita,42,41 - 45 tahun,5 tahun atau lebih,2 minggu sekali,Menikah,2 anak,Sarjana (S1),Pegawai/Karyawan Swasta,A1.1 : Rp 6.000.001 - Rp 7.500.000,Rp 9.000.001- Rp 10.500.000,10.0,6.0,6.0,Promoter,6.0,6.0,0.0,Satisfied,4.0,,6.0,6.0,6.0,6.0,6.0,6.0,6.0,6.0,6.0,6.0,6.0,6.0,6.0,6.0,6.0,6.0,6.0,6.0,6.0,6.0,6.0,6.0,6.0
198684947,Sulawesi Selatan,Gowa,Gowa 1,CS (KUOTA 50%),Wanita,28,26 - 30 tahun,5 tahun atau lebih,1 bulan sekali,Belum menikah,Tidak memiliki anak,SLTA,Lainnya,A2 : Rp. 3.000.001 - Rp. 4.500.000,Rp 6.000.001 - Rp 7.500.000,10.0,6.0,6.0,Promoter,5.0,1.0,4.0,Satisfied,4.0,,5.0,5.0,5.0,5.0,5.0,,5.0,5.0,5.0,5.0,5.0,5.0,5.0,5.0,5.0,5.0,1.0,1.0,1.0,1.0,1.0,1.0,1.0
198685615,Sulawesi Selatan,Gowa,Gowa 1,Teller (KUOTA 50%),Wanita,52,50 tahun dan ke atas,3 tahun s/d 4 tahun 11 bulan,1 bulan sekali,Menikah,2 anak,SLTA,Pegawai Negeri Sipil (Guru),A2 : Rp. 3.000.001 - Rp. 4.500.000,Rp. 4.500.000 - Rp 6.000.000,9.0,6.0,6.0,Promoter,5.444444444444445,1.0,4.444444444444445,Unknown,,,6.0,6.0,6.0,6.0,6.0,6.0,6.0,6.0,1.0,6.0,6.0,6.0,6.0,6.0,6.0,6.0,1.0,1.0,1.0,1.0,1.0,1.0,1.0
198685675,DKI Jakarta,Jakarta Utara,Jakarta Utara 1,CS (KUOTA 50%),Wanita,47,46 - 50 tahun,5 tahun atau lebih,1 minggu sekali,Menikah,2 anak,SLTA,Wiraswasta/Pengusaha/Pedagang,A1.2 : Rp 7.500.001- Rp 9.000.000,Rp 10.500.0001 - Rp 15.000.000,8.0,6.0,6.0,Passive,5.444444444444445,1.1428571428571428,4.301587301587302,Passive,4.0,,6.0,6.0,6.0,6.0,6.0,,6.0,5.0,6.0,6.0,5.0,6.0,6.0,5.0,5.0,5.0,1.0,1.0,1.0,1.0,1.0,1.0,2.0
198686659,DKI Jakarta,Jakarta Selatan,Jakarta Selatan 4,CS (KUOTA 50%),Pria,37,36 - 40 tahun,5 tahun atau lebih,1 bulan sekali,Menikah,3 anak,SLTA,Pegawai/Karyawan Swasta,A2 : Rp. 3.000.001 - Rp. 4.500.000,Rp. 4.500.000 - Rp 6.000.000,10.0,6.0,6.0,Promoter,6.0,1.8571428571428572,4.142857142857142,Satisfied,4.0,,6.0,5.0,6.0,6.0,6.0,,6.0,6.0,6.0,6.0,6.0,6.0,6.0,6.0,6.0,6.0,2.0,2.0,2.0,2.0,2.0,1.0,2.0
198687035,Sulawesi Selatan,Gowa,Gowa 1,CS (KUOTA 50%),Wanita,40,36 - 40 tahun,3 tahun s/d 4 tahun 11 bulan,1 bulan sekali,Menikah,2 anak,Sarjana (S1),Pegawai Negeri Sipil (Guru),A1 : Rp. 4.500.000 - Rp 6.000.000,Rp 7.500.001- Rp 9.000.000,9.0,6.0,6.0,Promoter,6.0,1.0,5.0,Unknown,,,6.0,6.0,6.0,6.0,6.0,6.0,6.0,6.0,6.0,6.0,6.0,6.0,6.0,6.0,6.0,6.0,1.0,1.0,1.0,1.0,1.0,1.0,1.0
198687190,DKI Jakarta,Jakarta Selatan,Jakarta Selatan 4,CS (KUOTA 50%),Pria,28,26 - 30 tahun,5 tahun atau lebih,2 minggu sekali,Menikah,Tidak memiliki anak,Sarjana (S1),Pegawai/Karyawan Swasta,A2 : Rp. 3.000.001 - Rp. 4.500.000,Rp. 4.500.000 - Rp 6.000.000,10.0,6.0,6.0,Promoter,6.0,2.5714285714285716,3.4285714285714284,Satisfied,4.0,,6.0,6.0,6.0,6.0,6.0,,6.0,6.0,6.0,6.0,6.0,6.0,6.0,6.0,6.0,6.0,2.0,2.0,2.0,6.0,2.0,2.0,2.0
198687262,Kalimantan Timur,Samarinda,Samarinda 1,CS (KUOTA 50%),Pria,55,50 tahun dan ke atas,1 bulan s/d 3 bulan,2 minggu sekali,Menikah,4 anak,Paska Sarjana (S2),Pegawai Negeri Sipil (Bukan Guru),A1 : Rp. 4.500.000 - Rp 6.000.000,Rp 10.500.0001 - Rp 15.000.000,10.0,6.0,6.0,Promoter,6.0,1.0,5.0,Unknown,,,6.0,5.0,6.0,6.0,6.0,,6.0,6.0,6.0,6.0,6.0,6.0,6.0,6.0,6.0,6.0,1.0,1.0,1.0,1.0,1.0,1.0,1.0
198687263,Kalimantan Timur,Samarinda,Samarinda 1,Teller (KUOTA 50%),Wanita,43,41 - 45 tahun,1 bulan s/d 3 bulan,1 bulan sekali,Menikah,3 anak,SLTA,Ibu Rumah Tangga,A1 : Rp. 4.500.000 - Rp 6.000.000,Rp 7.500.001- Rp 9.000.000,10.0,6.0,6.0,Promoter,6.0,1.0,5.0,Unknown,,,6.0,6.0,6.0,6.0,6.0,6.0,6.0,6.0,6.0,6.0,6.0,6.0,6.0,6.0,6.0,6.0,1.0,1.0,1.0,1.0,1.0,1.0,1.0
198687780,Sulawesi Selatan,Gowa,Gowa 1,Teller (KUOTA 50%),Wanita,29,26 - 30 tahun,3 tahun s/d 4 tahun 11 bulan,1 bulan sekali,Duda / Janda,2 anak,SLTA,Wiraswasta/Pengusaha/Pedagang,A2 : Rp. 3.000.001 - Rp. 4.500.000,Rp. 4.500.000 - Rp 6.000.000,10.0,6.0,6.0,Promoter,6.0,1.0,5.0,Unknown,,,6.0,6.0,6.0,6.0,6.0,6.0,,6.0,6.0,6.0,6.0,6.0,6.0,6.0,6.0,6.0,1.0,1.0,1.0,1.0,1.0,1.0,1.0
198687877,DKI Jakarta,Jakarta Selatan,Jakarta Selatan 4,Teller (KUOTA 50%),Pria,33,31 - 35 tahun,5 tahun atau lebih,1 bulan sekali,Menikah,4 anak,SLTA,Pegawai/Karyawan Swasta,A1 : Rp. 4.500.000 - Rp 6.000.000,Rp. 4.500.000 - Rp 6.000.000,8.0,6.0,6.0,Passive,5.888888888888889,1.8571428571428572,4.031746031746032,Passive,4.0,,6.0,6.0,6.0,6.0,6.0,6.0,,6.0,6.0,6.0,5.0,6.0,6.0,6.0,6.0,6.0,2.0,1.0,2.0,2.0,2.0,2.0,2.0
198689189,Sulawesi Selatan,Gowa,Gowa 1,CS (KUOTA 50%),Wanita,32,31 - 35 tahun,1 tahun s/d 2 tahun 11 bulan,1 bulan sekali,Belum menikah,Tidak memiliki anak,Akademi/D3,Lainnya,A2 : Rp. 3.000.001 - Rp. 4.500.000,Rp 7.500.001- Rp 9.000.000,10.0,6.0,6.0,Promoter,6.0,1.0,5.0,Unknown,,,6.0,6.0,5.0,6.0,6.0,,6.0,6.0,6.0,6.0,6.0,6.0,6.0,6.0,6.0,6.0,1.0,1.0,1.0,1.0,1.0,1.0,1.0
198689910,Sulawesi Selatan,Gowa,Gowa 1,Teller (KUOTA 50%),Wanita,27,26 - 30 tahun,1 tahun s/d 2 tahun 11 bulan,1 bulan sekali,Menikah,Tidak memiliki anak,Akademi/D3,Ibu Rumah Tangga,B : Rp. 2.000.001 - Rp. 3.000.000,Rp. 4.500.000 - Rp 6.000.000,10.0,6.0,6.0,Promoter,6.0,1.0,5.0,Unknown,,,6.0,6.0,6.0,6.0,6.0,6.0,,6.0,6.0,6.0,6.0,6.0,6.0,6.0,6.0,6.0,1.0,1.0,1.0,1.0,1.0,1.0,1.0
198690140,Jawa Barat,Depok,Depok 2,Teller (KUOTA 50%),Pria,25,20 - 25 tahun,1 tahun s/d 2 tahun 11 bulan,1 minggu 2 kali atau lebih,Belum menikah,1 anak,Akademi/D3,Pegawai Negeri Sipil (Guru),B : Rp. 2.000.001 - Rp. 3.000.000,Rp 6.000.001 - Rp 7.500.000,10.0,6.0,6.0,Promoter,6.0,1.0,5.0,Unknown,,3.0,6.0,6.0,6.0,6.0,6.0,6.0,,6.0,6.0,6.0,6.0,6.0,6.0,6.0,6.0,6.0,1.0,1.0,1.0,1.0,1.0,1.0,1.0
198690141,Jawa Barat,Depok,Depok 2,CS (KUOTA 50%),Pria,40,36 - 40 tahun,5 tahun atau lebih,1 minggu sekali,Menikah,1 anak,SLTA,Pegawai/Karyawan Swasta,A2 : Rp. 3.000.001 - Rp. 4.500.000,Rp 6.000.001 - Rp 7.500.000,10.0,6.0,6.0,Promoter,6.0,1.0,5.0,Satisfied,4.0,,6.0,6.0,6.0,6.0,6.0,,6.0,6.0,6.0,6.0,6.0,6.0,6.0,6.0,6.0,6.0,1.0,1.0,1.0,1.0,1.0,1.0,1.0
198691157,DKI Jakarta,Jakarta Selatan,Jakarta Selatan 4,Teller (KUOTA 50%),Pria,42,41 - 45 tahun,5 tahun atau lebih,2 minggu sekali,Menikah,2 anak,Akademi/D3,Wiraswasta/Pengusaha/Pedagang,A1 : Rp. 4.500.000 - Rp 6.000.000,Rp 6.000.001 - Rp 7.500.000,8.0,6.0,6.0,Passive,6.0,1.7142857142857142,4.285714285714286,Passive,4.0,,6.0,6.0,6.0,6.0,6.0,6.0,,6.0,6.0,6.0,6.0,6.0,6.0,6.0,6.0,6.0,2.0,1.0,2.0,1.0,2.0,2.0,2.0
198693349,DKI Jakarta,Jakarta Selatan,Jakarta Selatan 5,Teller (KUOTA 50%),Wanita,20,20 - 25 tahun,1 tahun s/d 2 tahun 11 bulan,1 bulan sekali,Belum menikah,Tidak memiliki anak,Akademi/D3,Pegawai/Karyawan Swasta,A1.1 : Rp 6.000.001 - Rp 7.500.000,Rp 10.500.0001 - Rp 15.000.000,9.0,6.0,6.0,Promoter,5.555555555555555,1.8571428571428572,3.698412698412698,Unknown,,,6.0,6.0,6.0,6.0,6.0,6.0,,6.0,5.0,6.0,6.0,5.0,6.0,5.0,5.0,6.0,1.0,2.0,2.0,2.0,2.0,2.0,2.0
198694105,Sulawesi Selatan,Makassar,Makassar 1,Teller (KUOTA 50%),Wanita,45,41 - 45 tahun,3 tahun s/d 4 tahun 11 bulan,1 bulan sekali,Menikah,3 anak,SLTA,Pegawai Negeri Sipil (Guru),A2 : Rp. 3.000.001 - Rp. 4.500.000,Rp 6.000.001 - Rp 7.500.000,10.0,6.0,6.0,Promoter,6.0,1.0,5.0,Unknown,,,6.0,6.0,6.0,6.0,6.0,6.0,,6.0,6.0,6.0,6.0,6.0,6.0,6.0,6.0,6.0,1.0,1.0,1.0,1.0,1.0,1.0,1.0
198694400,DKI Jakarta,Jakarta Selatan,Jakarta Selatan 4,Teller (KUOTA 50%),Wanita,49,46 - 50 tahun,5 tahun atau lebih,2 minggu sekali,Menikah,2 anak,SLTA,Pegawai/Karyawan Swasta,A1 : Rp. 4.500.000 - Rp 6.000.000,Rp 6.000.001 - Rp 7.500.000,8.0,6.0,5.0,Passive,5.333333333333333,1.7142857142857142,3.6190476190476186,Passive,4.0,,6.0,6.0,6.0,6.0,6.0,6.0,,5.0,5.0,6.0,5.0,5.0,5.0,5.0,6.0,6.0,2.0,1.0,2.0,2.0,2.0,1.0,2.0
198694401,DKI Jakarta,Jakarta Selatan,Jakarta Selatan 4,Teller (KUOTA 50%),Wanita,28,26 - 30 tahun,5 tahun atau lebih,1 bulan sekali,Menikah,Tidak memiliki anak,Sarjana (S1),Pegawai/Karyawan Swasta,A1 : Rp. 4.500.000 - Rp 6.000.000,Rp. 3.000.001 - Rp. 4.500.000,10.0,6.0,5.0,Promoter,5.444444444444445,1.4285714285714286,4.015873015873016,Satisfied,4.0,,6.0,6.0,6.0,6.0,6.0,6.0,,5.0,6.0,5.0,5.0,6.0,5.0,6.0,5.0,6.0,2.0,1.0,1.0,1.0,2.0,1.0,2.0
198694402,DKI Jakarta,Jakarta Selatan,Jakarta Selatan 4,Teller (KUOTA 50%),Wanita,31,31 - 35 tahun,5 tahun atau lebih,1 bulan sekali,Menikah,Tidak memiliki anak,Sarjana (S1),Pegawai/Karyawan Swasta,B : Rp. 2.000.001 - Rp. 3.000.000,Rp. 4.500.000 - Rp 6.000.000,9.0,6.0,6.0,Promoter,5.333333333333333,2.142857142857143,3.1904761904761902,Satisfied,4.0,,6.0,6.0,6.0,6.0,6.0,6.0,,6.0,5.0,6.0,5.0,5.0,6.0,5.0,5.0,5.0,6.0,1.0,2.0,2.0,2.0,1.0,1.0
198694403,DKI Jakarta,Jakarta Selatan,Jakarta Selatan 4,Teller (KUOTA 50%),Wanita,33,31 - 35 tahun,5 tahun atau lebih,2 minggu sekali,Belum menikah,Tidak memiliki anak,Sarjana (S1),Pegawai/Karyawan Swasta,B : Rp. 2.000.001 - Rp. 3.000.000,Rp. 4.500.000 - Rp 6.000.000,10.0,6.0,5.0,Promoter,5.444444444444445,2.857142857142857,2.5873015873015874,Satisfied,4.0,,6.0,6.0,6.0,6.0,6.0,6.0,,5.0,6.0,6.0,5.0,5.0,6.0,6.0,4.0,6.0,2.0,1.0,1.0,2.0,2.0,6.0,6.0
198694492,Sulawesi Selatan,Makassar,Makassar 1,CS (KUOTA 50%),Wanita,34,31 - 35 tahun,3 tahun s/d 4 tahun 11 bulan,1 bulan sekali,Menikah,Tidak memiliki anak,Akademi/D3,Ibu Rumah Tangga,B : Rp. 2.000.001 - Rp. 3.000.000,Rp. 4.500.000 - Rp 6.000.000,10.0,6.0,6.0,Promoter,6.0,1.0,5.0,Unknown,,,6.0,6.0,6.0,6.0,6.0,,6.0,6.0,6.0,6.0,6.0,6.0,6.0,6.0,6.0,6.0,1.0,1.0,1.0,1.0,1.0,1.0,1.0
198694697,Banten,Tangerang,Tangerang 4,CS (KUOTA 50%),Pria,50,46 - 50 tahun,5 tahun atau lebih,2 minggu sekali,Menikah,4 anak,Akademi/D3,Pegawai Negeri Sipil (Bukan Guru),A2 : Rp. 3.000.001 - Rp. 4.500.000,Rp 6.000.001 - Rp 7.500.000,10.0,6.0,6.0,Promoter,6.0,6.0,0.0,Satisfied,4.0,,6.0,6.0,6.0,6.0,6.0,6.0,6.0,6.0,6.0,6.0,6.0,6.0,6.0,6.0,6.0,6.0,6.0,6.0,6.0,6.0,6.0,6.0,6.0
198694718,DKI Jakarta,Jakarta Selatan,Jakarta Selatan 5,Teller (KUOTA 50%),Wanita,20,20 - 25 tahun,1 tahun s/d 2 tahun 11 bulan,1 bulan sekali,Belum menikah,Tidak memiliki anak,SLTA,Pegawai/Karyawan Swasta,A1.1 : Rp 6.000.001 - Rp 7.500.000,Rp 9.000.001- Rp 10.500.000,9.0,6.0,5.0,Promoter,5.777777777777778,1.1428571428571428,4.634920634920634,Unknown,,,6.0,6.0,6.0,6.0,6.0,6.0,,6.0,6.0,6.0,6.0,6.0,5.0,5.0,6.0,6.0,1.0,1.0,1.0,1.0,2.0,1.0,1.0
198695068,DKI Jakarta,Jakarta Selatan,Jakarta Selatan 5,CS (KUOTA 50%),Wanita,40,36 - 40 tahun,1 tahun s/d 2 tahun 11 bulan,1 bulan sekali,Menikah,2 anak,SLTA,Ibu Rumah Tangga,A1.3 : Rp 9.000.001- Rp 10.500.000,Rp 15.000.001- Rp 20.000.000,10.0,6.0,6.0,Promoter,6.0,1.7142857142857142,4.285714285714286,Unknown,,,6.0,6.0,6.0,6.0,6.0,6.0,6.0,6.0,6.0,6.0,6.0,6.0,6.0,6.0,6.0,6.0,1.0,1.0,1.0,1.0,1.0,6.0,1.0
198695389,Banten,Tangerang,Tangerang 4,CS (KUOTA 50%),Pria,47,46 - 50 tahun,5 tahun atau lebih,2 minggu sekali,Menikah,3 anak,Sarjana (S1),Pegawai Negeri Sipil (Bukan Guru),A2 : Rp. 3.000.001 - Rp. 4.500.000,Rp 6.000.001 - Rp 7.500.000,10.0,6.0,6.0,Promoter,6.0,6.0,0.0,Satisfied,4.0,,6.0,6.0,6.0,6.0,6.0,6.0,6.0,6.0,6.0,6.0,6.0,6.0,6.0,6.0,6.0,6.0,6.0,6.0,6.0,6.0,6.0,6.0,6.0
198696514,DKI Jakarta,Jakarta Selatan,Jakarta Selatan 4,CS (KUOTA 50%),Pria,30,26 - 30 tahun,5 tahun atau lebih,1 bulan sekali,Belum menikah,Tidak memiliki anak,Sarjana (S1),Pegawai/Karyawan Swasta,A2 : Rp. 3.000.001 - Rp. 4.500.000,Rp 7.500.001- Rp 9.000.000,8.0,6.0,6.0,Passive,5.555555555555555,2.4285714285714284,3.126984126984127,Passive,4.0,,6.0,6.0,6.0,6.0,6.0,,6.0,5.0,5.0,5.0,6.0,6.0,5.0,6.0,6.0,6.0,2.0,1.0,6.0,2.0,2.0,2.0,2.0
198698661,DKI Jakarta,Jakarta Timur,Jakarta Timur 2,CS (KUOTA 50%),Wanita,55,50 tahun dan ke atas,5 tahun atau lebih,1 bulan sekali,Menikah,2 anak,SLTA,Pensiunan,A1 : Rp. 4.500.000 - Rp 6.000.000,Rp 9.000.001- Rp 10.500.000,8.0,6.0,6.0,Passive,6.0,1.8571428571428572,4.142857142857142,Passive,4.0,,6.0,6.0,6.0,6.0,6.0,6.0,6.0,6.0,6.0,6.0,6.0,6.0,6.0,6.0,6.0,6.0,2.0,1.0,2.0,2.0,2.0,2.0,2.0
198704433,Jawa Timur,Surabaya,Surabaya 2,Teller (KUOTA 50%),Wanita,30,26 - 30 tahun,3 tahun s/d 4 tahun 11 bulan,1 bulan sekali,Menikah,Tidak memiliki anak,Sarjana (S1),Pegawai Negeri Sipil (Bukan Guru),A1 : Rp. 4.500.000 - Rp 6.000.000,Rp. 4.500.000 - Rp 6.000.000,7.0,6.0,6.0,Passive,6.0,1.0,5.0,Unknown,,,6.0,6.0,6.0,6.0,5.0,6.0,,6.0,6.0,6.0,6.0,6.0,6.0,6.0,6.0,6.0,1.0,1.0,1.0,1.0,1.0,1.0,1.0
198704434,Jawa Timur,Surabaya,Surabaya 2,Teller (KUOTA 50%),Wanita,27,26 - 30 tahun,1 tahun s/d 2 tahun 11 bulan,1 bulan sekali,Belum menikah,Tidak memiliki anak,Sarjana (S1),Pegawai Negeri Sipil (Bukan Guru),A1 : Rp. 4.500.000 - Rp 6.000.000,Rp. 4.500.000 - Rp 6.000.000,9.0,6.0,6.0,Promoter,5.888888888888889,1.0,4.888888888888889,Unknown,,,6.0,6.0,6.0,6.0,6.0,6.0,,6.0,6.0,6.0,6.0,6.0,6.0,6.0,6.0,5.0,1.0,1.0,1.0,1.0,1.0,1.0,1.0
198704435,Jawa Timur,Surabaya,Surabaya 2,CS (KUOTA 50%),Wanita,41,41 - 45 tahun,5 tahun atau lebih,1 bulan sekali,Menikah,3 anak,SLTA,Pegawai/Karyawan Swasta,A2 : Rp. 3.000.001 - Rp. 4.500.000,Rp. 4.500.000 - Rp 6.000.000,8.0,6.0,6.0,Passive,5.777777777777778,1.0,4.777777777777778,Passive,4.0,,6.0,6.0,6.0,6.0,6.0,,6.0,6.0,6.0,6.0,6.0,6.0,6.0,5.0,5.0,6.0,1.0,1.0,1.0,1.0,1.0,1.0,1.0
198704436,Jawa Timur,Surabaya,Surabaya 2,CS (KUOTA 50%),Wanita,20,20 - 25 tahun,1 tahun s/d 2 tahun 11 bulan,1 bulan sekali,Belum menikah,Tidak memiliki anak,SLTA,Pegawai/Karyawan Swasta,A1 : Rp. 4.500.000 - Rp 6.000.000,Rp. 4.500.000 - Rp 6.000.000,9.0,6.0,6.0,Promoter,6.0,1.0,5.0,Unknown,,,6.0,6.0,6.0,6.0,6.0,,6.0,6.0,6.0,6.0,6.0,6.0,6.0,6.0,6.0,6.0,1.0,1.0,1.0,1.0,1.0,1.0,1.0
198704437,Jawa Timur,Surabaya,Surabaya 2,CS (KUOTA 50%),Pria,27,26 - 30 tahun,1 tahun s/d 2 tahun 11 bulan,1 bulan sekali,Menikah,2 anak,SLTA,Pegawai/Karyawan Swasta,A2 : Rp. 3.000.001 - Rp. 4.500.000,Rp. 3.000.001 - Rp. 4.500.000,10.0,6.0,6.0,Promoter,6.0,1.0,5.0,Unknown,,,6.0,6.0,6.0,6.0,6.0,,6.0,6.0,6.0,6.0,6.0,6.0,6.0,6.0,6.0,6.0,1.0,1.0,1.0,1.0,1.0,1.0,1.0
198705069,DKI Jakarta,Jakarta Selatan,Jakarta Selatan 1,CS (KUOTA 50%),Pria,54,50 tahun dan ke atas,5 tahun atau lebih,1 bulan sekali,Menikah,2 anak,SLTA,Pensiunan,A1 : Rp. 4.500.000 - Rp 6.000.000,Rp 6.000.001 - Rp 7.500.000,9.0,6.0,6.0,Promoter,6.0,1.4285714285714286,4.571428571428571,Satisfied,4.0,,6.0,6.0,6.0,6.0,6.0,,6.0,6.0,6.0,6.0,6.0,6.0,6.0,6.0,6.0,6.0,1.0,2.0,2.0,1.0,2.0,1.0,1.0
198705070,DKI Jakarta,Jakarta Selatan,Jakarta Selatan 1,CS (KUOTA 50%),Pria,40,36 - 40 tahun,5 tahun atau lebih,2 minggu sekali,Menikah,2 anak,SLTA,Pegawai/Karyawan Swasta,A1 : Rp. 4.500.000 - Rp 6.000.000,Rp 7.500.001- Rp 9.000.000,10.0,6.0,6.0,Promoter,6.0,1.7142857142857142,4.285714285714286,Satisfied,4.0,,6.0,6.0,6.0,6.0,6.0,,6.0,6.0,6.0,6.0,6.0,6.0,6.0,6.0,6.0,6.0,2.0,2.0,1.0,2.0,2.0,1.0,2.0
198708410,DKI Jakarta,Jakarta Selatan,Jakarta Selatan 5,CS (KUOTA 50%),Wanita,27,26 - 30 tahun,1 tahun s/d 2 tahun 11 bulan,1 bulan sekali,Belum menikah,Tidak memiliki anak,SLTA,Wiraswasta/Pengusaha/Pedagang,A1.2 : Rp 7.500.001- Rp 9.000.000,Rp 15.000.001- Rp 20.000.000,10.0,6.0,6.0,Promoter,5.444444444444445,1.7142857142857142,3.7301587301587302,Unknown,,,6.0,6.0,6.0,6.0,6.0,,6.0,6.0,6.0,6.0,6.0,6.0,1.0,6.0,6.0,6.0,1.0,1.0,1.0,1.0,6.0,1.0,1.0
198715311,Banten,Tangerang,Tangerang 4,CS (KUOTA 50%),Wanita,49,46 - 50 tahun,5 tahun atau lebih,1 bulan sekali,Menikah,4 anak,SLTA,Ibu Rumah Tangga,B : Rp. 2.000.001 - Rp. 3.000.000,Rp 6.000.001 - Rp 7.500.000,9.0,6.0,6.0,Promoter,6.0,1.0,5.0,Satisfied,4.0,,6.0,6.0,6.0,6.0,6.0,6.0,6.0,6.0,6.0,6.0,6.0,6.0,6.0,6.0,6.0,6.0,1.0,1.0,1.0,1.0,1.0,1.0,1.0
198720855,DKI Jakarta,Jakarta Selatan,Jakarta Selatan 4,CS (KUOTA 50%),Pria,29,26 - 30 tahun,5 tahun atau lebih,2 minggu sekali,Menikah,1 anak,Sarjana (S1),Pegawai/Karyawan Swasta,A1 : Rp. 4.500.000 - Rp 6.000.000,Rp. 4.500.000 - Rp 6.000.000,9.0,6.0,6.0,Promoter,5.777777777777778,1.8571428571428572,3.9206349206349205,Satisfied,4.0,,6.0,6.0,6.0,6.0,6.0,,6.0,6.0,6.0,6.0,6.0,6.0,6.0,6.0,5.0,5.0,1.0,1.0,1.0,2.0,1.0,2.0,5.0
198722862,Sulawesi Selatan,Gowa,Gowa 1,CS (KUOTA 50%),Pria,44,41 - 45 tahun,3 tahun s/d 4 tahun 11 bulan,1 bulan sekali,Menikah,2 anak,Sarjana (S1),Pegawai Negeri Sipil (Guru),A1 : Rp. 4.500.000 - Rp 6.000.000,Rp 6.000.001 - Rp 7.500.000,10.0,6.0,6.0,Promoter,6.0,1.0,5.0,Unknown,,,6.0,6.0,6.0,6.0,6.0,6.0,6.0,6.0,6.0,6.0,6.0,6.0,6.0,6.0,6.0,6.0,1.0,1.0,1.0,1.0,1.0,1.0,1.0
198729091,DKI Jakarta,Jakarta Selatan,Jakarta Selatan 3,CS (KUOTA 50%),Wanita,56,50 tahun dan ke atas,5 tahun atau lebih,1 bulan sekali,Menikah,4 anak,Sarjana (S1),Pensiunan,A1 : Rp. 4.500.000 - Rp 6.000.000,Rp 6.000.001 - Rp 7.500.000,9.0,6.0,6.0,Promoter,6.0,1.0,5.0,Satisfied,4.0,,6.0,6.0,6.0,6.0,6.0,,6.0,6.0,6.0,6.0,6.0,6.0,6.0,6.0,6.0,6.0,1.0,1.0,1.0,1.0,1.0,1.0,1.0
198733198,DKI Jakarta,Jakarta Selatan,Jakarta Selatan 4,CS (KUOTA 50%),Pria,28,26 - 30 tahun,3 tahun s/d 4 tahun 11 bulan,1 bulan sekali,Menikah,1 anak,Sarjana (S1),Pegawai/Karyawan Swasta,A2 : Rp. 3.000.001 - Rp. 4.500.000,Rp. 4.500.000 - Rp 6.000.000,10.0,6.0,5.0,Promoter,6.0,1.7142857142857142,4.285714285714286,Unknown,,,6.0,6.0,6.0,6.0,6.0,,6.0,6.0,6.0,6.0,6.0,6.0,6.0,6.0,6.0,6.0,2.0,1.0,1.0,2.0,2.0,2.0,2.0
198737016,DKI Jakarta,Jakarta Selatan,Jakarta Selatan 4,CS (KUOTA 50%),Pria,40,36 - 40 tahun,5 tahun atau lebih,1 bulan sekali,Menikah,2 anak,SLTA,Pegawai/Karyawan Swasta,A2 : Rp. 3.000.001 - Rp. 4.500.000,Rp. 4.500.000 - Rp 6.000.000,9.0,6.0,6.0,Promoter,6.0,1.7142857142857142,4.285714285714286,Satisfied,4.0,,6.0,6.0,6.0,6.0,6.0,,6.0,6.0,6.0,6.0,6.0,6.0,6.0,6.0,6.0,6.0,2.0,2.0,2.0,1.0,2.0,2.0,1.0
198737772,Kalimantan Timur,Balikpapan,Balikpapan 1,CS (KUOTA 50%),Wanita,33,31 - 35 tahun,1 tahun s/d 2 tahun 11 bulan,1 bulan sekali,Menikah,2 anak,Sarjana (S1),Ibu Rumah Tangga,A1.1 : Rp 6.000.001 - Rp 7.500.000,Rp 20.000.001 - Rp 25.000.000,10.0,6.0,6.0,Promoter,6.0,3.0,3.0,Unknown,,,6.0,6.0,6.0,6.0,6.0,,6.0,6.0,6.0,6.0,6.0,6.0,6.0,6.0,6.0,6.0,3.0,3.0,3.0,3.0,3.0,3.0,3.0
198737875,DKI Jakarta,Jakarta Selatan,Jakarta Selatan 4,CS (KUOTA 50%),Wanita,28,26 - 30 tahun,3 tahun s/d 4 tahun 11 bulan,1 bulan sekali,Menikah,1 anak,Sarjana (S1),Pegawai/Karyawan Swasta,A2 : Rp. 3.000.001 - Rp. 4.500.000,Rp. 4.500.000 - Rp 6.000.000,10.0,6.0,6.0,Promoter,5.888888888888889,1.7142857142857142,4.174603174603175,Unknown,,,6.0,6.0,6.0,6.0,6.0,,6.0,5.0,6.0,6.0,6.0,6.0,6.0,6.0,6.0,6.0,1.0,2.0,2.0,2.0,1.0,2.0,2.0
198739166,Banten,Tangerang Selatan,Tangerang Selatan 1,Teller (KUOTA 50%),Pria,25,20 - 25 tahun,3 tahun s/d 4 tahun 11 bulan,1 minggu sekali,Belum menikah,Tidak memiliki anak,Akademi/D3,Pegawai/Karyawan Swasta,A1 : Rp. 4.500.000 - Rp 6.000.000,Rp 6.000.001 - Rp 7.500.000,8.0,6.0,6.0,Passive,5.0,1.1428571428571428,3.857142857142857,Unknown,,,5.0,5.0,5.0,5.0,5.0,6.0,,5.0,5.0,5.0,5.0,5.0,5.0,5.0,5.0,5.0,1.0,1.0,1.0,1.0,1.0,2.0,1.0
198743344,DKI Jakarta,Jakarta Selatan,Jakarta Selatan 2,CS (KUOTA 50%),Wanita,27,26 - 30 tahun,1 tahun s/d 2 tahun 11 bulan,1 bulan sekali,Belum menikah,Tidak memiliki anak,Sarjana (S1),Pegawai/Karyawan Swasta,B : Rp. 2.000.001 - Rp. 3.000.000,Rp. 4.500.000 - Rp 6.000.000,9.0,6.0,6.0,Promoter,6.0,1.7142857142857142,4.285714285714286,Unknown,,,6.0,6.0,6.0,6.0,6.0,,6.0,6.0,6.0,6.0,6.0,6.0,6.0,6.0,6.0,6.0,2.0,1.0,2.0,2.0,1.0,2.0,2.0
198743345,DKI Jakarta,Jakarta Selatan,Jakarta Selatan 2,Teller (KUOTA 50%),Pria,38,36 - 40 tahun,5 tahun atau lebih,1 bulan sekali,Menikah,3 anak,SLTA,Wiraswasta/Pengusaha/Pedagang,A1 : Rp. 4.500.000 - Rp 6.000.000,Rp 7.500.001- Rp 9.000.000,9.0,6.0,6.0,Promoter,5.666666666666667,2.0,3.666666666666667,Satisfied,4.0,,6.0,6.0,6.0,6.0,6.0,6.0,,6.0,5.0,5.0,6.0,6.0,5.0,6.0,6.0,6.0,2.0,2.0,2.0,2.0,2.0,2.0,2.0
198757494,DKI Jakarta,Jakarta Selatan,Jakarta Selatan 5,CS (KUOTA 50%),Wanita,40,36 - 40 tahun,1 tahun s/d 2 tahun 11 bulan,1 bulan sekali,Menikah,2 anak,SLTA,Ibu Rumah Tangga,A1.1 : Rp 6.000.001 - Rp 7.500.000,Rp 10.500.0001 - Rp 15.000.000,10.0,6.0,6.0,Promoter,5.777777777777778,1.2857142857142858,4.492063492063492,Unknown,,,6.0,6.0,6.0,6.0,6.0,,6.0,6.0,6.0,6.0,6.0,6.0,5.0,6.0,5.0,6.0,1.0,1.0,1.0,1.0,2.0,2.0,1.0
198758828,DKI Jakarta,Jakarta Selatan,Jakarta Selatan 5,Teller (KUOTA 50%),Wanita,35,31 - 35 tahun,1 tahun s/d 2 tahun 11 bulan,1 bulan sekali,Menikah,2 anak,SLTA,Pegawai/Karyawan Swasta,A1.3 : Rp 9.000.001- Rp 10.500.000,Rp 10.500.0001 - Rp 15.000.000,10.0,6.0,6.0,Promoter,5.111111111111111,1.2857142857142858,3.825396825396825,Unknown,,,5.0,6.0,6.0,6.0,6.0,6.0,,5.0,5.0,5.0,5.0,5.0,6.0,5.0,5.0,5.0,1.0,1.0,1.0,2.0,2.0,1.0,1.0
198761358,Banten,Tangerang Selatan,Tangerang Selatan 1,Teller (KUOTA 50%),Pria,45,41 - 45 tahun,3 tahun s/d 4 tahun 11 bulan,1 minggu sekali,Menikah,4 anak,SLTA,Pegawai/Karyawan Swasta,A1 : Rp. 4.500.000 - Rp 6.000.000,Rp 6.000.001 - Rp 7.500.000,10.0,6.0,6.0,Promoter,6.0,1.0,5.0,Unknown,,,6.0,6.0,6.0,6.0,6.0,6.0,,6.0,6.0,6.0,6.0,6.0,6.0,6.0,6.0,6.0,1.0,1.0,1.0,1.0,1.0,1.0,1.0
198763560,DKI Jakarta,Jakarta Selatan,Jakarta Selatan 2,Teller (KUOTA 50%),Wanita,24,20 - 25 tahun,5 tahun atau lebih,1 bulan sekali,Menikah,Tidak memiliki anak,SLTA,Pegawai/Karyawan Swasta,B : Rp. 2.000.001 - Rp. 3.000.000,Rp. 4.500.000 - Rp 6.000.000,9.0,6.0,6.0,Promoter,5.0,1.7142857142857142,3.2857142857142856,Satisfied,4.0,,6.0,6.0,6.0,6.0,6.0,5.0,,5.0,5.0,5.0,5.0,5.0,5.0,5.0,5.0,5.0,2.0,2.0,2.0,1.0,2.0,1.0,2.0
198764344,Kalimantan Timur,Samarinda,Samarinda 1,Teller (KUOTA 50%),Wanita,36,36 - 40 tahun,1 tahun s/d 2 tahun 11 bulan,1 minggu 2 kali atau lebih,Menikah,2 anak,SLTA,Pegawai/Karyawan Swasta,A1 : Rp. 4.500.000 - Rp 6.000.000,Rp 6.000.001 - Rp 7.500.000,9.0,6.0,5.0,Promoter,6.0,1.0,5.0,Unknown,,3.0,6.0,4.0,5.0,6.0,6.0,6.0,6.0,6.0,6.0,6.0,6.0,6.0,6.0,6.0,6.0,6.0,1.0,1.0,1.0,1.0,1.0,1.0,1.0
198764637,Banten,Lebak,Lebak 1,Teller (KUOTA 50%),Wanita,37,36 - 40 tahun,3 tahun s/d 4 tahun 11 bulan,1 bulan sekali,Menikah,3 anak,SLTA,Ibu Rumah Tangga,A2 : Rp. 3.000.001 - Rp. 4.500.000,Rp. 4.500.000 - Rp 6.000.000,10.0,6.0,6.0,Promoter,6.0,2.4285714285714284,3.5714285714285716,Unknown,,,6.0,6.0,6.0,6.0,6.0,6.0,,6.0,6.0,6.0,6.0,6.0,6.0,6.0,6.0,6.0,6.0,1.0,1.0,6.0,1.0,1.0,1.0
198765623,Kalimantan Timur,Samarinda,Samarinda 1,CS (KUOTA 50%),Wanita,43,41 - 45 tahun,5 tahun atau lebih,1 bulan sekali,Menikah,4 anak,Sarjana (S1),Pegawai Negeri Sipil (Bukan Guru),A1 : Rp. 4.500.000 - Rp 6.000.000,Rp 6.000.001 - Rp 7.500.000,10.0,6.0,6.0,Promoter,5.888888888888889,4.428571428571429,1.4603174603174605,Satisfied,4.0,,6.0,5.0,5.0,6.0,6.0,,6.0,6.0,6.0,6.0,6.0,5.0,6.0,6.0,6.0,6.0,1.0,1.0,5.0,6.0,6.0,6.0,6.0
198771266,DKI Jakarta,Jakarta Selatan,Jakarta Selatan 5,CS (KUOTA 50%),Wanita,35,31 - 35 tahun,1 tahun s/d 2 tahun 11 bulan,1 bulan sekali,Menikah,1 anak,SLTA,Pegawai/Karyawan Swasta,A1.4 : Rp 10.500.0001 - Rp 15.000.000,Rp 15.000.001- Rp 20.000.000,9.0,6.0,6.0,Promoter,5.111111111111111,1.1428571428571428,3.968253968253968,Unknown,,,6.0,5.0,6.0,6.0,6.0,,6.0,5.0,5.0,6.0,5.0,6.0,5.0,5.0,4.0,5.0,1.0,2.0,1.0,1.0,1.0,1.0,1.0
198773437,Banten,Tangerang Selatan,Tangerang Selatan 1,CS (KUOTA 50%),Pria,42,41 - 45 tahun,3 tahun s/d 4 tahun 11 bulan,1 bulan sekali,Menikah,4 anak,Akademi/D3,Pegawai/Karyawan Swasta,A1.2 : Rp 7.500.001- Rp 9.000.000,Rp 10.500.0001 - Rp 15.000.000,10.0,6.0,6.0,Promoter,6.0,1.0,5.0,Unknown,,,6.0,6.0,6.0,6.0,6.0,,6.0,6.0,6.0,6.0,6.0,6.0,6.0,6.0,6.0,6.0,1.0,1.0,1.0,1.0,1.0,1.0,1.0
198804972,DKI Jakarta,Jakarta Selatan,Jakarta Selatan 5,Teller (KUOTA 50%),Wanita,22,20 - 25 tahun,1 tahun s/d 2 tahun 11 bulan,1 bulan sekali,Belum menikah,Tidak memiliki anak,Sarjana (S1),Dokter,A1.3 : Rp 9.000.001- Rp 10.500.000,Rp 15.000.001- Rp 20.000.000,9.0,6.0,6.0,Promoter,5.555555555555555,2.0,3.5555555555555554,Unknown,,,6.0,6.0,6.0,6.0,6.0,6.0,,5.0,5.0,6.0,6.0,6.0,6.0,5.0,5.0,6.0,1.0,1.0,1.0,6.0,2.0,1.0,2.0
198813848,Banten,Tangerang Selatan,Tangerang Selatan 1,CS (KUOTA 50%),Wanita,30,26 - 30 tahun,3 tahun s/d 4 tahun 11 bulan,2 minggu sekali,Menikah,1 anak,SLTA,Ibu Rumah Tangga,A1 : Rp. 4.500.000 - Rp 6.000.000,Rp 7.500.001- Rp 9.000.000,8.0,6.0,6.0,Passive,5.333333333333333,1.1428571428571428,4.19047619047619,Unknown,,,6.0,6.0,6.0,6.0,6.0,,6.0,6.0,6.0,5.0,5.0,5.0,5.0,5.0,6.0,5.0,1.0,1.0,1.0,1.0,1.0,2.0,1.0
198813908,Banten,Tangerang Selatan,Tangerang Selatan 1,Teller (KUOTA 50%),Wanita,29,26 - 30 tahun,3 tahun s/d 4 tahun 11 bulan,1 bulan sekali,Menikah,1 anak,Akademi/D3,Pegawai/Karyawan Swasta,A1 : Rp. 4.500.000 - Rp 6.000.000,Rp 7.500.001- Rp 9.000.000,9.0,6.0,6.0,Promoter,5.888888888888889,1.0,4.888888888888889,Unknown,,,6.0,6.0,6.0,6.0,6.0,6.0,,6.0,6.0,6.0,6.0,6.0,6.0,5.0,6.0,6.0,1.0,1.0,1.0,1.0,1.0,1.0,1.0
198816018,Jawa Barat,Bekasi,Bekasi 4,Teller (KUOTA 50%),Wanita,30,26 - 30 tahun,3 tahun s/d 4 tahun 11 bulan,1 bulan sekali,Belum menikah,Tidak memiliki anak,Sarjana (S1),Pegawai/Karyawan Swasta,A2 : Rp. 3.000.001 - Rp. 4.500.000,Rp. 4.500.000 - Rp 6.000.000,10.0,6.0,6.0,Promoter,6.0,1.0,5.0,Unknown,,,6.0,6.0,6.0,6.0,6.0,6.0,,6.0,6.0,6.0,6.0,6.0,6.0,6.0,6.0,6.0,1.0,1.0,1.0,1.0,1.0,1.0,1.0
198818809,DKI Jakarta,Jakarta Selatan,Jakarta Selatan 5,Teller (KUOTA 50%),Wanita,25,20 - 25 tahun,1 tahun s/d 2 tahun 11 bulan,1 bulan sekali,Belum menikah,Tidak memiliki anak,SLTA,Ibu Rumah Tangga,A1.1 : Rp 6.000.001 - Rp 7.500.000,Rp 10.500.0001 - Rp 15.000.000,10.0,6.0,6.0,Promoter,5.888888888888889,6.0,-0.11111111111111072,Unknown,,,6.0,6.0,6.0,6.0,6.0,6.0,,6.0,6.0,6.0,6.0,6.0,5.0,6.0,6.0,6.0,6.0,6.0,6.0,6.0,6.0,6.0,6.0
198818810,DKI Jakarta,Jakarta Selatan,Jakarta Selatan 5,CS (KUOTA 50%),Wanita,30,26 - 30 tahun,1 tahun s/d 2 tahun 11 bulan,1 bulan sekali,Belum menikah,Tidak memiliki anak,Sarjana (S1),Pegawai/Karyawan Swasta,A1.2 : Rp 7.500.001- Rp 9.000.000,Rp 15.000.001- Rp 20.000.000,9.0,6.0,6.0,Promoter,5.333333333333333,1.8571428571428572,3.476190476190476,Unknown,,,6.0,6.0,6.0,6.0,6.0,,6.0,5.0,5.0,6.0,5.0,6.0,6.0,5.0,5.0,5.0,2.0,1.0,1.0,1.0,1.0,1.0,6.0
198872612,Jawa Barat,Bandung Barat,Bandung Barat 1,CS (KUOTA 50%),Wanita,52,50 tahun dan ke atas,5 tahun atau lebih,2 minggu sekali,Menikah,2 anak,SLTA,Pegawai Negeri Sipil (Guru),C1 : Rp. 1.500.001 - Rp. 2.000.000,Rp. 3.000.001 - Rp. 4.500.000,10.0,6.0,6.0,Promoter,6.0,1.7142857142857142,4.285714285714286,Satisfied,4.0,,6.0,6.0,6.0,6.0,6.0,,6.0,6.0,6.0,6.0,6.0,6.0,6.0,6.0,6.0,6.0,1.0,1.0,1.0,1.0,1.0,6.0,1.0
198895261,Banten,Tangerang,Tangerang 4,CS (KUOTA 50%),Pria,57,50 tahun dan ke atas,1 tahun s/d 2 tahun 11 bulan,2 minggu sekali,Menikah,3 anak,Sarjana (S1),Pegawai Negeri Sipil (Guru),A2 : Rp. 3.000.001 - Rp. 4.500.000,Rp 6.000.001 - Rp 7.500.000,5.0,6.0,6.0,Detractor,5.888888888888889,1.4285714285714286,4.4603174603174605,Unknown,,,5.0,5.0,5.0,6.0,6.0,,6.0,5.0,6.0,6.0,6.0,6.0,6.0,6.0,6.0,6.0,2.0,1.0,1.0,2.0,2.0,1.0,1.0
198923337,Banten,Tangerang,Tangerang 3,CS (KUOTA 50%),Pria,33,31 - 35 tahun,5 tahun atau lebih,1 minggu 2 kali atau lebih,Menikah,Tidak memiliki anak,SLTA,Wiraswasta/Pengusaha/Pedagang,A1.7 : Di atas Rp 25.000.000,Rp 6.000.001 - Rp 7.500.000,9.0,6.0,6.0,Promoter,6.0,1.7142857142857142,4.285714285714286,Loyal Champion,4.0,3.0,6.0,6.0,6.0,6.0,6.0,,6.0,6.0,6.0,6.0,6.0,6.0,6.0,6.0,6.0,6.0,1.0,1.0,1.0,1.0,1.0,6.0,1.0
198926584,DKI Jakarta,Jakarta Barat,Jakarta Barat 3,Teller (KUOTA 50%),Wanita,34,31 - 35 tahun,3 tahun s/d 4 tahun 11 bulan,1 minggu 2 kali atau lebih,Menikah,1 anak,Akademi/D3,Pegawai/Karyawan Swasta,A1.2 : Rp 7.500.001- Rp 9.000.000,Rp 7.500.001- Rp 9.000.000,7.0,4.0,4.0,Passive,5.333333333333333,1.5714285714285714,3.761904761904762,Unknown,,3.0,6.0,5.0,6.0,5.0,6.0,6.0,,6.0,5.0,6.0,5.0,6.0,5.0,4.0,5.0,6.0,1.0,1.0,1.0,5.0,1.0,1.0,1.0
198927638,DKI Jakarta,Jakarta Barat,Jakarta Barat 3,CS (KUOTA 50%),Pria,50,46 - 50 tahun,5 tahun atau lebih,1 minggu 2 kali atau lebih,Menikah,2 anak,Akademi/D3,Pegawai/Karyawan Swasta,A1.5 : Rp 15.000.001- Rp 20.000.000,Rp 10.500.0001 - Rp 15.000.000,9.0,5.0,5.0,Promoter,5.444444444444445,1.7142857142857142,3.7301587301587302,Loyal Champion,4.0,3.0,6.0,6.0,6.0,6.0,6.0,,6.0,6.0,6.0,6.0,6.0,6.0,6.0,6.0,6.0,1.0,1.0,1.0,1.0,6.0,1.0,1.0,1.0
198950975,Kalimantan Timur,Samarinda,Samarinda 1,CS (KUOTA 50%),Wanita,40,36 - 40 tahun,3 tahun s/d 4 tahun 11 bulan,1 bulan sekali,Menikah,4 anak,Sarjana (S1),Pegawai Negeri Sipil (Bukan Guru),A1.1 : Rp 6.000.001 - Rp 7.500.000,Rp 9.000.001- Rp 10.500.000,10.0,6.0,6.0,Promoter,6.0,1.7142857142857142,4.285714285714286,Unknown,,,6.0,6.0,6.0,6.0,6.0,6.0,6.0,6.0,6.0,6.0,6.0,6.0,6.0,6.0,6.0,6.0,1.0,1.0,1.0,1.0,1.0,1.0,6.0
198973936,Banten,Tangerang,Tangerang 4,Teller (KUOTA 50%),Pria,34,31 - 35 tahun,5 tahun atau lebih,1 minggu sekali,Menikah,2 anak,SLTA,Wiraswasta/Pengusaha/Pedagang,A1 : Rp. 4.500.000 - Rp 6.000.000,Rp 6.000.001 - Rp 7.500.000,9.0,6.0,6.0,Promoter,6.0,1.0,5.0,Satisfied,4.0,,6.0,6.0,6.0,6.0,6.0,6.0,,6.0,6.0,6.0,6.0,6.0,6.0,6.0,6.0,6.0,1.0,1.0,1.0,1.0,1.0,1.0,1.0
198979434,DKI Jakarta,Jakarta Pusat,Jakarta Pusat 1,CS (KUOTA 50%),Wanita,35,31 - 35 tahun,1 tahun s/d 2 tahun 11 bulan,2 minggu sekali,Menikah,2 anak,Sarjana (S1),Guru (Non PNS),A1 : Rp. 4.500.000 - Rp 6.000.000,Rp 7.500.001- Rp 9.000.000,8.0,6.0,5.0,Passive,5.111111111111111,5.0,0.11111111111111072,Unknown,,,5.0,5.0,5.0,5.0,5.0,,5.0,5.0,5.0,5.0,6.0,5.0,5.0,5.0,5.0,5.0,5.0,5.0,5.0,5.0,5.0,5.0,5.0
198980418,Kalimantan Timur,Balikpapan,Balikpapan 1,CS (KUOTA 50%),Wanita,50,46 - 50 tahun,3 tahun s/d 4 tahun 11 bulan,2 minggu sekali,Duda / Janda,Tidak memiliki anak,SLTA,Pegawai Negeri Sipil (Bukan Guru),A2 : Rp. 3.000.001 - Rp. 4.500.000,Rp 6.000.001 - Rp 7.500.000,10.0,6.0,6.0,Promoter,6.0,1.0,5.0,Unknown,,,6.0,6.0,6.0,6.0,6.0,,6.0,6.0,6.0,6.0,6.0,6.0,6.0,6.0,6.0,6.0,1.0,1.0,1.0,1.0,1.0,1.0,1.0
198981788,DKI Jakarta,Jakarta Barat,Jakarta Barat 2,Teller (KUOTA 50%),Pria,29,26 - 30 tahun,3 tahun s/d 4 tahun 11 bulan,1 minggu 2 kali atau lebih,Menikah,1 anak,Sarjana (S1),Pegawai/Karyawan Swasta,A1.3 : Rp 9.000.001- Rp 10.500.000,Rp 10.500.0001 - Rp 15.000.000,8.0,5.0,5.0,Passive,5.0,1.0,4.0,Unknown,,3.0,6.0,6.0,6.0,6.0,5.0,6.0,,5.0,5.0,5.0,6.0,5.0,5.0,4.0,5.0,5.0,1.0,1.0,1.0,1.0,1.0,1.0,1.0
198992333,DKI Jakarta,Jakarta Pusat,Jakarta Pusat 1,Teller (KUOTA 50%),Pria,37,36 - 40 tahun,1 tahun s/d 2 tahun 11 bulan,2 minggu sekali,Menikah,2 anak,SLTA,Pegawai/Karyawan Swasta,A1 : Rp. 4.500.000 - Rp 6.000.000,Rp 9.000.001- Rp 10.500.000,9.0,6.0,6.0,Promoter,5.777777777777778,1.5714285714285714,4.2063492063492065,Unknown,,,5.0,6.0,5.0,6.0,6.0,5.0,,5.0,6.0,6.0,6.0,6.0,6.0,6.0,5.0,6.0,1.0,1.0,1.0,1.0,5.0,1.0,1.0
198993880,DKI Jakarta,Jakarta Pusat,Jakarta Pusat 1,CS (KUOTA 50%),Wanita,32,31 - 35 tahun,3 tahun s/d 4 tahun 11 bulan,1 minggu sekali,Menikah,1 anak,SLTA,Pegawai/Karyawan Swasta,A1 : Rp. 4.500.000 - Rp 6.000.000,Rp 9.000.001- Rp 10.500.000,9.0,6.0,6.0,Promoter,5.555555555555555,5.857142857142857,-0.3015873015873014,Unknown,,,6.0,6.0,6.0,6.0,6.0,,6.0,5.0,6.0,6.0,5.0,6.0,5.0,6.0,6.0,5.0,6.0,6.0,6.0,6.0,6.0,5.0,6.0
198994601,Jawa Timur,Surabaya,Surabaya 2,Teller (KUOTA 50%),Wanita,37,36 - 40 tahun,3 tahun s/d 4 tahun 11 bulan,1 bulan sekali,Menikah,2 anak,Sarjana (S1),Pegawai Negeri Sipil (Bukan Guru),A1.1 : Rp 6.000.001 - Rp 7.500.000,Rp 6.000.001 - Rp 7.500.000,10.0,6.0,6.0,Promoter,6.0,1.0,5.0,Unknown,,,6.0,5.0,6.0,6.0,6.0,5.0,,6.0,6.0,6.0,6.0,6.0,6.0,6.0,6.0,6.0,1.0,1.0,1.0,1.0,1.0,1.0,1.0
199001236,Jawa Timur,Surabaya,Surabaya 2,CS (KUOTA 50%),Pria,45,41 - 45 tahun,5 tahun atau lebih,2 minggu sekali,Menikah,2 anak,Sarjana (S1),Pegawai Negeri Sipil (Bukan Guru),A1 : Rp. 4.500.000 - Rp 6.000.000,Rp 6.000.001 - Rp 7.500.000,9.0,6.0,6.0,Promoter,6.0,1.0,5.0,Satisfied,4.0,,6.0,6.0,6.0,6.0,6.0,,6.0,6.0,6.0,6.0,6.0,6.0,6.0,6.0,6.0,6.0,1.0,1.0,1.0,1.0,1.0,1.0,1.0
199033650,Jawa Barat,Bandung,Bandung 2,CS (KUOTA 50%),Wanita,28,26 - 30 tahun,3 tahun s/d 4 tahun 11 bulan,2 minggu sekali,Menikah,2 anak,SLTA,Pegawai/Karyawan Swasta,A1.1 : Rp 6.000.001 - Rp 7.500.000,Rp 7.500.001- Rp 9.000.000,9.0,5.0,5.0,Promoter,4.555555555555555,1.7142857142857142,2.841269841269841,Unknown,,,5.0,5.0,5.0,5.0,6.0,,5.0,4.0,6.0,4.0,5.0,5.0,4.0,4.0,5.0,4.0,2.0,1.0,2.0,1.0,2.0,2.0,2.0
199067168,Kalimantan Timur,Samarinda,Samarinda 1,Teller (KUOTA 50%),Pria,17,17 -19 tahun,3 bulan s/d 11 bulan,1 bulan sekali,Belum menikah,Tidak memiliki anak,SLTP,Mahasiswa/i,C1 : Rp. 1.500.001 - Rp. 2.000.000,Rp. 1.500.001 - Rp. 2.000.000,10.0,6.0,6.0,Promoter,6.0,1.0,5.0,Unknown,,,6.0,6.0,6.0,6.0,6.0,6.0,6.0,6.0,6.0,6.0,6.0,6.0,6.0,6.0,6.0,6.0,1.0,1.0,1.0,1.0,1.0,1.0,1.0
199075656,Kalimantan Timur,Balikpapan,Balikpapan 1,CS (KUOTA 50%),Wanita,45,41 - 45 tahun,3 tahun s/d 4 tahun 11 bulan,1 bulan sekali,Menikah,3 anak,Sarjana (S1),Pegawai Negeri Sipil (Guru),A1.1 : Rp 6.000.001 - Rp 7.500.000,Rp 7.500.001- Rp 9.000.000,10.0,6.0,6.0,Promoter,6.0,1.0,5.0,Unknown,,,6.0,6.0,6.0,6.0,6.0,6.0,6.0,6.0,6.0,6.0,6.0,6.0,6.0,6.0,6.0,6.0,1.0,1.0,1.0,1.0,1.0,1.0,1.0
199112053,Jawa Barat,Bandung,Bandung 7,CS (KUOTA 50%),Wanita,34,31 - 35 tahun,3 tahun s/d 4 tahun 11 bulan,2 minggu sekali,Menikah,2 anak,Akademi/D3,Wiraswasta/Pengusaha/Pedagang,A1 : Rp. 4.500.000 - Rp 6.000.000,Rp 7.500.001- Rp 9.000.000,9.0,5.0,5.0,Promoter,5.111111111111111,1.1428571428571428,3.968253968253968,Unknown,,,5.0,5.0,5.0,5.0,5.0,,5.0,6.0,5.0,5.0,5.0,5.0,5.0,5.0,5.0,5.0,1.0,1.0,1.0,1.0,1.0,1.0,2.0
199132809,Kalimantan Timur,Balikpapan,Balikpapan 1,Teller (KUOTA 50%),Pria,56,50 tahun dan ke atas,3 tahun s/d 4 tahun 11 bulan,1 bulan sekali,Menikah,4 anak,Sarjana (S1),Pegawai Negeri Sipil (Bukan Guru),A2 : Rp. 3.000.001 - Rp. 4.500.000,Rp. 4.500.000 - Rp 6.000.000,8.0,6.0,5.0,Passive,5.555555555555555,1.2857142857142858,4.26984126984127,Unknown,,,6.0,6.0,6.0,6.0,6.0,6.0,,5.0,6.0,6.0,6.0,6.0,5.0,6.0,5.0,5.0,1.0,1.0,1.0,1.0,1.0,2.0,2.0
199219615,Kalimantan Timur,Balikpapan,Balikpapan 1,CS (KUOTA 50%),Wanita,36,36 - 40 tahun,1 tahun s/d 2 tahun 11 bulan,1 bulan sekali,Duda / Janda,4 anak,Akademi/D3,Pegawai Negeri Sipil (Bukan Guru),A1.3 : Rp 9.000.001- Rp 10.500.000,Rp 10.500.0001 - Rp 15.000.000,10.0,6.0,6.0,Promoter,6.0,1.0,5.0,Unknown,,,6.0,6.0,6.0,6.0,6.0,,6.0,6.0,6.0,6.0,6.0,6.0,6.0,6.0,6.0,6.0,1.0,1.0,1.0,1.0,1.0,1.0,1.0
199241070,Kalimantan Timur,Balikpapan,Balikpapan 1,Teller (KUOTA 50%),Pria,51,50 tahun dan ke atas,5 tahun atau lebih,2 minggu sekali,Menikah,3 anak,SLTA,Pegawai Negeri Sipil (Guru),A1 : Rp. 4.500.000 - Rp 6.000.000,Rp. 4.500.000 - Rp 6.000.000,9.0,5.0,5.0,Promoter,5.111111111111111,5.0,0.11111111111111072,Satisfied,4.0,,5.0,5.0,5.0,5.0,6.0,6.0,,5.0,4.0,5.0,5.0,6.0,5.0,5.0,5.0,6.0,5.0,5.0,5.0,5.0,5.0,5.0,5.0
199271790,Kalimantan Timur,Balikpapan,Balikpapan 1,CS (KUOTA 50%),Pria,19,17 -19 tahun,3 bulan s/d 11 bulan,1 bulan sekali,Belum menikah,Tidak memiliki anak,SLTA,Tenaga Honorer,C1 : Rp. 1.500.001 - Rp. 2.000.000,Rp. 3.000.001 - Rp. 4.500.000,7.0,4.0,4.0,Passive,4.0,3.4285714285714284,0.5714285714285716,Unknown,,,4.0,4.0,4.0,4.0,4.0,4.0,4.0,4.0,4.0,4.0,4.0,4.0,4.0,4.0,4.0,4.0,4.0,4.0,2.0,4.0,4.0,3.0,3.0
199280494,Kalimantan Timur,Balikpapan,Balikpapan 1,Teller (KUOTA 50%),Wanita,43,41 - 45 tahun,5 tahun atau lebih,1 bulan sekali,Menikah,1 anak,Sarjana (S1),Pegawai Negeri Sipil (Bukan Guru),A1.5 : Rp 15.000.001- Rp 20.000.000,Di atas Rp 25.000.000,9.0,6.0,6.0,Promoter,5.0,1.0,4.0,Satisfied,4.0,,5.0,5.0,5.0,5.0,5.0,5.0,,5.0,5.0,5.0,5.0,5.0,5.0,5.0,5.0,5.0,1.0,1.0,1.0,1.0,1.0,1.0,1.0
199286226,Kalimantan Timur,Balikpapan,Balikpapan 1,Teller (KUOTA 50%),Pria,47,46 - 50 tahun,3 tahun s/d 4 tahun 11 bulan,1 bulan sekali,Menikah,2 anak,SLTA,Polisi / Tentara / Militer,A2 : Rp. 3.000.001 - Rp. 4.500.000,Rp 6.000.001 - Rp 7.500.000,7.0,4.0,4.0,Passive,4.0,2.0,2.0,Unknown,,,4.0,4.0,4.0,4.0,4.0,4.0,4.0,4.0,4.0,4.0,4.0,4.0,4.0,4.0,4.0,4.0,2.0,2.0,2.0,2.0,2.0,2.0,2.0
199300504,Kalimantan Timur,Balikpapan,Balikpapan 1,Teller (KUOTA 50%),Wanita,40,36 - 40 tahun,5 tahun atau lebih,1 bulan sekali,Menikah,2 anak,Sarjana (S1),Pegawai Negeri Sipil (Guru),A1.3 : Rp 9.000.001- Rp 10.500.000,Rp 15.000.001- Rp 20.000.000,8.0,5.0,5.0,Passive,5.222222222222222,1.4285714285714286,3.7936507936507935,Passive,4.0,,5.0,5.0,6.0,6.0,5.0,6.0,,5.0,5.0,5.0,6.0,5.0,5.0,5.0,5.0,6.0,1.0,1.0,1.0,4.0,1.0,1.0,1.0
199302376,Kalimantan Timur,Balikpapan,Balikpapan 1,Teller (KUOTA 50%),Wanita,34,31 - 35 tahun,1 tahun s/d 2 tahun 11 bulan,1 minggu sekali,Menikah,2 anak,Sarjana (S1),Pegawai Negeri Sipil (Bukan Guru),A1.3 : Rp 9.000.001- Rp 10.500.000,Rp 15.000.001- Rp 20.000.000,8.0,5.0,5.0,Passive,4.777777777777778,2.0,2.7777777777777777,Unknown,,,5.0,5.0,5.0,5.0,5.0,5.0,,5.0,5.0,5.0,5.0,5.0,5.0,3.0,5.0,5.0,2.0,2.0,2.0,2.0,2.0,2.0,2.0
199354826,Kalimantan Timur,Samarinda,Samarinda 1,Teller (KUOTA 50%),Wanita,35,31 - 35 tahun,5 tahun atau lebih,1 bulan sekali,Menikah,1 anak,Sarjana (S1),Ibu Rumah Tangga,A1.1 : Rp 6.000.001 - Rp 7.500.000,Rp 10.500.0001 - Rp 15.000.000,8.0,5.0,5.0,Passive,5.0,1.0,4.0,Passive,4.0,,5.0,5.0,5.0,5.0,5.0,5.0,,5.0,5.0,5.0,5.0,5.0,5.0,5.0,5.0,5.0,1.0,1.0,1.0,1.0,1.0,1.0,1.0
